Fitter report for insertSort
Mon Mar 07 19:29:20 2022
Version 5.0 Build 148 04/26/2005 SJ Full Version


---------------------
; Table of Contents ;
---------------------
  1. Legal Notice
  2. Fitter Summary
  3. Fitter Settings
  4. Fitter Device Options
  5. Fitter Equations
  6. Pin-Out File
  7. Fitter Resource Usage Summary
  8. Input Pins
  9. Output Pins
 10. I/O Bank Usage
 11. All Package Pins
 12. Output Pin Default Load For Reported TCO
 13. Fitter Resource Utilization by Entity
 14. Delay Chain Summary
 15. Pad To Core Delay Chain Fanout
 16. Control Signals
 17. Global & Other Fast Signals
 18. Non-Global High Fan-Out Signals
 19. Interconnect Usage Summary
 20. LAB Logic Elements
 21. LAB-wide Signals
 22. LAB Signals Sourced
 23. LAB Signals Sourced Out
 24. LAB Distinct Inputs
 25. Fitter Messages



----------------
; Legal Notice ;
----------------
Copyright (C) 1991-2005 Altera Corporation
Your use of Altera Corporation's design tools, logic functions 
and other software and tools, and its AMPP partner logic       
functions, and any output files any of the foregoing           
(including device programming or simulation files), and any    
associated documentation or information are expressly subject  
to the terms and conditions of the Altera Program License      
Subscription Agreement, Altera MegaCore Function License       
Agreement, or other applicable license agreement, including,   
without limitation, that your use is for the sole purpose of   
programming logic devices manufactured by Altera and sold by   
Altera or its authorized distributors.  Please refer to the    
applicable agreement for further details.



+---------------------------------------------------------------------+
; Fitter Summary                                                      ;
+--------------------------+------------------------------------------+
; Fitter Status            ; Successful - Mon Mar 07 19:29:20 2022    ;
; Quartus II Version       ; 5.0 Build 148 04/26/2005 SJ Full Version ;
; Revision Name            ; insertSort                               ;
; Top-level Entity Name    ; insertSort                               ;
; Family                   ; Stratix                                  ;
; Device                   ; EP1S20F780C5                             ;
; Timing Models            ; Final                                    ;
; Total logic elements     ; 909 / 18,460 ( 4 % )                     ;
; Total pins               ; 517 / 587 ( 88 % )                       ;
; Total virtual pins       ; 0                                        ;
; Total memory bits        ; 0 / 1,669,248 ( 0 % )                    ;
; DSP block 9-bit elements ; 0 / 80 ( 0 % )                           ;
; Total PLLs               ; 0 / 6 ( 0 % )                            ;
; Total DLLs               ; 0 / 2 ( 0 % )                            ;
+--------------------------+------------------------------------------+


+----------------------------------------------------------------------------------------------------------------------+
; Fitter Settings                                                                                                      ;
+----------------------------------------------------+--------------------------------+--------------------------------+
; Option                                             ; Setting                        ; Default Value                  ;
+----------------------------------------------------+--------------------------------+--------------------------------+
; Device                                             ; AUTO                           ;                                ;
; Use smart compilation                              ; Off                            ; Off                            ;
; Placement Effort Multiplier                        ; 1.0                            ; 1.0                            ;
; Router Effort Multiplier                           ; 1.0                            ; 1.0                            ;
; Optimize Hold Timing                               ; IO Paths and Minimum TPD Paths ; IO Paths and Minimum TPD Paths ;
; Optimize Fast-Corner Timing                        ; Off                            ; Off                            ;
; Optimize Timing                                    ; Normal compilation             ; Normal compilation             ;
; Optimize IOC Register Placement for Timing         ; On                             ; On                             ;
; Limit to One Fitting Attempt                       ; Off                            ; Off                            ;
; Final Placement Optimizations                      ; Automatically                  ; Automatically                  ;
; Fitter Initial Placement Seed                      ; 1                              ; 1                              ;
; Slow Slew Rate                                     ; Off                            ; Off                            ;
; PCI I/O                                            ; Off                            ; Off                            ;
; Weak Pull-Up Resistor                              ; Off                            ; Off                            ;
; Enable Bus-Hold Circuitry                          ; Off                            ; Off                            ;
; Auto Global Memory Control Signals                 ; Off                            ; Off                            ;
; Auto Packed Registers -- Stratix/Stratix GX        ; Auto                           ; Auto                           ;
; Auto Delay Chains                                  ; On                             ; On                             ;
; Auto Merge PLLs                                    ; On                             ; On                             ;
; Perform Physical Synthesis for Combinational Logic ; Off                            ; Off                            ;
; Perform Register Duplication                       ; Off                            ; Off                            ;
; Perform Register Retiming                          ; Off                            ; Off                            ;
; Fitter Effort                                      ; Auto Fit                       ; Auto Fit                       ;
; Physical Synthesis Effort Level                    ; Normal                         ; Normal                         ;
; Logic Cell Insertion - Logic Duplication           ; Auto                           ; Auto                           ;
; Auto Register Duplication                          ; Off                            ; Off                            ;
; Auto Global Clock                                  ; On                             ; On                             ;
; Auto Global Register Control Signals               ; On                             ; On                             ;
+----------------------------------------------------+--------------------------------+--------------------------------+


+-------------------------------------------------------------------------+
; Fitter Device Options                                                   ;
+----------------------------------------------+--------------------------+
; Option                                       ; Setting                  ;
+----------------------------------------------+--------------------------+
; Enable user-supplied start-up clock (CLKUSR) ; Off                      ;
; Enable device-wide reset (DEV_CLRn)          ; Off                      ;
; Enable device-wide output enable (DEV_OE)    ; Off                      ;
; Enable INIT_DONE output                      ; Off                      ;
; Configuration scheme                         ; Passive Serial           ;
; Error detection CRC                          ; Off                      ;
; Reserve Data[0] pin after configuration      ; As input tri-stated      ;
; Reserve all unused pins                      ; As output driving ground ;
; Base pin-out file on sameframe device        ; Off                      ;
+----------------------------------------------+--------------------------+


+------------------+
; Fitter Equations ;
+------------------+
The equations can be found in Y:/sem4/lab5/lab5_q/insertSort.fit.eqn.


+--------------+
; Pin-Out File ;
+--------------+
The pin-out file can be found in Y:/sem4/lab5/lab5_q/insertSort.pin.


+---------------------------------------------------------------------+
; Fitter Resource Usage Summary                                       ;
+---------------------------------------------+-----------------------+
; Resource                                    ; Usage                 ;
+---------------------------------------------+-----------------------+
; Total logic elements                        ; 909 / 18,460 ( 4 % )  ;
;     -- Combinational with no register       ; 387                   ;
;     -- Register only                        ; 1                     ;
;     -- Combinational with a register        ; 521                   ;
;                                             ;                       ;
; Logic element usage by number of LUT inputs ;                       ;
;     -- 4 input functions                    ; 277                   ;
;     -- 3 input functions                    ; 622                   ;
;     -- 2 input functions                    ; 8                     ;
;     -- 1 input functions                    ; 1                     ;
;     -- 0 input functions                    ; 1                     ;
;                                             ;                       ;
; Logic elements by mode                      ;                       ;
;     -- normal mode                          ; 878                   ;
;     -- arithmetic mode                      ; 31                    ;
;     -- qfbk mode                            ; 0                     ;
;     -- register cascade mode                ; 0                     ;
;     -- synchronous clear/load mode          ; 262                   ;
;     -- asynchronous clear/load mode         ; 0                     ;
;                                             ;                       ;
; Total LABs                                  ; 107 / 1,846 ( 5 % )   ;
; Logic elements in carry chains              ; 32                    ;
; User inserted logic elements                ; 0                     ;
; Virtual pins                                ; 0                     ;
; I/O pins                                    ; 517 / 587 ( 88 % )    ;
;     -- Clock pins                           ; 16 / 16 ( 100 % )     ;
; Global signals                              ; 1                     ;
; M512s                                       ; 0 / 194 ( 0 % )       ;
; M4Ks                                        ; 0 / 82 ( 0 % )        ;
; M-RAMs                                      ; 0 / 2 ( 0 % )         ;
; Total memory bits                           ; 0 / 1,669,248 ( 0 % ) ;
; Total RAM block bits                        ; 0 / 1,669,248 ( 0 % ) ;
; DSP block 9-bit elements                    ; 0 / 80 ( 0 % )        ;
; Global clocks                               ; 1 / 16 ( 6 % )        ;
; Regional clocks                             ; 0 / 16 ( 0 % )        ;
; Fast regional clocks                        ; 0 / 8 ( 0 % )         ;
; SERDES transmitters                         ; 0 / 66 ( 0 % )        ;
; SERDES receivers                            ; 0 / 66 ( 0 % )        ;
; Maximum fan-out node                        ; start                 ;
; Maximum fan-out                             ; 535                   ;
; Total fan-out                               ; 4834                  ;
; Average fan-out                             ; 3.39                  ;
+---------------------------------------------+-----------------------+


+--------------------------------------------------------------------------------------------------------------------------------------------------------------------------------------------------------------------------------------------------------------------+
; Input Pins                                                                                                                                                                                                                                                         ;
+--------------+-------+----------+--------------+--------------+-------------+-----------------------+--------------------+--------+----------------+---------------+-----------------+----------+--------------+--------------+-------------+----------------------+
; Name         ; Pin # ; I/O Bank ; X coordinate ; Y coordinate ; Cell number ; Combinational Fan-Out ; Registered Fan-Out ; Global ; Input Register ; Power Up High ; PCI I/O Enabled ; Bus Hold ; Weak Pull Up ; I/O Standard ; Termination ; Location assigned by ;
+--------------+-------+----------+--------------+--------------+-------------+-----------------------+--------------------+--------+----------------+---------------+-----------------+----------+--------------+--------------+-------------+----------------------+
; clk          ; P2    ; 5        ; 67           ; 24           ; 3           ; 522                   ; 0                  ; yes    ; no             ; no            ; no              ; no       ; Off          ; LVTTL        ; Off         ; Fitter               ;
; inArr[0][0]  ; J26   ; 2        ; 0            ; 32           ; 3           ; 1                     ; 0                  ; no     ; no             ; no            ; no              ; no       ; Off          ; LVTTL        ; Off         ; Fitter               ;
; inArr[0][10] ; W21   ; 1        ; 0            ; 5            ; 0           ; 1                     ; 0                  ; no     ; no             ; no            ; no              ; no       ; Off          ; LVTTL        ; Off         ; Fitter               ;
; inArr[0][11] ; L25   ; 2        ; 0            ; 28           ; 2           ; 1                     ; 0                  ; no     ; no             ; no            ; no              ; no       ; Off          ; LVTTL        ; Off         ; Fitter               ;
; inArr[0][12] ; AG21  ; 8        ; 9            ; 0            ; 3           ; 1                     ; 0                  ; no     ; no             ; no            ; no              ; no       ; Off          ; LVTTL        ; Off         ; Fitter               ;
; inArr[0][13] ; U27   ; 1        ; 0            ; 16           ; 3           ; 1                     ; 0                  ; no     ; no             ; no            ; no              ; no       ; Off          ; LVTTL        ; Off         ; Fitter               ;
; inArr[0][14] ; W15   ; 11       ; 31           ; 0            ; 3           ; 1                     ; 0                  ; no     ; no             ; no            ; no              ; no       ; Off          ; LVTTL        ; Off         ; Fitter               ;
; inArr[0][15] ; L17   ; 3        ; 27           ; 42           ; 1           ; 1                     ; 0                  ; no     ; no             ; no            ; no              ; no       ; Off          ; LVTTL        ; Off         ; Fitter               ;
; inArr[0][16] ; C18   ; 3        ; 19           ; 42           ; 5           ; 1                     ; 0                  ; no     ; no             ; no            ; no              ; no       ; Off          ; LVTTL        ; Off         ; Fitter               ;
; inArr[0][17] ; K15   ; 9        ; 31           ; 42           ; 3           ; 1                     ; 0                  ; no     ; no             ; no            ; no              ; no       ; Off          ; LVTTL        ; Off         ; Fitter               ;
; inArr[0][18] ; B23   ; 3        ; 5            ; 42           ; 3           ; 1                     ; 0                  ; no     ; no             ; no            ; no              ; no       ; Off          ; LVTTL        ; Off         ; Fitter               ;
; inArr[0][19] ; L21   ; 2        ; 0            ; 34           ; 1           ; 1                     ; 0                  ; no     ; no             ; no            ; no              ; no       ; Off          ; LVTTL        ; Off         ; Fitter               ;
; inArr[0][1]  ; C24   ; 3        ; 3            ; 42           ; 3           ; 1                     ; 0                  ; no     ; no             ; no            ; no              ; no       ; Off          ; LVTTL        ; Off         ; Fitter               ;
; inArr[0][20] ; D17   ; 3        ; 21           ; 42           ; 5           ; 1                     ; 0                  ; no     ; no             ; no            ; no              ; no       ; Off          ; LVTTL        ; Off         ; Fitter               ;
; inArr[0][21] ; C8    ; 4        ; 58           ; 42           ; 3           ; 1                     ; 0                  ; no     ; no             ; no            ; no              ; no       ; Off          ; LVTTL        ; Off         ; Fitter               ;
; inArr[0][22] ; D21   ; 3        ; 9            ; 42           ; 0           ; 1                     ; 0                  ; no     ; no             ; no            ; no              ; no       ; Off          ; LVTTL        ; Off         ; Fitter               ;
; inArr[0][23] ; K6    ; 5        ; 67           ; 37           ; 0           ; 1                     ; 0                  ; no     ; no             ; no            ; no              ; no       ; Off          ; LVTTL        ; Off         ; Fitter               ;
; inArr[0][24] ; H2    ; 5        ; 67           ; 33           ; 2           ; 1                     ; 0                  ; no     ; no             ; no            ; no              ; no       ; Off          ; LVTTL        ; Off         ; Fitter               ;
; inArr[0][25] ; M13   ; 4        ; 38           ; 42           ; 1           ; 1                     ; 0                  ; no     ; no             ; no            ; no              ; no       ; Off          ; LVTTL        ; Off         ; Fitter               ;
; inArr[0][26] ; J3    ; 5        ; 67           ; 32           ; 3           ; 1                     ; 0                  ; no     ; no             ; no            ; no              ; no       ; Off          ; LVTTL        ; Off         ; Fitter               ;
; inArr[0][27] ; N2    ; 5        ; 67           ; 24           ; 2           ; 1                     ; 0                  ; no     ; no             ; no            ; no              ; no       ; Off          ; LVTTL        ; Off         ; Fitter               ;
; inArr[0][28] ; Y19   ; 8        ; 19           ; 0            ; 5           ; 1                     ; 0                  ; no     ; no             ; no            ; no              ; no       ; Off          ; LVTTL        ; Off         ; Fitter               ;
; inArr[0][29] ; AE9   ; 7        ; 55           ; 0            ; 3           ; 1                     ; 0                  ; no     ; no             ; no            ; no              ; no       ; Off          ; LVTTL        ; Off         ; Fitter               ;
; inArr[0][2]  ; N5    ; 5        ; 67           ; 26           ; 1           ; 1                     ; 0                  ; no     ; no             ; no            ; no              ; no       ; Off          ; LVTTL        ; Off         ; Fitter               ;
; inArr[0][30] ; T10   ; 6        ; 67           ; 14           ; 1           ; 1                     ; 0                  ; no     ; no             ; no            ; no              ; no       ; Off          ; LVTTL        ; Off         ; Fitter               ;
; inArr[0][31] ; AD14  ; 7        ; 38           ; 0            ; 3           ; 1                     ; 0                  ; no     ; no             ; no            ; no              ; no       ; Off          ; LVTTL        ; Off         ; Fitter               ;
; inArr[0][3]  ; J16   ; 10       ; 29           ; 42           ; 3           ; 1                     ; 0                  ; no     ; no             ; no            ; no              ; no       ; Off          ; LVTTL        ; Off         ; Fitter               ;
; inArr[0][4]  ; J23   ; 2        ; 0            ; 38           ; 1           ; 1                     ; 0                  ; no     ; no             ; no            ; no              ; no       ; Off          ; LVTTL        ; Off         ; Fitter               ;
; inArr[0][5]  ; C25   ; 3        ; 3            ; 42           ; 5           ; 1                     ; 0                  ; no     ; no             ; no            ; no              ; no       ; Off          ; LVTTL        ; Off         ; Fitter               ;
; inArr[0][6]  ; K24   ; 2        ; 0            ; 37           ; 1           ; 1                     ; 0                  ; no     ; no             ; no            ; no              ; no       ; Off          ; LVTTL        ; Off         ; Fitter               ;
; inArr[0][7]  ; G18   ; 3        ; 19           ; 42           ; 3           ; 1                     ; 0                  ; no     ; no             ; no            ; no              ; no       ; Off          ; LVTTL        ; Off         ; Fitter               ;
; inArr[0][8]  ; A22   ; 3        ; 7            ; 42           ; 5           ; 1                     ; 0                  ; no     ; no             ; no            ; no              ; no       ; Off          ; LVTTL        ; Off         ; Fitter               ;
; inArr[0][9]  ; U19   ; 1        ; 0            ; 12           ; 0           ; 1                     ; 0                  ; no     ; no             ; no            ; no              ; no       ; Off          ; LVTTL        ; Off         ; Fitter               ;
; inArr[1][0]  ; L7    ; 5        ; 67           ; 34           ; 0           ; 1                     ; 0                  ; no     ; no             ; no            ; no              ; no       ; Off          ; LVTTL        ; Off         ; Fitter               ;
; inArr[1][10] ; AF17  ; 8        ; 21           ; 0            ; 1           ; 1                     ; 0                  ; no     ; no             ; no            ; no              ; no       ; Off          ; LVTTL        ; Off         ; Fitter               ;
; inArr[1][11] ; AC21  ; 8        ; 14           ; 0            ; 5           ; 1                     ; 0                  ; no     ; no             ; no            ; no              ; no       ; Off          ; LVTTL        ; Off         ; Fitter               ;
; inArr[1][12] ; AH20  ; 8        ; 12           ; 0            ; 5           ; 1                     ; 0                  ; no     ; no             ; no            ; no              ; no       ; Off          ; LVTTL        ; Off         ; Fitter               ;
; inArr[1][13] ; L27   ; 2        ; 0            ; 27           ; 2           ; 1                     ; 0                  ; no     ; no             ; no            ; no              ; no       ; Off          ; LVTTL        ; Off         ; Fitter               ;
; inArr[1][14] ; AB28  ; 1        ; 0            ; 6            ; 2           ; 1                     ; 0                  ; no     ; no             ; no            ; no              ; no       ; Off          ; LVTTL        ; Off         ; Fitter               ;
; inArr[1][15] ; E21   ; 3        ; 9            ; 42           ; 1           ; 1                     ; 0                  ; no     ; no             ; no            ; no              ; no       ; Off          ; LVTTL        ; Off         ; Fitter               ;
; inArr[1][16] ; D20   ; 3        ; 9            ; 42           ; 4           ; 1                     ; 0                  ; no     ; no             ; no            ; no              ; no       ; Off          ; LVTTL        ; Off         ; Fitter               ;
; inArr[1][17] ; B20   ; 3        ; 12           ; 42           ; 5           ; 1                     ; 0                  ; no     ; no             ; no            ; no              ; no       ; Off          ; LVTTL        ; Off         ; Fitter               ;
; inArr[1][18] ; J20   ; 3        ; 12           ; 42           ; 0           ; 1                     ; 0                  ; no     ; no             ; no            ; no              ; no       ; Off          ; LVTTL        ; Off         ; Fitter               ;
; inArr[1][19] ; E27   ; 2        ; 0            ; 39           ; 2           ; 1                     ; 0                  ; no     ; no             ; no            ; no              ; no       ; Off          ; LVTTL        ; Off         ; Fitter               ;
; inArr[1][1]  ; A13   ; 4        ; 44           ; 42           ; 3           ; 1                     ; 0                  ; no     ; no             ; no            ; no              ; no       ; Off          ; LVTTL        ; Off         ; Fitter               ;
; inArr[1][20] ; G7    ; 4        ; 66           ; 42           ; 4           ; 1                     ; 0                  ; no     ; no             ; no            ; no              ; no       ; Off          ; LVTTL        ; Off         ; Fitter               ;
; inArr[1][21] ; C12   ; 4        ; 44           ; 42           ; 5           ; 1                     ; 0                  ; no     ; no             ; no            ; no              ; no       ; Off          ; LVTTL        ; Off         ; Fitter               ;
; inArr[1][22] ; G8    ; 4        ; 64           ; 42           ; 4           ; 1                     ; 0                  ; no     ; no             ; no            ; no              ; no       ; Off          ; LVTTL        ; Off         ; Fitter               ;
; inArr[1][23] ; M11   ; 4        ; 40           ; 42           ; 1           ; 1                     ; 0                  ; no     ; no             ; no            ; no              ; no       ; Off          ; LVTTL        ; Off         ; Fitter               ;
; inArr[1][24] ; H5    ; 5        ; 67           ; 40           ; 0           ; 1                     ; 0                  ; no     ; no             ; no            ; no              ; no       ; Off          ; LVTTL        ; Off         ; Fitter               ;
; inArr[1][25] ; F10   ; 4        ; 53           ; 42           ; 5           ; 1                     ; 0                  ; no     ; no             ; no            ; no              ; no       ; Off          ; LVTTL        ; Off         ; Fitter               ;
; inArr[1][26] ; F4    ; 5        ; 67           ; 38           ; 2           ; 1                     ; 0                  ; no     ; no             ; no            ; no              ; no       ; Off          ; LVTTL        ; Off         ; Fitter               ;
; inArr[1][27] ; K1    ; 5        ; 67           ; 29           ; 3           ; 1                     ; 0                  ; no     ; no             ; no            ; no              ; no       ; Off          ; LVTTL        ; Off         ; Fitter               ;
; inArr[1][28] ; V1    ; 6        ; 67           ; 14           ; 3           ; 1                     ; 0                  ; no     ; no             ; no            ; no              ; no       ; Off          ; LVTTL        ; Off         ; Fitter               ;
; inArr[1][29] ; W13   ; 7        ; 38           ; 0            ; 1           ; 1                     ; 0                  ; no     ; no             ; no            ; no              ; no       ; Off          ; LVTTL        ; Off         ; Fitter               ;
; inArr[1][2]  ; J7    ; 5        ; 67           ; 36           ; 1           ; 1                     ; 0                  ; no     ; no             ; no            ; no              ; no       ; Off          ; LVTTL        ; Off         ; Fitter               ;
; inArr[1][30] ; AB17  ; 8        ; 27           ; 0            ; 3           ; 1                     ; 0                  ; no     ; no             ; no            ; no              ; no       ; Off          ; LVTTL        ; Off         ; Fitter               ;
; inArr[1][31] ; AB8   ; 7        ; 58           ; 0            ; 2           ; 1                     ; 0                  ; no     ; no             ; no            ; no              ; no       ; Off          ; LVTTL        ; Off         ; Fitter               ;
; inArr[1][3]  ; C16   ; 3        ; 23           ; 42           ; 4           ; 1                     ; 0                  ; no     ; no             ; no            ; no              ; no       ; Off          ; LVTTL        ; Off         ; Fitter               ;
; inArr[1][4]  ; A24   ; 3        ; 3            ; 42           ; 4           ; 1                     ; 0                  ; no     ; no             ; no            ; no              ; no       ; Off          ; LVTTL        ; Off         ; Fitter               ;
; inArr[1][5]  ; F18   ; 3        ; 25           ; 42           ; 0           ; 1                     ; 0                  ; no     ; no             ; no            ; no              ; no       ; Off          ; LVTTL        ; Off         ; Fitter               ;
; inArr[1][6]  ; M17   ; 3        ; 27           ; 42           ; 0           ; 1                     ; 0                  ; no     ; no             ; no            ; no              ; no       ; Off          ; LVTTL        ; Off         ; Fitter               ;
; inArr[1][7]  ; H15   ; 9        ; 31           ; 42           ; 1           ; 1                     ; 0                  ; no     ; no             ; no            ; no              ; no       ; Off          ; LVTTL        ; Off         ; Fitter               ;
; inArr[1][8]  ; D12   ; 4        ; 44           ; 42           ; 2           ; 1                     ; 0                  ; no     ; no             ; no            ; no              ; no       ; Off          ; LVTTL        ; Off         ; Fitter               ;
; inArr[1][9]  ; AA17  ; 8        ; 27           ; 0            ; 0           ; 1                     ; 0                  ; no     ; no             ; no            ; no              ; no       ; Off          ; LVTTL        ; Off         ; Fitter               ;
; inArr[2][0]  ; C6    ; 4        ; 58           ; 42           ; 4           ; 1                     ; 0                  ; no     ; no             ; no            ; no              ; no       ; Off          ; LVTTL        ; Off         ; Fitter               ;
; inArr[2][10] ; V20   ; 1        ; 0            ; 9            ; 1           ; 1                     ; 0                  ; no     ; no             ; no            ; no              ; no       ; Off          ; LVTTL        ; Off         ; Fitter               ;
; inArr[2][11] ; W16   ; 12       ; 29           ; 0            ; 2           ; 1                     ; 0                  ; no     ; no             ; no            ; no              ; no       ; Off          ; LVTTL        ; Off         ; Fitter               ;
; inArr[2][12] ; T27   ; 1        ; 0            ; 17           ; 3           ; 1                     ; 0                  ; no     ; no             ; no            ; no              ; no       ; Off          ; LVTTL        ; Off         ; Fitter               ;
; inArr[2][13] ; AC17  ; 8        ; 27           ; 0            ; 2           ; 1                     ; 0                  ; no     ; no             ; no            ; no              ; no       ; Off          ; LVTTL        ; Off         ; Fitter               ;
; inArr[2][14] ; AC20  ; 8        ; 25           ; 0            ; 0           ; 1                     ; 0                  ; no     ; no             ; no            ; no              ; no       ; Off          ; LVTTL        ; Off         ; Fitter               ;
; inArr[2][15] ; U22   ; 1        ; 0            ; 10           ; 1           ; 1                     ; 0                  ; no     ; no             ; no            ; no              ; no       ; Off          ; LVTTL        ; Off         ; Fitter               ;
; inArr[2][16] ; AE18  ; 8        ; 19           ; 0            ; 3           ; 1                     ; 0                  ; no     ; no             ; no            ; no              ; no       ; Off          ; LVTTL        ; Off         ; Fitter               ;
; inArr[2][17] ; AG15  ; 12       ; 29           ; 0            ; 5           ; 1                     ; 0                  ; no     ; no             ; no            ; no              ; no       ; Off          ; LVTTL        ; Off         ; Fitter               ;
; inArr[2][18] ; AD16  ; 8        ; 23           ; 0            ; 0           ; 1                     ; 0                  ; no     ; no             ; no            ; no              ; no       ; Off          ; LVTTL        ; Off         ; Fitter               ;
; inArr[2][19] ; AA15  ; 11       ; 31           ; 0            ; 1           ; 1                     ; 0                  ; no     ; no             ; no            ; no              ; no       ; Off          ; LVTTL        ; Off         ; Fitter               ;
; inArr[2][1]  ; L8    ; 5        ; 67           ; 34           ; 1           ; 1                     ; 0                  ; no     ; no             ; no            ; no              ; no       ; Off          ; LVTTL        ; Off         ; Fitter               ;
; inArr[2][20] ; N22   ; 2        ; 0            ; 26           ; 0           ; 1                     ; 0                  ; no     ; no             ; no            ; no              ; no       ; Off          ; LVTTL        ; Off         ; Fitter               ;
; inArr[2][21] ; Y3    ; 6        ; 67           ; 9            ; 2           ; 1                     ; 0                  ; no     ; no             ; no            ; no              ; no       ; Off          ; LVTTL        ; Off         ; Fitter               ;
; inArr[2][22] ; V10   ; 6        ; 67           ; 9            ; 0           ; 1                     ; 0                  ; no     ; no             ; no            ; no              ; no       ; Off          ; LVTTL        ; Off         ; Fitter               ;
; inArr[2][23] ; Y13   ; 7        ; 38           ; 0            ; 0           ; 1                     ; 0                  ; no     ; no             ; no            ; no              ; no       ; Off          ; LVTTL        ; Off         ; Fitter               ;
; inArr[2][24] ; L19   ; 2        ; 0            ; 32           ; 1           ; 1                     ; 0                  ; no     ; no             ; no            ; no              ; no       ; Off          ; LVTTL        ; Off         ; Fitter               ;
; inArr[2][25] ; W27   ; 1        ; 0            ; 12           ; 3           ; 1                     ; 0                  ; no     ; no             ; no            ; no              ; no       ; Off          ; LVTTL        ; Off         ; Fitter               ;
; inArr[2][26] ; T3    ; 6        ; 67           ; 16           ; 0           ; 1                     ; 0                  ; no     ; no             ; no            ; no              ; no       ; Off          ; LVTTL        ; Off         ; Fitter               ;
; inArr[2][27] ; V11   ; 7        ; 40           ; 0            ; 1           ; 1                     ; 0                  ; no     ; no             ; no            ; no              ; no       ; Off          ; LVTTL        ; Off         ; Fitter               ;
; inArr[2][28] ; M7    ; 5        ; 67           ; 31           ; 0           ; 1                     ; 0                  ; no     ; no             ; no            ; no              ; no       ; Off          ; LVTTL        ; Off         ; Fitter               ;
; inArr[2][29] ; AF6   ; 7        ; 60           ; 0            ; 1           ; 1                     ; 0                  ; no     ; no             ; no            ; no              ; no       ; Off          ; LVTTL        ; Off         ; Fitter               ;
; inArr[2][2]  ; K25   ; 2        ; 0            ; 30           ; 3           ; 1                     ; 0                  ; no     ; no             ; no            ; no              ; no       ; Off          ; LVTTL        ; Off         ; Fitter               ;
; inArr[2][30] ; AH19  ; 8        ; 14           ; 0            ; 0           ; 1                     ; 0                  ; no     ; no             ; no            ; no              ; no       ; Off          ; LVTTL        ; Off         ; Fitter               ;
; inArr[2][31] ; Y1    ; 6        ; 67           ; 10           ; 2           ; 1                     ; 0                  ; no     ; no             ; no            ; no              ; no       ; Off          ; LVTTL        ; Off         ; Fitter               ;
; inArr[2][3]  ; C27   ; 2        ; 0            ; 41           ; 2           ; 1                     ; 0                  ; no     ; no             ; no            ; no              ; no       ; Off          ; LVTTL        ; Off         ; Fitter               ;
; inArr[2][4]  ; B3    ; 4        ; 66           ; 42           ; 0           ; 1                     ; 0                  ; no     ; no             ; no            ; no              ; no       ; Off          ; LVTTL        ; Off         ; Fitter               ;
; inArr[2][5]  ; M21   ; 2        ; 0            ; 31           ; 1           ; 1                     ; 0                  ; no     ; no             ; no            ; no              ; no       ; Off          ; LVTTL        ; Off         ; Fitter               ;
; inArr[2][6]  ; AC19  ; 8        ; 14           ; 0            ; 4           ; 1                     ; 0                  ; no     ; no             ; no            ; no              ; no       ; Off          ; LVTTL        ; Off         ; Fitter               ;
; inArr[2][7]  ; W14   ; 11       ; 31           ; 0            ; 2           ; 1                     ; 0                  ; no     ; no             ; no            ; no              ; no       ; Off          ; LVTTL        ; Off         ; Fitter               ;
; inArr[2][8]  ; Y26   ; 1        ; 0            ; 9            ; 2           ; 1                     ; 0                  ; no     ; no             ; no            ; no              ; no       ; Off          ; LVTTL        ; Off         ; Fitter               ;
; inArr[2][9]  ; AG19  ; 8        ; 14           ; 0            ; 1           ; 1                     ; 0                  ; no     ; no             ; no            ; no              ; no       ; Off          ; LVTTL        ; Off         ; Fitter               ;
; inArr[3][0]  ; AE7   ; 7        ; 60           ; 0            ; 4           ; 1                     ; 0                  ; no     ; no             ; no            ; no              ; no       ; Off          ; LVTTL        ; Off         ; Fitter               ;
; inArr[3][10] ; T23   ; 1        ; 0            ; 14           ; 0           ; 1                     ; 0                  ; no     ; no             ; no            ; no              ; no       ; Off          ; LVTTL        ; Off         ; Fitter               ;
; inArr[3][11] ; M26   ; 2        ; 0            ; 26           ; 3           ; 1                     ; 0                  ; no     ; no             ; no            ; no              ; no       ; Off          ; LVTTL        ; Off         ; Fitter               ;
; inArr[3][12] ; W18   ; 8        ; 25           ; 0            ; 4           ; 1                     ; 0                  ; no     ; no             ; no            ; no              ; no       ; Off          ; LVTTL        ; Off         ; Fitter               ;
; inArr[3][13] ; U25   ; 1        ; 0            ; 15           ; 3           ; 1                     ; 0                  ; no     ; no             ; no            ; no              ; no       ; Off          ; LVTTL        ; Off         ; Fitter               ;
; inArr[3][14] ; N27   ; 2        ; 0            ; 24           ; 2           ; 1                     ; 0                  ; no     ; no             ; no            ; no              ; no       ; Off          ; LVTTL        ; Off         ; Fitter               ;
; inArr[3][15] ; P25   ; 2        ; 0            ; 24           ; 1           ; 1                     ; 0                  ; no     ; no             ; no            ; no              ; no       ; Off          ; LVTTL        ; Off         ; Fitter               ;
; inArr[3][16] ; K28   ; 2        ; 0            ; 29           ; 3           ; 1                     ; 0                  ; no     ; no             ; no            ; no              ; no       ; Off          ; LVTTL        ; Off         ; Fitter               ;
; inArr[3][17] ; K5    ; 5        ; 67           ; 37           ; 1           ; 1                     ; 0                  ; no     ; no             ; no            ; no              ; no       ; Off          ; LVTTL        ; Off         ; Fitter               ;
; inArr[3][18] ; H1    ; 5        ; 67           ; 33           ; 3           ; 1                     ; 0                  ; no     ; no             ; no            ; no              ; no       ; Off          ; LVTTL        ; Off         ; Fitter               ;
; inArr[3][19] ; B19   ; 3        ; 14           ; 42           ; 3           ; 1                     ; 0                  ; no     ; no             ; no            ; no              ; no       ; Off          ; LVTTL        ; Off         ; Fitter               ;
; inArr[3][1]  ; R4    ; 6        ; 67           ; 17           ; 0           ; 1                     ; 0                  ; no     ; no             ; no            ; no              ; no       ; Off          ; LVTTL        ; Off         ; Fitter               ;
; inArr[3][20] ; J11   ; 4        ; 46           ; 42           ; 4           ; 1                     ; 0                  ; no     ; no             ; no            ; no              ; no       ; Off          ; LVTTL        ; Off         ; Fitter               ;
; inArr[3][21] ; F2    ; 5        ; 67           ; 37           ; 2           ; 1                     ; 0                  ; no     ; no             ; no            ; no              ; no       ; Off          ; LVTTL        ; Off         ; Fitter               ;
; inArr[3][22] ; G9    ; 4        ; 62           ; 42           ; 0           ; 1                     ; 0                  ; no     ; no             ; no            ; no              ; no       ; Off          ; LVTTL        ; Off         ; Fitter               ;
; inArr[3][23] ; J6    ; 5        ; 67           ; 38           ; 1           ; 1                     ; 0                  ; no     ; no             ; no            ; no              ; no       ; Off          ; LVTTL        ; Off         ; Fitter               ;
; inArr[3][24] ; AC9   ; 7        ; 48           ; 0            ; 1           ; 1                     ; 0                  ; no     ; no             ; no            ; no              ; no       ; Off          ; LVTTL        ; Off         ; Fitter               ;
; inArr[3][25] ; U9    ; 6        ; 67           ; 12           ; 1           ; 1                     ; 0                  ; no     ; no             ; no            ; no              ; no       ; Off          ; LVTTL        ; Off         ; Fitter               ;
; inArr[3][26] ; AG10  ; 7        ; 48           ; 0            ; 2           ; 1                     ; 0                  ; no     ; no             ; no            ; no              ; no       ; Off          ; LVTTL        ; Off         ; Fitter               ;
; inArr[3][27] ; V6    ; 6        ; 67           ; 8            ; 1           ; 1                     ; 0                  ; no     ; no             ; no            ; no              ; no       ; Off          ; LVTTL        ; Off         ; Fitter               ;
; inArr[3][28] ; AB11  ; 7        ; 46           ; 0            ; 3           ; 1                     ; 0                  ; no     ; no             ; no            ; no              ; no       ; Off          ; LVTTL        ; Off         ; Fitter               ;
; inArr[3][29] ; M5    ; 5        ; 67           ; 30           ; 0           ; 1                     ; 0                  ; no     ; no             ; no            ; no              ; no       ; Off          ; LVTTL        ; Off         ; Fitter               ;
; inArr[3][2]  ; H28   ; 2        ; 0            ; 33           ; 3           ; 1                     ; 0                  ; no     ; no             ; no            ; no              ; no       ; Off          ; LVTTL        ; Off         ; Fitter               ;
; inArr[3][30] ; M23   ; 2        ; 0            ; 30           ; 1           ; 1                     ; 0                  ; no     ; no             ; no            ; no              ; no       ; Off          ; LVTTL        ; Off         ; Fitter               ;
; inArr[3][31] ; AE16  ; 8        ; 23           ; 0            ; 5           ; 1                     ; 0                  ; no     ; no             ; no            ; no              ; no       ; Off          ; LVTTL        ; Off         ; Fitter               ;
; inArr[3][3]  ; AB18  ; 8        ; 25           ; 0            ; 3           ; 1                     ; 0                  ; no     ; no             ; no            ; no              ; no       ; Off          ; LVTTL        ; Off         ; Fitter               ;
; inArr[3][4]  ; T2    ; 6        ; 67           ; 17           ; 3           ; 1                     ; 0                  ; no     ; no             ; no            ; no              ; no       ; Off          ; LVTTL        ; Off         ; Fitter               ;
; inArr[3][5]  ; V21   ; 1        ; 0            ; 7            ; 1           ; 1                     ; 0                  ; no     ; no             ; no            ; no              ; no       ; Off          ; LVTTL        ; Off         ; Fitter               ;
; inArr[3][6]  ; AH16  ; 8        ; 23           ; 0            ; 1           ; 1                     ; 0                  ; no     ; no             ; no            ; no              ; no       ; Off          ; LVTTL        ; Off         ; Fitter               ;
; inArr[3][7]  ; AF21  ; 8        ; 9            ; 0            ; 2           ; 1                     ; 0                  ; no     ; no             ; no            ; no              ; no       ; Off          ; LVTTL        ; Off         ; Fitter               ;
; inArr[3][8]  ; R27   ; 1        ; 0            ; 17           ; 2           ; 1                     ; 0                  ; no     ; no             ; no            ; no              ; no       ; Off          ; LVTTL        ; Off         ; Fitter               ;
; inArr[3][9]  ; M19   ; 2        ; 0            ; 29           ; 1           ; 1                     ; 0                  ; no     ; no             ; no            ; no              ; no       ; Off          ; LVTTL        ; Off         ; Fitter               ;
; inArr[4][0]  ; K26   ; 2        ; 0            ; 30           ; 2           ; 1                     ; 0                  ; no     ; no             ; no            ; no              ; no       ; Off          ; LVTTL        ; Off         ; Fitter               ;
; inArr[4][10] ; R26   ; 1        ; 0            ; 17           ; 1           ; 1                     ; 0                  ; no     ; no             ; no            ; no              ; no       ; Off          ; LVTTL        ; Off         ; Fitter               ;
; inArr[4][11] ; M20   ; 2        ; 0            ; 29           ; 0           ; 1                     ; 0                  ; no     ; no             ; no            ; no              ; no       ; Off          ; LVTTL        ; Off         ; Fitter               ;
; inArr[4][12] ; N20   ; 2        ; 0            ; 25           ; 0           ; 1                     ; 0                  ; no     ; no             ; no            ; no              ; no       ; Off          ; LVTTL        ; Off         ; Fitter               ;
; inArr[4][13] ; AA19  ; 8        ; 21           ; 0            ; 5           ; 1                     ; 0                  ; no     ; no             ; no            ; no              ; no       ; Off          ; LVTTL        ; Off         ; Fitter               ;
; inArr[4][14] ; P26   ; 2        ; 0            ; 24           ; 0           ; 1                     ; 0                  ; no     ; no             ; no            ; no              ; no       ; Off          ; LVTTL        ; Off         ; Fitter               ;
; inArr[4][15] ; AA25  ; 1        ; 0            ; 7            ; 2           ; 1                     ; 0                  ; no     ; no             ; no            ; no              ; no       ; Off          ; LVTTL        ; Off         ; Fitter               ;
; inArr[4][16] ; Y27   ; 1        ; 0            ; 10           ; 3           ; 1                     ; 0                  ; no     ; no             ; no            ; no              ; no       ; Off          ; LVTTL        ; Off         ; Fitter               ;
; inArr[4][17] ; J19   ; 3        ; 14           ; 42           ; 2           ; 1                     ; 0                  ; no     ; no             ; no            ; no              ; no       ; Off          ; LVTTL        ; Off         ; Fitter               ;
; inArr[4][18] ; A19   ; 3        ; 19           ; 42           ; 1           ; 1                     ; 0                  ; no     ; no             ; no            ; no              ; no       ; Off          ; LVTTL        ; Off         ; Fitter               ;
; inArr[4][19] ; F11   ; 4        ; 46           ; 42           ; 5           ; 1                     ; 0                  ; no     ; no             ; no            ; no              ; no       ; Off          ; LVTTL        ; Off         ; Fitter               ;
; inArr[4][1]  ; G27   ; 2        ; 0            ; 35           ; 2           ; 1                     ; 0                  ; no     ; no             ; no            ; no              ; no       ; Off          ; LVTTL        ; Off         ; Fitter               ;
; inArr[4][20] ; E16   ; 3        ; 23           ; 42           ; 5           ; 1                     ; 0                  ; no     ; no             ; no            ; no              ; no       ; Off          ; LVTTL        ; Off         ; Fitter               ;
; inArr[4][21] ; E8    ; 4        ; 58           ; 42           ; 1           ; 1                     ; 0                  ; no     ; no             ; no            ; no              ; no       ; Off          ; LVTTL        ; Off         ; Fitter               ;
; inArr[4][22] ; B9    ; 4        ; 55           ; 42           ; 2           ; 1                     ; 0                  ; no     ; no             ; no            ; no              ; no       ; Off          ; LVTTL        ; Off         ; Fitter               ;
; inArr[4][23] ; D2    ; 5        ; 67           ; 40           ; 2           ; 1                     ; 0                  ; no     ; no             ; no            ; no              ; no       ; Off          ; LVTTL        ; Off         ; Fitter               ;
; inArr[4][24] ; D13   ; 4        ; 42           ; 42           ; 3           ; 1                     ; 0                  ; no     ; no             ; no            ; no              ; no       ; Off          ; LVTTL        ; Off         ; Fitter               ;
; inArr[4][25] ; Y10   ; 7        ; 48           ; 0            ; 5           ; 1                     ; 0                  ; no     ; no             ; no            ; no              ; no       ; Off          ; LVTTL        ; Off         ; Fitter               ;
; inArr[4][26] ; AA2   ; 6        ; 67           ; 8            ; 3           ; 1                     ; 0                  ; no     ; no             ; no            ; no              ; no       ; Off          ; LVTTL        ; Off         ; Fitter               ;
; inArr[4][27] ; W6    ; 6        ; 67           ; 6            ; 0           ; 1                     ; 0                  ; no     ; no             ; no            ; no              ; no       ; Off          ; LVTTL        ; Off         ; Fitter               ;
; inArr[4][28] ; AE14  ; 7        ; 38           ; 0            ; 2           ; 1                     ; 0                  ; no     ; no             ; no            ; no              ; no       ; Off          ; LVTTL        ; Off         ; Fitter               ;
; inArr[4][29] ; V5    ; 6        ; 67           ; 8            ; 0           ; 1                     ; 0                  ; no     ; no             ; no            ; no              ; no       ; Off          ; LVTTL        ; Off         ; Fitter               ;
; inArr[4][2]  ; T7    ; 6        ; 67           ; 15           ; 1           ; 1                     ; 0                  ; no     ; no             ; no            ; no              ; no       ; Off          ; LVTTL        ; Off         ; Fitter               ;
; inArr[4][30] ; P4    ; 5        ; 67           ; 24           ; 1           ; 1                     ; 0                  ; no     ; no             ; no            ; no              ; no       ; Off          ; LVTTL        ; Off         ; Fitter               ;
; inArr[4][31] ; AF7   ; 7        ; 60           ; 0            ; 2           ; 1                     ; 0                  ; no     ; no             ; no            ; no              ; no       ; Off          ; LVTTL        ; Off         ; Fitter               ;
; inArr[4][3]  ; AG22  ; 8        ; 7            ; 0            ; 5           ; 1                     ; 0                  ; no     ; no             ; no            ; no              ; no       ; Off          ; LVTTL        ; Off         ; Fitter               ;
; inArr[4][4]  ; T24   ; 1        ; 0            ; 14           ; 1           ; 1                     ; 0                  ; no     ; no             ; no            ; no              ; no       ; Off          ; LVTTL        ; Off         ; Fitter               ;
; inArr[4][5]  ; F27   ; 2        ; 0            ; 37           ; 2           ; 1                     ; 0                  ; no     ; no             ; no            ; no              ; no       ; Off          ; LVTTL        ; Off         ; Fitter               ;
; inArr[4][6]  ; C21   ; 3        ; 9            ; 42           ; 3           ; 1                     ; 0                  ; no     ; no             ; no            ; no              ; no       ; Off          ; LVTTL        ; Off         ; Fitter               ;
; inArr[4][7]  ; B17   ; 3        ; 21           ; 42           ; 2           ; 1                     ; 0                  ; no     ; no             ; no            ; no              ; no       ; Off          ; LVTTL        ; Off         ; Fitter               ;
; inArr[4][8]  ; L18   ; 3        ; 25           ; 42           ; 4           ; 1                     ; 0                  ; no     ; no             ; no            ; no              ; no       ; Off          ; LVTTL        ; Off         ; Fitter               ;
; inArr[4][9]  ; L28   ; 2        ; 0            ; 27           ; 3           ; 1                     ; 0                  ; no     ; no             ; no            ; no              ; no       ; Off          ; LVTTL        ; Off         ; Fitter               ;
; inArr[5][0]  ; W28   ; 1        ; 0            ; 12           ; 2           ; 1                     ; 0                  ; no     ; no             ; no            ; no              ; no       ; Off          ; LVTTL        ; Off         ; Fitter               ;
; inArr[5][10] ; J25   ; 2        ; 0            ; 32           ; 2           ; 1                     ; 0                  ; no     ; no             ; no            ; no              ; no       ; Off          ; LVTTL        ; Off         ; Fitter               ;
; inArr[5][11] ; T25   ; 1        ; 0            ; 13           ; 1           ; 1                     ; 0                  ; no     ; no             ; no            ; no              ; no       ; Off          ; LVTTL        ; Off         ; Fitter               ;
; inArr[5][12] ; N25   ; 2        ; 0            ; 28           ; 1           ; 1                     ; 0                  ; no     ; no             ; no            ; no              ; no       ; Off          ; LVTTL        ; Off         ; Fitter               ;
; inArr[5][13] ; T22   ; 1        ; 0            ; 16           ; 1           ; 1                     ; 0                  ; no     ; no             ; no            ; no              ; no       ; Off          ; LVTTL        ; Off         ; Fitter               ;
; inArr[5][14] ; AE15  ; 11       ; 31           ; 0            ; 5           ; 1                     ; 0                  ; no     ; no             ; no            ; no              ; no       ; Off          ; LVTTL        ; Off         ; Fitter               ;
; inArr[5][15] ; W23   ; 1        ; 0            ; 6            ; 0           ; 1                     ; 0                  ; no     ; no             ; no            ; no              ; no       ; Off          ; LVTTL        ; Off         ; Fitter               ;
; inArr[5][16] ; G28   ; 2        ; 0            ; 35           ; 3           ; 1                     ; 0                  ; no     ; no             ; no            ; no              ; no       ; Off          ; LVTTL        ; Off         ; Fitter               ;
; inArr[5][17] ; E23   ; 3        ; 5            ; 42           ; 5           ; 1                     ; 0                  ; no     ; no             ; no            ; no              ; no       ; Off          ; LVTTL        ; Off         ; Fitter               ;
; inArr[5][18] ; K14   ; 9        ; 31           ; 42           ; 2           ; 1                     ; 0                  ; no     ; no             ; no            ; no              ; no       ; Off          ; LVTTL        ; Off         ; Fitter               ;
; inArr[5][19] ; C1    ; 5        ; 67           ; 41           ; 3           ; 1                     ; 0                  ; no     ; no             ; no            ; no              ; no       ; Off          ; LVTTL        ; Off         ; Fitter               ;
; inArr[5][1]  ; D19   ; 3        ; 12           ; 42           ; 4           ; 1                     ; 0                  ; no     ; no             ; no            ; no              ; no       ; Off          ; LVTTL        ; Off         ; Fitter               ;
; inArr[5][20] ; G10   ; 4        ; 53           ; 42           ; 4           ; 1                     ; 0                  ; no     ; no             ; no            ; no              ; no       ; Off          ; LVTTL        ; Off         ; Fitter               ;
; inArr[5][21] ; J5    ; 5        ; 67           ; 38           ; 0           ; 1                     ; 0                  ; no     ; no             ; no            ; no              ; no       ; Off          ; LVTTL        ; Off         ; Fitter               ;
; inArr[5][22] ; D5    ; 4        ; 66           ; 42           ; 1           ; 1                     ; 0                  ; no     ; no             ; no            ; no              ; no       ; Off          ; LVTTL        ; Off         ; Fitter               ;
; inArr[5][23] ; C4    ; 4        ; 64           ; 42           ; 3           ; 1                     ; 0                  ; no     ; no             ; no            ; no              ; no       ; Off          ; LVTTL        ; Off         ; Fitter               ;
; inArr[5][24] ; J8    ; 5        ; 67           ; 36           ; 0           ; 1                     ; 0                  ; no     ; no             ; no            ; no              ; no       ; Off          ; LVTTL        ; Off         ; Fitter               ;
; inArr[5][25] ; E10   ; 4        ; 53           ; 42           ; 2           ; 1                     ; 0                  ; no     ; no             ; no            ; no              ; no       ; Off          ; LVTTL        ; Off         ; Fitter               ;
; inArr[5][26] ; AB4   ; 6        ; 67           ; 5            ; 3           ; 1                     ; 0                  ; no     ; no             ; no            ; no              ; no       ; Off          ; LVTTL        ; Off         ; Fitter               ;
; inArr[5][27] ; P3    ; 5        ; 67           ; 24           ; 0           ; 1                     ; 0                  ; no     ; no             ; no            ; no              ; no       ; Off          ; LVTTL        ; Off         ; Fitter               ;
; inArr[5][28] ; AH9   ; 7        ; 55           ; 0            ; 5           ; 1                     ; 0                  ; no     ; no             ; no            ; no              ; no       ; Off          ; LVTTL        ; Off         ; Fitter               ;
; inArr[5][29] ; AG9   ; 7        ; 55           ; 0            ; 1           ; 1                     ; 0                  ; no     ; no             ; no            ; no              ; no       ; Off          ; LVTTL        ; Off         ; Fitter               ;
; inArr[5][2]  ; G2    ; 5        ; 67           ; 35           ; 2           ; 1                     ; 0                  ; no     ; no             ; no            ; no              ; no       ; Off          ; LVTTL        ; Off         ; Fitter               ;
; inArr[5][30] ; T5    ; 6        ; 67           ; 13           ; 0           ; 1                     ; 0                  ; no     ; no             ; no            ; no              ; no       ; Off          ; LVTTL        ; Off         ; Fitter               ;
; inArr[5][31] ; V3    ; 6        ; 67           ; 13           ; 2           ; 1                     ; 0                  ; no     ; no             ; no            ; no              ; no       ; Off          ; LVTTL        ; Off         ; Fitter               ;
; inArr[5][3]  ; D16   ; 3        ; 25           ; 42           ; 1           ; 1                     ; 0                  ; no     ; no             ; no            ; no              ; no       ; Off          ; LVTTL        ; Off         ; Fitter               ;
; inArr[5][4]  ; L22   ; 2        ; 0            ; 34           ; 0           ; 1                     ; 0                  ; no     ; no             ; no            ; no              ; no       ; Off          ; LVTTL        ; Off         ; Fitter               ;
; inArr[5][5]  ; K23   ; 2        ; 0            ; 37           ; 0           ; 1                     ; 0                  ; no     ; no             ; no            ; no              ; no       ; Off          ; LVTTL        ; Off         ; Fitter               ;
; inArr[5][6]  ; H18   ; 3        ; 21           ; 42           ; 4           ; 1                     ; 0                  ; no     ; no             ; no            ; no              ; no       ; Off          ; LVTTL        ; Off         ; Fitter               ;
; inArr[5][7]  ; K17   ; 3        ; 27           ; 42           ; 2           ; 1                     ; 0                  ; no     ; no             ; no            ; no              ; no       ; Off          ; LVTTL        ; Off         ; Fitter               ;
; inArr[5][8]  ; D24   ; 3        ; 3            ; 42           ; 0           ; 1                     ; 0                  ; no     ; no             ; no            ; no              ; no       ; Off          ; LVTTL        ; Off         ; Fitter               ;
; inArr[5][9]  ; AA20  ; 8        ; 19           ; 0            ; 0           ; 1                     ; 0                  ; no     ; no             ; no            ; no              ; no       ; Off          ; LVTTL        ; Off         ; Fitter               ;
; inArr[6][0]  ; J21   ; 2        ; 0            ; 36           ; 0           ; 1                     ; 0                  ; no     ; no             ; no            ; no              ; no       ; Off          ; LVTTL        ; Off         ; Fitter               ;
; inArr[6][10] ; AE21  ; 8        ; 9            ; 0            ; 0           ; 1                     ; 0                  ; no     ; no             ; no            ; no              ; no       ; Off          ; LVTTL        ; Off         ; Fitter               ;
; inArr[6][11] ; N23   ; 2        ; 0            ; 27           ; 1           ; 1                     ; 0                  ; no     ; no             ; no            ; no              ; no       ; Off          ; LVTTL        ; Off         ; Fitter               ;
; inArr[6][12] ; P27   ; 2        ; 0            ; 24           ; 3           ; 1                     ; 0                  ; no     ; no             ; no            ; no              ; no       ; Off          ; LVTTL        ; Off         ; Fitter               ;
; inArr[6][13] ; U24   ; 1        ; 0            ; 11           ; 0           ; 1                     ; 0                  ; no     ; no             ; no            ; no              ; no       ; Off          ; LVTTL        ; Off         ; Fitter               ;
; inArr[6][14] ; AD18  ; 8        ; 19           ; 0            ; 1           ; 1                     ; 0                  ; no     ; no             ; no            ; no              ; no       ; Off          ; LVTTL        ; Off         ; Fitter               ;
; inArr[6][15] ; W24   ; 1        ; 0            ; 6            ; 1           ; 1                     ; 0                  ; no     ; no             ; no            ; no              ; no       ; Off          ; LVTTL        ; Off         ; Fitter               ;
; inArr[6][16] ; B21   ; 3        ; 9            ; 42           ; 2           ; 1                     ; 0                  ; no     ; no             ; no            ; no              ; no       ; Off          ; LVTTL        ; Off         ; Fitter               ;
; inArr[6][17] ; K18   ; 3        ; 23           ; 42           ; 2           ; 1                     ; 0                  ; no     ; no             ; no            ; no              ; no       ; Off          ; LVTTL        ; Off         ; Fitter               ;
; inArr[6][18] ; F1    ; 5        ; 67           ; 37           ; 3           ; 1                     ; 0                  ; no     ; no             ; no            ; no              ; no       ; Off          ; LVTTL        ; Off         ; Fitter               ;
; inArr[6][19] ; G26   ; 2        ; 0            ; 36           ; 2           ; 1                     ; 0                  ; no     ; no             ; no            ; no              ; no       ; Off          ; LVTTL        ; Off         ; Fitter               ;
; inArr[6][1]  ; C17   ; 3        ; 21           ; 42           ; 3           ; 1                     ; 0                  ; no     ; no             ; no            ; no              ; no       ; Off          ; LVTTL        ; Off         ; Fitter               ;
; inArr[6][20] ; H23   ; 2        ; 0            ; 40           ; 1           ; 1                     ; 0                  ; no     ; no             ; no            ; no              ; no       ; Off          ; LVTTL        ; Off         ; Fitter               ;
; inArr[6][21] ; G3    ; 5        ; 67           ; 36           ; 2           ; 1                     ; 0                  ; no     ; no             ; no            ; no              ; no       ; Off          ; LVTTL        ; Off         ; Fitter               ;
; inArr[6][22] ; U3    ; 6        ; 67           ; 15           ; 2           ; 1                     ; 0                  ; no     ; no             ; no            ; no              ; no       ; Off          ; LVTTL        ; Off         ; Fitter               ;
; inArr[6][23] ; AF10  ; 7        ; 53           ; 0            ; 1           ; 1                     ; 0                  ; no     ; no             ; no            ; no              ; no       ; Off          ; LVTTL        ; Off         ; Fitter               ;
; inArr[6][24] ; AH13  ; 7        ; 44           ; 0            ; 3           ; 1                     ; 0                  ; no     ; no             ; no            ; no              ; no       ; Off          ; LVTTL        ; Off         ; Fitter               ;
; inArr[6][25] ; U7    ; 6        ; 67           ; 10           ; 1           ; 1                     ; 0                  ; no     ; no             ; no            ; no              ; no       ; Off          ; LVTTL        ; Off         ; Fitter               ;
; inArr[6][26] ; V4    ; 6        ; 67           ; 13           ; 3           ; 1                     ; 0                  ; no     ; no             ; no            ; no              ; no       ; Off          ; LVTTL        ; Off         ; Fitter               ;
; inArr[6][27] ; AB9   ; 7        ; 53           ; 0            ; 2           ; 1                     ; 0                  ; no     ; no             ; no            ; no              ; no       ; Off          ; LVTTL        ; Off         ; Fitter               ;
; inArr[6][28] ; N1    ; 5        ; 67           ; 25           ; 2           ; 1                     ; 0                  ; no     ; no             ; no            ; no              ; no       ; Off          ; LVTTL        ; Off         ; Fitter               ;
; inArr[6][29] ; W10   ; 7        ; 44           ; 0            ; 0           ; 1                     ; 0                  ; no     ; no             ; no            ; no              ; no       ; Off          ; LVTTL        ; Off         ; Fitter               ;
; inArr[6][2]  ; G1    ; 5        ; 67           ; 35           ; 3           ; 1                     ; 0                  ; no     ; no             ; no            ; no              ; no       ; Off          ; LVTTL        ; Off         ; Fitter               ;
; inArr[6][30] ; AC8   ; 7        ; 53           ; 0            ; 5           ; 1                     ; 0                  ; no     ; no             ; no            ; no              ; no       ; Off          ; LVTTL        ; Off         ; Fitter               ;
; inArr[6][31] ; U4    ; 6        ; 67           ; 15           ; 3           ; 1                     ; 0                  ; no     ; no             ; no            ; no              ; no       ; Off          ; LVTTL        ; Off         ; Fitter               ;
; inArr[6][3]  ; H24   ; 2        ; 0            ; 40           ; 0           ; 1                     ; 0                  ; no     ; no             ; no            ; no              ; no       ; Off          ; LVTTL        ; Off         ; Fitter               ;
; inArr[6][4]  ; T19   ; 1        ; 0            ; 15           ; 0           ; 1                     ; 0                  ; no     ; no             ; no            ; no              ; no       ; Off          ; LVTTL        ; Off         ; Fitter               ;
; inArr[6][5]  ; F28   ; 2        ; 0            ; 37           ; 3           ; 1                     ; 0                  ; no     ; no             ; no            ; no              ; no       ; Off          ; LVTTL        ; Off         ; Fitter               ;
; inArr[6][6]  ; B24   ; 3        ; 1            ; 42           ; 4           ; 1                     ; 0                  ; no     ; no             ; no            ; no              ; no       ; Off          ; LVTTL        ; Off         ; Fitter               ;
; inArr[6][7]  ; H26   ; 2        ; 0            ; 34           ; 2           ; 1                     ; 0                  ; no     ; no             ; no            ; no              ; no       ; Off          ; LVTTL        ; Off         ; Fitter               ;
; inArr[6][8]  ; M22   ; 2        ; 0            ; 31           ; 0           ; 1                     ; 0                  ; no     ; no             ; no            ; no              ; no       ; Off          ; LVTTL        ; Off         ; Fitter               ;
; inArr[6][9]  ; M24   ; 2        ; 0            ; 30           ; 0           ; 1                     ; 0                  ; no     ; no             ; no            ; no              ; no       ; Off          ; LVTTL        ; Off         ; Fitter               ;
; inArr[7][0]  ; H14   ; 9        ; 31           ; 42           ; 0           ; 1                     ; 0                  ; no     ; no             ; no            ; no              ; no       ; Off          ; LVTTL        ; Off         ; Fitter               ;
; inArr[7][10] ; J27   ; 2        ; 0            ; 31           ; 2           ; 1                     ; 0                  ; no     ; no             ; no            ; no              ; no       ; Off          ; LVTTL        ; Off         ; Fitter               ;
; inArr[7][11] ; V24   ; 1        ; 0            ; 8            ; 0           ; 1                     ; 0                  ; no     ; no             ; no            ; no              ; no       ; Off          ; LVTTL        ; Off         ; Fitter               ;
; inArr[7][12] ; L23   ; 2        ; 0            ; 33           ; 0           ; 1                     ; 0                  ; no     ; no             ; no            ; no              ; no       ; Off          ; LVTTL        ; Off         ; Fitter               ;
; inArr[7][13] ; AD21  ; 8        ; 9            ; 0            ; 1           ; 1                     ; 0                  ; no     ; no             ; no            ; no              ; no       ; Off          ; LVTTL        ; Off         ; Fitter               ;
; inArr[7][14] ; M27   ; 2        ; 0            ; 25           ; 2           ; 1                     ; 0                  ; no     ; no             ; no            ; no              ; no       ; Off          ; LVTTL        ; Off         ; Fitter               ;
; inArr[7][15] ; L20   ; 2        ; 0            ; 32           ; 0           ; 1                     ; 0                  ; no     ; no             ; no            ; no              ; no       ; Off          ; LVTTL        ; Off         ; Fitter               ;
; inArr[7][16] ; W19   ; 8        ; 19           ; 0            ; 4           ; 1                     ; 0                  ; no     ; no             ; no            ; no              ; no       ; Off          ; LVTTL        ; Off         ; Fitter               ;
; inArr[7][17] ; AF18  ; 8        ; 14           ; 0            ; 3           ; 1                     ; 0                  ; no     ; no             ; no            ; no              ; no       ; Off          ; LVTTL        ; Off         ; Fitter               ;
; inArr[7][18] ; A11   ; 4        ; 48           ; 42           ; 2           ; 1                     ; 0                  ; no     ; no             ; no            ; no              ; no       ; Off          ; LVTTL        ; Off         ; Fitter               ;
; inArr[7][19] ; D8    ; 4        ; 58           ; 42           ; 5           ; 1                     ; 0                  ; no     ; no             ; no            ; no              ; no       ; Off          ; LVTTL        ; Off         ; Fitter               ;
; inArr[7][1]  ; G4    ; 5        ; 67           ; 36           ; 3           ; 1                     ; 0                  ; no     ; no             ; no            ; no              ; no       ; Off          ; LVTTL        ; Off         ; Fitter               ;
; inArr[7][20] ; C19   ; 3        ; 14           ; 42           ; 0           ; 1                     ; 0                  ; no     ; no             ; no            ; no              ; no       ; Off          ; LVTTL        ; Off         ; Fitter               ;
; inArr[7][21] ; C7    ; 4        ; 58           ; 42           ; 2           ; 1                     ; 0                  ; no     ; no             ; no            ; no              ; no       ; Off          ; LVTTL        ; Off         ; Fitter               ;
; inArr[7][22] ; L11   ; 4        ; 40           ; 42           ; 0           ; 1                     ; 0                  ; no     ; no             ; no            ; no              ; no       ; Off          ; LVTTL        ; Off         ; Fitter               ;
; inArr[7][23] ; E6    ; 4        ; 62           ; 42           ; 3           ; 1                     ; 0                  ; no     ; no             ; no            ; no              ; no       ; Off          ; LVTTL        ; Off         ; Fitter               ;
; inArr[7][24] ; R3    ; 6        ; 67           ; 17           ; 1           ; 1                     ; 0                  ; no     ; no             ; no            ; no              ; no       ; Off          ; LVTTL        ; Off         ; Fitter               ;
; inArr[7][25] ; AH11  ; 7        ; 46           ; 0            ; 5           ; 1                     ; 0                  ; no     ; no             ; no            ; no              ; no       ; Off          ; LVTTL        ; Off         ; Fitter               ;
; inArr[7][26] ; AH10  ; 7        ; 48           ; 0            ; 4           ; 1                     ; 0                  ; no     ; no             ; no            ; no              ; no       ; Off          ; LVTTL        ; Off         ; Fitter               ;
; inArr[7][27] ; AA9   ; 7        ; 58           ; 0            ; 0           ; 1                     ; 0                  ; no     ; no             ; no            ; no              ; no       ; Off          ; LVTTL        ; Off         ; Fitter               ;
; inArr[7][28] ; L9    ; 5        ; 67           ; 32           ; 0           ; 1                     ; 0                  ; no     ; no             ; no            ; no              ; no       ; Off          ; LVTTL        ; Off         ; Fitter               ;
; inArr[7][29] ; R2    ; 6        ; 67           ; 17           ; 2           ; 1                     ; 0                  ; no     ; no             ; no            ; no              ; no       ; Off          ; LVTTL        ; Off         ; Fitter               ;
; inArr[7][2]  ; K13   ; 4        ; 38           ; 42           ; 3           ; 1                     ; 0                  ; no     ; no             ; no            ; no              ; no       ; Off          ; LVTTL        ; Off         ; Fitter               ;
; inArr[7][30] ; AA11  ; 7        ; 46           ; 0            ; 1           ; 1                     ; 0                  ; no     ; no             ; no            ; no              ; no       ; Off          ; LVTTL        ; Off         ; Fitter               ;
; inArr[7][31] ; AC7   ; 7        ; 58           ; 0            ; 4           ; 1                     ; 0                  ; no     ; no             ; no            ; no              ; no       ; Off          ; LVTTL        ; Off         ; Fitter               ;
; inArr[7][3]  ; G24   ; 2        ; 0            ; 41           ; 1           ; 1                     ; 0                  ; no     ; no             ; no            ; no              ; no       ; Off          ; LVTTL        ; Off         ; Fitter               ;
; inArr[7][4]  ; F22   ; 3        ; 1            ; 42           ; 1           ; 1                     ; 0                  ; no     ; no             ; no            ; no              ; no       ; Off          ; LVTTL        ; Off         ; Fitter               ;
; inArr[7][5]  ; E15   ; 9        ; 31           ; 42           ; 4           ; 1                     ; 0                  ; no     ; no             ; no            ; no              ; no       ; Off          ; LVTTL        ; Off         ; Fitter               ;
; inArr[7][6]  ; V18   ; 8        ; 25           ; 0            ; 5           ; 1                     ; 0                  ; no     ; no             ; no            ; no              ; no       ; Off          ; LVTTL        ; Off         ; Fitter               ;
; inArr[7][7]  ; R25   ; 1        ; 0            ; 17           ; 0           ; 1                     ; 0                  ; no     ; no             ; no            ; no              ; no       ; Off          ; LVTTL        ; Off         ; Fitter               ;
; inArr[7][8]  ; AE13  ; 7        ; 42           ; 0            ; 3           ; 1                     ; 0                  ; no     ; no             ; no            ; no              ; no       ; Off          ; LVTTL        ; Off         ; Fitter               ;
; inArr[7][9]  ; N28   ; 2        ; 0            ; 25           ; 3           ; 1                     ; 0                  ; no     ; no             ; no            ; no              ; no       ; Off          ; LVTTL        ; Off         ; Fitter               ;
; reset        ; C15   ; 10       ; 29           ; 42           ; 4           ; 268                   ; 0                  ; no     ; no             ; no            ; no              ; no       ; Off          ; LVTTL        ; Off         ; Fitter               ;
; start        ; B15   ; 10       ; 29           ; 42           ; 5           ; 535                   ; 0                  ; no     ; no             ; no            ; no              ; no       ; Off          ; LVTTL        ; Off         ; Fitter               ;
+--------------+-------+----------+--------------+--------------+-------------+-----------------------+--------------------+--------+----------------+---------------+-----------------+----------+--------------+--------------+-------------+----------------------+


+------------------------------------------------------------------------------------------------------------------------------------------------------------------------------------------------------------------------------------------------------------------------------------------------------------------------+
; Output Pins                                                                                                                                                                                                                                                                                                            ;
+---------------+-------+----------+--------------+--------------+-------------+-----------------+------------------------+---------------+----------------+-----------------+------------+---------------+----------+--------------+--------------+------------------+-------------+----------------------+-------------+
; Name          ; Pin # ; I/O Bank ; X coordinate ; Y coordinate ; Cell number ; Output Register ; Output Enable Register ; Power Up High ; Slow Slew Rate ; PCI I/O Enabled ; Open Drain ; TRI Primitive ; Bus Hold ; Weak Pull Up ; I/O Standard ; Current Strength ; Termination ; Location assigned by ; Load        ;
+---------------+-------+----------+--------------+--------------+-------------+-----------------+------------------------+---------------+----------------+-----------------+------------+---------------+----------+--------------+--------------+------------------+-------------+----------------------+-------------+
; done          ; C11   ; 4        ; 48           ; 42           ; 3           ; no              ; no                     ; no            ; no             ; no              ; no         ; no            ; no       ; Off          ; LVTTL        ; 24mA             ; Off         ; Fitter               ; Unspecified ;
; outArr[0][0]  ; Y4    ; 6        ; 67           ; 9            ; 3           ; no              ; no                     ; no            ; no             ; no              ; no         ; no            ; no       ; Off          ; LVTTL        ; 24mA             ; Off         ; Fitter               ; Unspecified ;
; outArr[0][10] ; Y18   ; 8        ; 23           ; 0            ; 3           ; no              ; no                     ; no            ; no             ; no              ; no         ; no            ; no       ; Off          ; LVTTL        ; 24mA             ; Off         ; Fitter               ; Unspecified ;
; outArr[0][11] ; J10   ; 4        ; 48           ; 42           ; 5           ; no              ; no                     ; no            ; no             ; no              ; no         ; no            ; no       ; Off          ; LVTTL        ; 24mA             ; Off         ; Fitter               ; Unspecified ;
; outArr[0][12] ; H6    ; 5        ; 67           ; 40           ; 1           ; no              ; no                     ; no            ; no             ; no              ; no         ; no            ; no       ; Off          ; LVTTL        ; 24mA             ; Off         ; Fitter               ; Unspecified ;
; outArr[0][13] ; AG16  ; 8        ; 21           ; 0            ; 4           ; no              ; no                     ; no            ; no             ; no              ; no         ; no            ; no       ; Off          ; LVTTL        ; 24mA             ; Off         ; Fitter               ; Unspecified ;
; outArr[0][14] ; AH21  ; 8        ; 12           ; 0            ; 3           ; no              ; no                     ; no            ; no             ; no              ; no         ; no            ; no       ; Off          ; LVTTL        ; 24mA             ; Off         ; Fitter               ; Unspecified ;
; outArr[0][15] ; L24   ; 2        ; 0            ; 33           ; 1           ; no              ; no                     ; no            ; no             ; no              ; no         ; no            ; no       ; Off          ; LVTTL        ; 24mA             ; Off         ; Fitter               ; Unspecified ;
; outArr[0][16] ; N4    ; 5        ; 67           ; 28           ; 1           ; no              ; no                     ; no            ; no             ; no              ; no         ; no            ; no       ; Off          ; LVTTL        ; 24mA             ; Off         ; Fitter               ; Unspecified ;
; outArr[0][17] ; V19   ; 1        ; 0            ; 9            ; 0           ; no              ; no                     ; no            ; no             ; no              ; no         ; no            ; no       ; Off          ; LVTTL        ; 24mA             ; Off         ; Fitter               ; Unspecified ;
; outArr[0][18] ; J2    ; 5        ; 67           ; 31           ; 2           ; no              ; no                     ; no            ; no             ; no              ; no         ; no            ; no       ; Off          ; LVTTL        ; 24mA             ; Off         ; Fitter               ; Unspecified ;
; outArr[0][19] ; AE22  ; 8        ; 7            ; 0            ; 1           ; no              ; no                     ; no            ; no             ; no              ; no         ; no            ; no       ; Off          ; LVTTL        ; 24mA             ; Off         ; Fitter               ; Unspecified ;
; outArr[0][1]  ; V7    ; 6        ; 67           ; 7            ; 0           ; no              ; no                     ; no            ; no             ; no              ; no         ; no            ; no       ; Off          ; LVTTL        ; 24mA             ; Off         ; Fitter               ; Unspecified ;
; outArr[0][20] ; F9    ; 4        ; 60           ; 42           ; 2           ; no              ; no                     ; no            ; no             ; no              ; no         ; no            ; no       ; Off          ; LVTTL        ; 24mA             ; Off         ; Fitter               ; Unspecified ;
; outArr[0][21] ; N24   ; 2        ; 0            ; 27           ; 0           ; no              ; no                     ; no            ; no             ; no              ; no         ; no            ; no       ; Off          ; LVTTL        ; 24mA             ; Off         ; Fitter               ; Unspecified ;
; outArr[0][22] ; D6    ; 4        ; 60           ; 42           ; 3           ; no              ; no                     ; no            ; no             ; no              ; no         ; no            ; no       ; Off          ; LVTTL        ; 24mA             ; Off         ; Fitter               ; Unspecified ;
; outArr[0][23] ; M12   ; 4        ; 40           ; 42           ; 3           ; no              ; no                     ; no            ; no             ; no              ; no         ; no            ; no       ; Off          ; LVTTL        ; 24mA             ; Off         ; Fitter               ; Unspecified ;
; outArr[0][24] ; J9    ; 4        ; 62           ; 42           ; 5           ; no              ; no                     ; no            ; no             ; no              ; no         ; no            ; no       ; Off          ; LVTTL        ; 24mA             ; Off         ; Fitter               ; Unspecified ;
; outArr[0][25] ; A3    ; 4        ; 66           ; 42           ; 3           ; no              ; no                     ; no            ; no             ; no              ; no         ; no            ; no       ; Off          ; LVTTL        ; 24mA             ; Off         ; Fitter               ; Unspecified ;
; outArr[0][26] ; H10   ; 4        ; 58           ; 42           ; 0           ; no              ; no                     ; no            ; no             ; no              ; no         ; no            ; no       ; Off          ; LVTTL        ; 24mA             ; Off         ; Fitter               ; Unspecified ;
; outArr[0][27] ; T21   ; 1        ; 0            ; 16           ; 0           ; no              ; no                     ; no            ; no             ; no              ; no         ; no            ; no       ; Off          ; LVTTL        ; 24mA             ; Off         ; Fitter               ; Unspecified ;
; outArr[0][28] ; L3    ; 5        ; 67           ; 28           ; 3           ; no              ; no                     ; no            ; no             ; no              ; no         ; no            ; no       ; Off          ; LVTTL        ; 24mA             ; Off         ; Fitter               ; Unspecified ;
; outArr[0][29] ; B18   ; 3        ; 19           ; 42           ; 0           ; no              ; no                     ; no            ; no             ; no              ; no         ; no            ; no       ; Off          ; LVTTL        ; 24mA             ; Off         ; Fitter               ; Unspecified ;
; outArr[0][2]  ; L5    ; 5        ; 67           ; 33           ; 1           ; no              ; no                     ; no            ; no             ; no              ; no         ; no            ; no       ; Off          ; LVTTL        ; 24mA             ; Off         ; Fitter               ; Unspecified ;
; outArr[0][30] ; A18   ; 3        ; 19           ; 42           ; 4           ; no              ; no                     ; no            ; no             ; no              ; no         ; no            ; no       ; Off          ; LVTTL        ; 24mA             ; Off         ; Fitter               ; Unspecified ;
; outArr[0][31] ; AB10  ; 7        ; 53           ; 0            ; 4           ; no              ; no                     ; no            ; no             ; no              ; no         ; no            ; no       ; Off          ; LVTTL        ; 24mA             ; Off         ; Fitter               ; Unspecified ;
; outArr[0][3]  ; N7    ; 5        ; 67           ; 27           ; 1           ; no              ; no                     ; no            ; no             ; no              ; no         ; no            ; no       ; Off          ; LVTTL        ; 24mA             ; Off         ; Fitter               ; Unspecified ;
; outArr[0][4]  ; L2    ; 5        ; 67           ; 27           ; 2           ; no              ; no                     ; no            ; no             ; no              ; no         ; no            ; no       ; Off          ; LVTTL        ; 24mA             ; Off         ; Fitter               ; Unspecified ;
; outArr[0][5]  ; T26   ; 1        ; 0            ; 13           ; 0           ; no              ; no                     ; no            ; no             ; no              ; no         ; no            ; no       ; Off          ; LVTTL        ; 24mA             ; Off         ; Fitter               ; Unspecified ;
; outArr[0][6]  ; W2    ; 6        ; 67           ; 12           ; 3           ; no              ; no                     ; no            ; no             ; no              ; no         ; no            ; no       ; Off          ; LVTTL        ; 24mA             ; Off         ; Fitter               ; Unspecified ;
; outArr[0][7]  ; AE12  ; 7        ; 44           ; 0            ; 2           ; no              ; no                     ; no            ; no             ; no              ; no         ; no            ; no       ; Off          ; LVTTL        ; 24mA             ; Off         ; Fitter               ; Unspecified ;
; outArr[0][8]  ; V25   ; 1        ; 0            ; 13           ; 3           ; no              ; no                     ; no            ; no             ; no              ; no         ; no            ; no       ; Off          ; LVTTL        ; 24mA             ; Off         ; Fitter               ; Unspecified ;
; outArr[0][9]  ; K27   ; 2        ; 0            ; 29           ; 2           ; no              ; no                     ; no            ; no             ; no              ; no         ; no            ; no       ; Off          ; LVTTL        ; 24mA             ; Off         ; Fitter               ; Unspecified ;
; outArr[1][0]  ; N3    ; 5        ; 67           ; 28           ; 0           ; no              ; no                     ; no            ; no             ; no              ; no         ; no            ; no       ; Off          ; LVTTL        ; 24mA             ; Off         ; Fitter               ; Unspecified ;
; outArr[1][10] ; B22   ; 3        ; 7            ; 42           ; 4           ; no              ; no                     ; no            ; no             ; no              ; no         ; no            ; no       ; Off          ; LVTTL        ; 24mA             ; Off         ; Fitter               ; Unspecified ;
; outArr[1][11] ; J18   ; 3        ; 21           ; 42           ; 0           ; no              ; no                     ; no            ; no             ; no              ; no         ; no            ; no       ; Off          ; LVTTL        ; 24mA             ; Off         ; Fitter               ; Unspecified ;
; outArr[1][12] ; A20   ; 3        ; 12           ; 42           ; 3           ; no              ; no                     ; no            ; no             ; no              ; no         ; no            ; no       ; Off          ; LVTTL        ; 24mA             ; Off         ; Fitter               ; Unspecified ;
; outArr[1][13] ; A7    ; 4        ; 60           ; 42           ; 0           ; no              ; no                     ; no            ; no             ; no              ; no         ; no            ; no       ; Off          ; LVTTL        ; 24mA             ; Off         ; Fitter               ; Unspecified ;
; outArr[1][14] ; V8    ; 6        ; 67           ; 7            ; 1           ; no              ; no                     ; no            ; no             ; no              ; no         ; no            ; no       ; Off          ; LVTTL        ; 24mA             ; Off         ; Fitter               ; Unspecified ;
; outArr[1][15] ; G5    ; 5        ; 67           ; 41           ; 1           ; no              ; no                     ; no            ; no             ; no              ; no         ; no            ; no       ; Off          ; LVTTL        ; 24mA             ; Off         ; Fitter               ; Unspecified ;
; outArr[1][16] ; J12   ; 4        ; 42           ; 42           ; 1           ; no              ; no                     ; no            ; no             ; no              ; no         ; no            ; no       ; Off          ; LVTTL        ; 24mA             ; Off         ; Fitter               ; Unspecified ;
; outArr[1][17] ; D9    ; 4        ; 55           ; 42           ; 5           ; no              ; no                     ; no            ; no             ; no              ; no         ; no            ; no       ; Off          ; LVTTL        ; 24mA             ; Off         ; Fitter               ; Unspecified ;
; outArr[1][18] ; F8    ; 4        ; 64           ; 42           ; 0           ; no              ; no                     ; no            ; no             ; no              ; no         ; no            ; no       ; Off          ; LVTTL        ; 24mA             ; Off         ; Fitter               ; Unspecified ;
; outArr[1][19] ; B13   ; 4        ; 44           ; 42           ; 1           ; no              ; no                     ; no            ; no             ; no              ; no         ; no            ; no       ; Off          ; LVTTL        ; 24mA             ; Off         ; Fitter               ; Unspecified ;
; outArr[1][1]  ; T8    ; 6        ; 67           ; 15           ; 0           ; no              ; no                     ; no            ; no             ; no              ; no         ; no            ; no       ; Off          ; LVTTL        ; 24mA             ; Off         ; Fitter               ; Unspecified ;
; outArr[1][20] ; C13   ; 4        ; 42           ; 42           ; 5           ; no              ; no                     ; no            ; no             ; no              ; no         ; no            ; no       ; Off          ; LVTTL        ; 24mA             ; Off         ; Fitter               ; Unspecified ;
; outArr[1][21] ; C5    ; 4        ; 62           ; 42           ; 4           ; no              ; no                     ; no            ; no             ; no              ; no         ; no            ; no       ; Off          ; LVTTL        ; 24mA             ; Off         ; Fitter               ; Unspecified ;
; outArr[1][22] ; F3    ; 5        ; 67           ; 38           ; 3           ; no              ; no                     ; no            ; no             ; no              ; no         ; no            ; no       ; Off          ; LVTTL        ; 24mA             ; Off         ; Fitter               ; Unspecified ;
; outArr[1][23] ; E12   ; 4        ; 42           ; 42           ; 4           ; no              ; no                     ; no            ; no             ; no              ; no         ; no            ; no       ; Off          ; LVTTL        ; 24mA             ; Off         ; Fitter               ; Unspecified ;
; outArr[1][24] ; AB2   ; 6        ; 67           ; 6            ; 3           ; no              ; no                     ; no            ; no             ; no              ; no         ; no            ; no       ; Off          ; LVTTL        ; 24mA             ; Off         ; Fitter               ; Unspecified ;
; outArr[1][25] ; M6    ; 5        ; 67           ; 30           ; 1           ; no              ; no                     ; no            ; no             ; no              ; no         ; no            ; no       ; Off          ; LVTTL        ; 24mA             ; Off         ; Fitter               ; Unspecified ;
; outArr[1][26] ; M10   ; 5        ; 67           ; 29           ; 1           ; no              ; no                     ; no            ; no             ; no              ; no         ; no            ; no       ; Off          ; LVTTL        ; 24mA             ; Off         ; Fitter               ; Unspecified ;
; outArr[1][27] ; AE8   ; 7        ; 55           ; 0            ; 4           ; no              ; no                     ; no            ; no             ; no              ; no         ; no            ; no       ; Off          ; LVTTL        ; 24mA             ; Off         ; Fitter               ; Unspecified ;
; outArr[1][28] ; K4    ; 5        ; 67           ; 30           ; 3           ; no              ; no                     ; no            ; no             ; no              ; no         ; no            ; no       ; Off          ; LVTTL        ; 24mA             ; Off         ; Fitter               ; Unspecified ;
; outArr[1][29] ; AF9   ; 7        ; 55           ; 0            ; 0           ; no              ; no                     ; no            ; no             ; no              ; no         ; no            ; no       ; Off          ; LVTTL        ; 24mA             ; Off         ; Fitter               ; Unspecified ;
; outArr[1][2]  ; AE11  ; 7        ; 46           ; 0            ; 4           ; no              ; no                     ; no            ; no             ; no              ; no         ; no            ; no       ; Off          ; LVTTL        ; 24mA             ; Off         ; Fitter               ; Unspecified ;
; outArr[1][30] ; AG6   ; 7        ; 62           ; 0            ; 3           ; no              ; no                     ; no            ; no             ; no              ; no         ; no            ; no       ; Off          ; LVTTL        ; 24mA             ; Off         ; Fitter               ; Unspecified ;
; outArr[1][31] ; C22   ; 3        ; 7            ; 42           ; 2           ; no              ; no                     ; no            ; no             ; no              ; no         ; no            ; no       ; Off          ; LVTTL        ; 24mA             ; Off         ; Fitter               ; Unspecified ;
; outArr[1][3]  ; A16   ; 3        ; 23           ; 42           ; 3           ; no              ; no                     ; no            ; no             ; no              ; no         ; no            ; no       ; Off          ; LVTTL        ; 24mA             ; Off         ; Fitter               ; Unspecified ;
; outArr[1][4]  ; K16   ; 10       ; 29           ; 42           ; 2           ; no              ; no                     ; no            ; no             ; no              ; no         ; no            ; no       ; Off          ; LVTTL        ; 24mA             ; Off         ; Fitter               ; Unspecified ;
; outArr[1][5]  ; H22   ; 2        ; 0            ; 39           ; 0           ; no              ; no                     ; no            ; no             ; no              ; no         ; no            ; no       ; Off          ; LVTTL        ; 24mA             ; Off         ; Fitter               ; Unspecified ;
; outArr[1][6]  ; J17   ; 3        ; 27           ; 42           ; 3           ; no              ; no                     ; no            ; no             ; no              ; no         ; no            ; no       ; Off          ; LVTTL        ; 24mA             ; Off         ; Fitter               ; Unspecified ;
; outArr[1][7]  ; A25   ; 3        ; 3            ; 42           ; 2           ; no              ; no                     ; no            ; no             ; no              ; no         ; no            ; no       ; Off          ; LVTTL        ; 24mA             ; Off         ; Fitter               ; Unspecified ;
; outArr[1][8]  ; J24   ; 2        ; 0            ; 38           ; 0           ; no              ; no                     ; no            ; no             ; no              ; no         ; no            ; no       ; Off          ; LVTTL        ; 24mA             ; Off         ; Fitter               ; Unspecified ;
; outArr[1][9]  ; F25   ; 2        ; 0            ; 38           ; 2           ; no              ; no                     ; no            ; no             ; no              ; no         ; no            ; no       ; Off          ; LVTTL        ; 24mA             ; Off         ; Fitter               ; Unspecified ;
; outArr[2][0]  ; G6    ; 5        ; 67           ; 41           ; 0           ; no              ; no                     ; no            ; no             ; no              ; no         ; no            ; no       ; Off          ; LVTTL        ; 24mA             ; Off         ; Fitter               ; Unspecified ;
; outArr[2][10] ; N19   ; 2        ; 0            ; 25           ; 1           ; no              ; no                     ; no            ; no             ; no              ; no         ; no            ; no       ; Off          ; LVTTL        ; 24mA             ; Off         ; Fitter               ; Unspecified ;
; outArr[2][11] ; AD24  ; 8        ; 5            ; 0            ; 1           ; no              ; no                     ; no            ; no             ; no              ; no         ; no            ; no       ; Off          ; LVTTL        ; 24mA             ; Off         ; Fitter               ; Unspecified ;
; outArr[2][12] ; V27   ; 1        ; 0            ; 14           ; 2           ; no              ; no                     ; no            ; no             ; no              ; no         ; no            ; no       ; Off          ; LVTTL        ; 24mA             ; Off         ; Fitter               ; Unspecified ;
; outArr[2][13] ; AA14  ; 11       ; 31           ; 0            ; 0           ; no              ; no                     ; no            ; no             ; no              ; no         ; no            ; no       ; Off          ; LVTTL        ; 24mA             ; Off         ; Fitter               ; Unspecified ;
; outArr[2][14] ; AA28  ; 1        ; 0            ; 8            ; 2           ; no              ; no                     ; no            ; no             ; no              ; no         ; no            ; no       ; Off          ; LVTTL        ; 24mA             ; Off         ; Fitter               ; Unspecified ;
; outArr[2][15] ; AD15  ; 11       ; 31           ; 0            ; 4           ; no              ; no                     ; no            ; no             ; no              ; no         ; no            ; no       ; Off          ; LVTTL        ; 24mA             ; Off         ; Fitter               ; Unspecified ;
; outArr[2][16] ; N21   ; 2        ; 0            ; 26           ; 1           ; no              ; no                     ; no            ; no             ; no              ; no         ; no            ; no       ; Off          ; LVTTL        ; 24mA             ; Off         ; Fitter               ; Unspecified ;
; outArr[2][17] ; N8    ; 5        ; 67           ; 27           ; 0           ; no              ; no                     ; no            ; no             ; no              ; no         ; no            ; no       ; Off          ; LVTTL        ; 24mA             ; Off         ; Fitter               ; Unspecified ;
; outArr[2][18] ; AA10  ; 7        ; 53           ; 0            ; 3           ; no              ; no                     ; no            ; no             ; no              ; no         ; no            ; no       ; Off          ; LVTTL        ; 24mA             ; Off         ; Fitter               ; Unspecified ;
; outArr[2][19] ; K3    ; 5        ; 67           ; 30           ; 2           ; no              ; no                     ; no            ; no             ; no              ; no         ; no            ; no       ; Off          ; LVTTL        ; 24mA             ; Off         ; Fitter               ; Unspecified ;
; outArr[2][1]  ; K8    ; 5        ; 67           ; 35           ; 0           ; no              ; no                     ; no            ; no             ; no              ; no         ; no            ; no       ; Off          ; LVTTL        ; 24mA             ; Off         ; Fitter               ; Unspecified ;
; outArr[2][20] ; Y2    ; 6        ; 67           ; 10           ; 3           ; no              ; no                     ; no            ; no             ; no              ; no         ; no            ; no       ; Off          ; LVTTL        ; 24mA             ; Off         ; Fitter               ; Unspecified ;
; outArr[2][21] ; AD8   ; 7        ; 58           ; 0            ; 1           ; no              ; no                     ; no            ; no             ; no              ; no         ; no            ; no       ; Off          ; LVTTL        ; 24mA             ; Off         ; Fitter               ; Unspecified ;
; outArr[2][22] ; AE10  ; 7        ; 48           ; 0            ; 3           ; no              ; no                     ; no            ; no             ; no              ; no         ; no            ; no       ; Off          ; LVTTL        ; 24mA             ; Off         ; Fitter               ; Unspecified ;
; outArr[2][23] ; N9    ; 5        ; 67           ; 25           ; 0           ; no              ; no                     ; no            ; no             ; no              ; no         ; no            ; no       ; Off          ; LVTTL        ; 24mA             ; Off         ; Fitter               ; Unspecified ;
; outArr[2][24] ; AC11  ; 7        ; 42           ; 0            ; 2           ; no              ; no                     ; no            ; no             ; no              ; no         ; no            ; no       ; Off          ; LVTTL        ; 24mA             ; Off         ; Fitter               ; Unspecified ;
; outArr[2][25] ; AH6   ; 7        ; 62           ; 0            ; 1           ; no              ; no                     ; no            ; no             ; no              ; no         ; no            ; no       ; Off          ; LVTTL        ; 24mA             ; Off         ; Fitter               ; Unspecified ;
; outArr[2][26] ; T6    ; 6        ; 67           ; 13           ; 1           ; no              ; no                     ; no            ; no             ; no              ; no         ; no            ; no       ; Off          ; LVTTL        ; 24mA             ; Off         ; Fitter               ; Unspecified ;
; outArr[2][27] ; AF11  ; 7        ; 48           ; 0            ; 0           ; no              ; no                     ; no            ; no             ; no              ; no         ; no            ; no       ; Off          ; LVTTL        ; 24mA             ; Off         ; Fitter               ; Unspecified ;
; outArr[2][28] ; AF12  ; 7        ; 44           ; 0            ; 5           ; no              ; no                     ; no            ; no             ; no              ; no         ; no            ; no       ; Off          ; LVTTL        ; 24mA             ; Off         ; Fitter               ; Unspecified ;
; outArr[2][29] ; L1    ; 5        ; 67           ; 27           ; 3           ; no              ; no                     ; no            ; no             ; no              ; no         ; no            ; no       ; Off          ; LVTTL        ; 24mA             ; Off         ; Fitter               ; Unspecified ;
; outArr[2][2]  ; H4    ; 5        ; 67           ; 34           ; 2           ; no              ; no                     ; no            ; no             ; no              ; no         ; no            ; no       ; Off          ; LVTTL        ; 24mA             ; Off         ; Fitter               ; Unspecified ;
; outArr[2][30] ; W7    ; 6        ; 67           ; 5            ; 1           ; no              ; no                     ; no            ; no             ; no              ; no         ; no            ; no       ; Off          ; LVTTL        ; 24mA             ; Off         ; Fitter               ; Unspecified ;
; outArr[2][31] ; W11   ; 7        ; 42           ; 0            ; 1           ; no              ; no                     ; no            ; no             ; no              ; no         ; no            ; no       ; Off          ; LVTTL        ; 24mA             ; Off         ; Fitter               ; Unspecified ;
; outArr[2][3]  ; A4    ; 4        ; 66           ; 42           ; 5           ; no              ; no                     ; no            ; no             ; no              ; no         ; no            ; no       ; Off          ; LVTTL        ; 24mA             ; Off         ; Fitter               ; Unspecified ;
; outArr[2][4]  ; H3    ; 5        ; 67           ; 34           ; 3           ; no              ; no                     ; no            ; no             ; no              ; no         ; no            ; no       ; Off          ; LVTTL        ; 24mA             ; Off         ; Fitter               ; Unspecified ;
; outArr[2][5]  ; K7    ; 5        ; 67           ; 35           ; 1           ; no              ; no                     ; no            ; no             ; no              ; no         ; no            ; no       ; Off          ; LVTTL        ; 24mA             ; Off         ; Fitter               ; Unspecified ;
; outArr[2][6]  ; M8    ; 5        ; 67           ; 31           ; 1           ; no              ; no                     ; no            ; no             ; no              ; no         ; no            ; no       ; Off          ; LVTTL        ; 24mA             ; Off         ; Fitter               ; Unspecified ;
; outArr[2][7]  ; L6    ; 5        ; 67           ; 33           ; 0           ; no              ; no                     ; no            ; no             ; no              ; no         ; no            ; no       ; Off          ; LVTTL        ; 24mA             ; Off         ; Fitter               ; Unspecified ;
; outArr[2][8]  ; W25   ; 1        ; 0            ; 11           ; 3           ; no              ; no                     ; no            ; no             ; no              ; no         ; no            ; no       ; Off          ; LVTTL        ; 24mA             ; Off         ; Fitter               ; Unspecified ;
; outArr[2][9]  ; V22   ; 1        ; 0            ; 7            ; 0           ; no              ; no                     ; no            ; no             ; no              ; no         ; no            ; no       ; Off          ; LVTTL        ; 24mA             ; Off         ; Fitter               ; Unspecified ;
; outArr[3][0]  ; V9    ; 6        ; 67           ; 9            ; 1           ; no              ; no                     ; no            ; no             ; no              ; no         ; no            ; no       ; Off          ; LVTTL        ; 24mA             ; Off         ; Fitter               ; Unspecified ;
; outArr[3][10] ; AA26  ; 1        ; 0            ; 7            ; 3           ; no              ; no                     ; no            ; no             ; no              ; no         ; no            ; no       ; Off          ; LVTTL        ; 24mA             ; Off         ; Fitter               ; Unspecified ;
; outArr[3][11] ; Y16   ; 12       ; 29           ; 0            ; 3           ; no              ; no                     ; no            ; no             ; no              ; no         ; no            ; no       ; Off          ; LVTTL        ; 24mA             ; Off         ; Fitter               ; Unspecified ;
; outArr[3][12] ; Y28   ; 1        ; 0            ; 10           ; 2           ; no              ; no                     ; no            ; no             ; no              ; no         ; no            ; no       ; Off          ; LVTTL        ; 24mA             ; Off         ; Fitter               ; Unspecified ;
; outArr[3][13] ; V23   ; 1        ; 0            ; 8            ; 1           ; no              ; no                     ; no            ; no             ; no              ; no         ; no            ; no       ; Off          ; LVTTL        ; 24mA             ; Off         ; Fitter               ; Unspecified ;
; outArr[3][14] ; T28   ; 1        ; 0            ; 16           ; 2           ; no              ; no                     ; no            ; no             ; no              ; no         ; no            ; no       ; Off          ; LVTTL        ; 24mA             ; Off         ; Fitter               ; Unspecified ;
; outArr[3][15] ; N26   ; 2        ; 0            ; 28           ; 0           ; no              ; no                     ; no            ; no             ; no              ; no         ; no            ; no       ; Off          ; LVTTL        ; 24mA             ; Off         ; Fitter               ; Unspecified ;
; outArr[3][16] ; AB27  ; 1        ; 0            ; 6            ; 3           ; no              ; no                     ; no            ; no             ; no              ; no         ; no            ; no       ; Off          ; LVTTL        ; 24mA             ; Off         ; Fitter               ; Unspecified ;
; outArr[3][17] ; Y20   ; 8        ; 23           ; 0            ; 4           ; no              ; no                     ; no            ; no             ; no              ; no         ; no            ; no       ; Off          ; LVTTL        ; 24mA             ; Off         ; Fitter               ; Unspecified ;
; outArr[3][18] ; Y17   ; 8        ; 27           ; 0            ; 1           ; no              ; no                     ; no            ; no             ; no              ; no         ; no            ; no       ; Off          ; LVTTL        ; 24mA             ; Off         ; Fitter               ; Unspecified ;
; outArr[3][19] ; V28   ; 1        ; 0            ; 14           ; 3           ; no              ; no                     ; no            ; no             ; no              ; no         ; no            ; no       ; Off          ; LVTTL        ; 24mA             ; Off         ; Fitter               ; Unspecified ;
; outArr[3][1]  ; U10   ; 6        ; 67           ; 12           ; 0           ; no              ; no                     ; no            ; no             ; no              ; no         ; no            ; no       ; Off          ; LVTTL        ; 24mA             ; Off         ; Fitter               ; Unspecified ;
; outArr[3][20] ; J28   ; 2        ; 0            ; 31           ; 3           ; no              ; no                     ; no            ; no             ; no              ; no         ; no            ; no       ; Off          ; LVTTL        ; 24mA             ; Off         ; Fitter               ; Unspecified ;
; outArr[3][21] ; AA27  ; 1        ; 0            ; 8            ; 3           ; no              ; no                     ; no            ; no             ; no              ; no         ; no            ; no       ; Off          ; LVTTL        ; 24mA             ; Off         ; Fitter               ; Unspecified ;
; outArr[3][22] ; L4    ; 5        ; 67           ; 28           ; 2           ; no              ; no                     ; no            ; no             ; no              ; no         ; no            ; no       ; Off          ; LVTTL        ; 24mA             ; Off         ; Fitter               ; Unspecified ;
; outArr[3][23] ; AB1   ; 6        ; 67           ; 6            ; 2           ; no              ; no                     ; no            ; no             ; no              ; no         ; no            ; no       ; Off          ; LVTTL        ; 24mA             ; Off         ; Fitter               ; Unspecified ;
; outArr[3][24] ; AA3   ; 6        ; 67           ; 7            ; 3           ; no              ; no                     ; no            ; no             ; no              ; no         ; no            ; no       ; Off          ; LVTTL        ; 24mA             ; Off         ; Fitter               ; Unspecified ;
; outArr[3][25] ; U6    ; 6        ; 67           ; 11           ; 1           ; no              ; no                     ; no            ; no             ; no              ; no         ; no            ; no       ; Off          ; LVTTL        ; 24mA             ; Off         ; Fitter               ; Unspecified ;
; outArr[3][26] ; AH7   ; 7        ; 60           ; 0            ; 3           ; no              ; no                     ; no            ; no             ; no              ; no         ; no            ; no       ; Off          ; LVTTL        ; 24mA             ; Off         ; Fitter               ; Unspecified ;
; outArr[3][27] ; T4    ; 6        ; 67           ; 16           ; 1           ; no              ; no                     ; no            ; no             ; no              ; no         ; no            ; no       ; Off          ; LVTTL        ; 24mA             ; Off         ; Fitter               ; Unspecified ;
; outArr[3][28] ; T1    ; 6        ; 67           ; 16           ; 2           ; no              ; no                     ; no            ; no             ; no              ; no         ; no            ; no       ; Off          ; LVTTL        ; 24mA             ; Off         ; Fitter               ; Unspecified ;
; outArr[3][29] ; V2    ; 6        ; 67           ; 14           ; 2           ; no              ; no                     ; no            ; no             ; no              ; no         ; no            ; no       ; Off          ; LVTTL        ; 24mA             ; Off         ; Fitter               ; Unspecified ;
; outArr[3][2]  ; AG11  ; 7        ; 46           ; 0            ; 2           ; no              ; no                     ; no            ; no             ; no              ; no         ; no            ; no       ; Off          ; LVTTL        ; 24mA             ; Off         ; Fitter               ; Unspecified ;
; outArr[3][30] ; Y11   ; 7        ; 40           ; 0            ; 0           ; no              ; no                     ; no            ; no             ; no              ; no         ; no            ; no       ; Off          ; LVTTL        ; 24mA             ; Off         ; Fitter               ; Unspecified ;
; outArr[3][31] ; AE6   ; 7        ; 62           ; 0            ; 5           ; no              ; no                     ; no            ; no             ; no              ; no         ; no            ; no       ; Off          ; LVTTL        ; 24mA             ; Off         ; Fitter               ; Unspecified ;
; outArr[3][3]  ; AG20  ; 8        ; 9            ; 0            ; 4           ; no              ; no                     ; no            ; no             ; no              ; no         ; no            ; no       ; Off          ; LVTTL        ; 24mA             ; Off         ; Fitter               ; Unspecified ;
; outArr[3][4]  ; AE20  ; 8        ; 9            ; 0            ; 5           ; no              ; no                     ; no            ; no             ; no              ; no         ; no            ; no       ; Off          ; LVTTL        ; 24mA             ; Off         ; Fitter               ; Unspecified ;
; outArr[3][5]  ; AF16  ; 8        ; 23           ; 0            ; 2           ; no              ; no                     ; no            ; no             ; no              ; no         ; no            ; no       ; Off          ; LVTTL        ; 24mA             ; Off         ; Fitter               ; Unspecified ;
; outArr[3][6]  ; U20   ; 1        ; 0            ; 12           ; 1           ; no              ; no                     ; no            ; no             ; no              ; no         ; no            ; no       ; Off          ; LVTTL        ; 24mA             ; Off         ; Fitter               ; Unspecified ;
; outArr[3][7]  ; AE17  ; 8        ; 21           ; 0            ; 3           ; no              ; no                     ; no            ; no             ; no              ; no         ; no            ; no       ; Off          ; LVTTL        ; 24mA             ; Off         ; Fitter               ; Unspecified ;
; outArr[3][8]  ; AH22  ; 8        ; 7            ; 0            ; 2           ; no              ; no                     ; no            ; no             ; no              ; no         ; no            ; no       ; Off          ; LVTTL        ; 24mA             ; Off         ; Fitter               ; Unspecified ;
; outArr[3][9]  ; AF19  ; 8        ; 12           ; 0            ; 4           ; no              ; no                     ; no            ; no             ; no              ; no         ; no            ; no       ; Off          ; LVTTL        ; 24mA             ; Off         ; Fitter               ; Unspecified ;
; outArr[4][0]  ; J4    ; 5        ; 67           ; 32           ; 2           ; no              ; no                     ; no            ; no             ; no              ; no         ; no            ; no       ; Off          ; LVTTL        ; 24mA             ; Off         ; Fitter               ; Unspecified ;
; outArr[4][10] ; AE19  ; 8        ; 12           ; 0            ; 0           ; no              ; no                     ; no            ; no             ; no              ; no         ; no            ; no       ; Off          ; LVTTL        ; 24mA             ; Off         ; Fitter               ; Unspecified ;
; outArr[4][11] ; AB19  ; 8        ; 14           ; 0            ; 2           ; no              ; no                     ; no            ; no             ; no              ; no         ; no            ; no       ; Off          ; LVTTL        ; 24mA             ; Off         ; Fitter               ; Unspecified ;
; outArr[4][12] ; AG17  ; 8        ; 21           ; 0            ; 0           ; no              ; no                     ; no            ; no             ; no              ; no         ; no            ; no       ; Off          ; LVTTL        ; 24mA             ; Off         ; Fitter               ; Unspecified ;
; outArr[4][13] ; M25   ; 2        ; 0            ; 26           ; 2           ; no              ; no                     ; no            ; no             ; no              ; no         ; no            ; no       ; Off          ; LVTTL        ; 24mA             ; Off         ; Fitter               ; Unspecified ;
; outArr[4][14] ; AC22  ; 8        ; 25           ; 0            ; 1           ; no              ; no                     ; no            ; no             ; no              ; no         ; no            ; no       ; Off          ; LVTTL        ; 24mA             ; Off         ; Fitter               ; Unspecified ;
; outArr[4][15] ; W26   ; 1        ; 0            ; 11           ; 2           ; no              ; no                     ; no            ; no             ; no              ; no         ; no            ; no       ; Off          ; LVTTL        ; 24mA             ; Off         ; Fitter               ; Unspecified ;
; outArr[4][16] ; K10   ; 4        ; 46           ; 42           ; 2           ; no              ; no                     ; no            ; no             ; no              ; no         ; no            ; no       ; Off          ; LVTTL        ; 24mA             ; Off         ; Fitter               ; Unspecified ;
; outArr[4][17] ; D1    ; 5        ; 67           ; 40           ; 3           ; no              ; no                     ; no            ; no             ; no              ; no         ; no            ; no       ; Off          ; LVTTL        ; 24mA             ; Off         ; Fitter               ; Unspecified ;
; outArr[4][18] ; C2    ; 5        ; 67           ; 41           ; 2           ; no              ; no                     ; no            ; no             ; no              ; no         ; no            ; no       ; Off          ; LVTTL        ; 24mA             ; Off         ; Fitter               ; Unspecified ;
; outArr[4][19] ; A10   ; 4        ; 53           ; 42           ; 3           ; no              ; no                     ; no            ; no             ; no              ; no         ; no            ; no       ; Off          ; LVTTL        ; 24mA             ; Off         ; Fitter               ; Unspecified ;
; outArr[4][1]  ; U8    ; 6        ; 67           ; 10           ; 0           ; no              ; no                     ; no            ; no             ; no              ; no         ; no            ; no       ; Off          ; LVTTL        ; 24mA             ; Off         ; Fitter               ; Unspecified ;
; outArr[4][20] ; C10   ; 4        ; 53           ; 42           ; 0           ; no              ; no                     ; no            ; no             ; no              ; no         ; no            ; no       ; Off          ; LVTTL        ; 24mA             ; Off         ; Fitter               ; Unspecified ;
; outArr[4][21] ; A6    ; 4        ; 62           ; 42           ; 1           ; no              ; no                     ; no            ; no             ; no              ; no         ; no            ; no       ; Off          ; LVTTL        ; 24mA             ; Off         ; Fitter               ; Unspecified ;
; outArr[4][22] ; G11   ; 4        ; 46           ; 42           ; 0           ; no              ; no                     ; no            ; no             ; no              ; no         ; no            ; no       ; Off          ; LVTTL        ; 24mA             ; Off         ; Fitter               ; Unspecified ;
; outArr[4][23] ; B6    ; 4        ; 60           ; 42           ; 5           ; no              ; no                     ; no            ; no             ; no              ; no         ; no            ; no       ; Off          ; LVTTL        ; 24mA             ; Off         ; Fitter               ; Unspecified ;
; outArr[4][24] ; D7    ; 4        ; 60           ; 42           ; 1           ; no              ; no                     ; no            ; no             ; no              ; no         ; no            ; no       ; Off          ; LVTTL        ; 24mA             ; Off         ; Fitter               ; Unspecified ;
; outArr[4][25] ; A8    ; 4        ; 55           ; 42           ; 0           ; no              ; no                     ; no            ; no             ; no              ; no         ; no            ; no       ; Off          ; LVTTL        ; 24mA             ; Off         ; Fitter               ; Unspecified ;
; outArr[4][26] ; W3    ; 6        ; 67           ; 11           ; 2           ; no              ; no                     ; no            ; no             ; no              ; no         ; no            ; no       ; Off          ; LVTTL        ; 24mA             ; Off         ; Fitter               ; Unspecified ;
; outArr[4][27] ; AA4   ; 6        ; 67           ; 7            ; 2           ; no              ; no                     ; no            ; no             ; no              ; no         ; no            ; no       ; Off          ; LVTTL        ; 24mA             ; Off         ; Fitter               ; Unspecified ;
; outArr[4][28] ; AD13  ; 7        ; 42           ; 0            ; 0           ; no              ; no                     ; no            ; no             ; no              ; no         ; no            ; no       ; Off          ; LVTTL        ; 24mA             ; Off         ; Fitter               ; Unspecified ;
; outArr[4][29] ; W12   ; 7        ; 40           ; 0            ; 3           ; no              ; no                     ; no            ; no             ; no              ; no         ; no            ; no       ; Off          ; LVTTL        ; 24mA             ; Off         ; Fitter               ; Unspecified ;
; outArr[4][2]  ; AF5   ; 7        ; 62           ; 0            ; 2           ; no              ; no                     ; no            ; no             ; no              ; no         ; no            ; no       ; Off          ; LVTTL        ; 24mA             ; Off         ; Fitter               ; Unspecified ;
; outArr[4][30] ; W1    ; 6        ; 67           ; 12           ; 2           ; no              ; no                     ; no            ; no             ; no              ; no         ; no            ; no       ; Off          ; LVTTL        ; 24mA             ; Off         ; Fitter               ; Unspecified ;
; outArr[4][31] ; AF8   ; 7        ; 58           ; 0            ; 3           ; no              ; no                     ; no            ; no             ; no              ; no         ; no            ; no       ; Off          ; LVTTL        ; 24mA             ; Off         ; Fitter               ; Unspecified ;
; outArr[4][3]  ; AD5   ; 7        ; 62           ; 0            ; 0           ; no              ; no                     ; no            ; no             ; no              ; no         ; no            ; no       ; Off          ; LVTTL        ; 24mA             ; Off         ; Fitter               ; Unspecified ;
; outArr[4][4]  ; K2    ; 5        ; 67           ; 29           ; 2           ; no              ; no                     ; no            ; no             ; no              ; no         ; no            ; no       ; Off          ; LVTTL        ; 24mA             ; Off         ; Fitter               ; Unspecified ;
; outArr[4][5]  ; L10   ; 5        ; 67           ; 32           ; 1           ; no              ; no                     ; no            ; no             ; no              ; no         ; no            ; no       ; Off          ; LVTTL        ; 24mA             ; Off         ; Fitter               ; Unspecified ;
; outArr[4][6]  ; AD17  ; 8        ; 21           ; 0            ; 2           ; no              ; no                     ; no            ; no             ; no              ; no         ; no            ; no       ; Off          ; LVTTL        ; 24mA             ; Off         ; Fitter               ; Unspecified ;
; outArr[4][7]  ; U23   ; 1        ; 0            ; 11           ; 1           ; no              ; no                     ; no            ; no             ; no              ; no         ; no            ; no       ; Off          ; LVTTL        ; 24mA             ; Off         ; Fitter               ; Unspecified ;
; outArr[4][8]  ; V26   ; 1        ; 0            ; 13           ; 2           ; no              ; no                     ; no            ; no             ; no              ; no         ; no            ; no       ; Off          ; LVTTL        ; 24mA             ; Off         ; Fitter               ; Unspecified ;
; outArr[4][9]  ; Y25   ; 1        ; 0            ; 9            ; 3           ; no              ; no                     ; no            ; no             ; no              ; no         ; no            ; no       ; Off          ; LVTTL        ; 24mA             ; Off         ; Fitter               ; Unspecified ;
; outArr[5][0]  ; AD10  ; 7        ; 53           ; 0            ; 0           ; no              ; no                     ; no            ; no             ; no              ; no         ; no            ; no       ; Off          ; LVTTL        ; 24mA             ; Off         ; Fitter               ; Unspecified ;
; outArr[5][10] ; AF20  ; 8        ; 12           ; 0            ; 1           ; no              ; no                     ; no            ; no             ; no              ; no         ; no            ; no       ; Off          ; LVTTL        ; 24mA             ; Off         ; Fitter               ; Unspecified ;
; outArr[5][11] ; T20   ; 1        ; 0            ; 15           ; 1           ; no              ; no                     ; no            ; no             ; no              ; no         ; no            ; no       ; Off          ; LVTTL        ; 24mA             ; Off         ; Fitter               ; Unspecified ;
; outArr[5][12] ; AA18  ; 8        ; 25           ; 0            ; 2           ; no              ; no                     ; no            ; no             ; no              ; no         ; no            ; no       ; Off          ; LVTTL        ; 24mA             ; Off         ; Fitter               ; Unspecified ;
; outArr[5][13] ; L26   ; 2        ; 0            ; 28           ; 3           ; no              ; no                     ; no            ; no             ; no              ; no         ; no            ; no       ; Off          ; LVTTL        ; 24mA             ; Off         ; Fitter               ; Unspecified ;
; outArr[5][14] ; U21   ; 1        ; 0            ; 10           ; 0           ; no              ; no                     ; no            ; no             ; no              ; no         ; no            ; no       ; Off          ; LVTTL        ; 24mA             ; Off         ; Fitter               ; Unspecified ;
; outArr[5][15] ; AF15  ; 12       ; 29           ; 0            ; 4           ; no              ; no                     ; no            ; no             ; no              ; no         ; no            ; no       ; Off          ; LVTTL        ; 24mA             ; Off         ; Fitter               ; Unspecified ;
; outArr[5][16] ; U26   ; 1        ; 0            ; 15           ; 2           ; no              ; no                     ; no            ; no             ; no              ; no         ; no            ; no       ; Off          ; LVTTL        ; 24mA             ; Off         ; Fitter               ; Unspecified ;
; outArr[5][17] ; E2    ; 5        ; 67           ; 39           ; 2           ; no              ; no                     ; no            ; no             ; no              ; no         ; no            ; no       ; Off          ; LVTTL        ; 24mA             ; Off         ; Fitter               ; Unspecified ;
; outArr[5][18] ; B11   ; 4        ; 48           ; 42           ; 1           ; no              ; no                     ; no            ; no             ; no              ; no         ; no            ; no       ; Off          ; LVTTL        ; 24mA             ; Off         ; Fitter               ; Unspecified ;
; outArr[5][19] ; A9    ; 4        ; 55           ; 42           ; 1           ; no              ; no                     ; no            ; no             ; no              ; no         ; no            ; no       ; Off          ; LVTTL        ; 24mA             ; Off         ; Fitter               ; Unspecified ;
; outArr[5][1]  ; AA1   ; 6        ; 67           ; 8            ; 2           ; no              ; no                     ; no            ; no             ; no              ; no         ; no            ; no       ; Off          ; LVTTL        ; 24mA             ; Off         ; Fitter               ; Unspecified ;
; outArr[5][20] ; B10   ; 4        ; 48           ; 42           ; 4           ; no              ; no                     ; no            ; no             ; no              ; no         ; no            ; no       ; Off          ; LVTTL        ; 24mA             ; Off         ; Fitter               ; Unspecified ;
; outArr[5][21] ; H8    ; 5        ; 67           ; 39           ; 1           ; no              ; no                     ; no            ; no             ; no              ; no         ; no            ; no       ; Off          ; LVTTL        ; 24mA             ; Off         ; Fitter               ; Unspecified ;
; outArr[5][22] ; B7    ; 4        ; 60           ; 42           ; 4           ; no              ; no                     ; no            ; no             ; no              ; no         ; no            ; no       ; Off          ; LVTTL        ; 24mA             ; Off         ; Fitter               ; Unspecified ;
; outArr[5][23] ; E13   ; 4        ; 42           ; 42           ; 0           ; no              ; no                     ; no            ; no             ; no              ; no         ; no            ; no       ; Off          ; LVTTL        ; 24mA             ; Off         ; Fitter               ; Unspecified ;
; outArr[5][24] ; G12   ; 4        ; 66           ; 42           ; 2           ; no              ; no                     ; no            ; no             ; no              ; no         ; no            ; no       ; Off          ; LVTTL        ; 24mA             ; Off         ; Fitter               ; Unspecified ;
; outArr[5][25] ; A5    ; 4        ; 64           ; 42           ; 1           ; no              ; no                     ; no            ; no             ; no              ; no         ; no            ; no       ; Off          ; LVTTL        ; 24mA             ; Off         ; Fitter               ; Unspecified ;
; outArr[5][26] ; AG7   ; 7        ; 60           ; 0            ; 0           ; no              ; no                     ; no            ; no             ; no              ; no         ; no            ; no       ; Off          ; LVTTL        ; 24mA             ; Off         ; Fitter               ; Unspecified ;
; outArr[5][27] ; AC10  ; 7        ; 46           ; 0            ; 0           ; no              ; no                     ; no            ; no             ; no              ; no         ; no            ; no       ; Off          ; LVTTL        ; 24mA             ; Off         ; Fitter               ; Unspecified ;
; outArr[5][28] ; AD12  ; 7        ; 42           ; 0            ; 4           ; no              ; no                     ; no            ; no             ; no              ; no         ; no            ; no       ; Off          ; LVTTL        ; 24mA             ; Off         ; Fitter               ; Unspecified ;
; outArr[5][29] ; M3    ; 5        ; 67           ; 26           ; 3           ; no              ; no                     ; no            ; no             ; no              ; no         ; no            ; no       ; Off          ; LVTTL        ; 24mA             ; Off         ; Fitter               ; Unspecified ;
; outArr[5][2]  ; U5    ; 6        ; 67           ; 11           ; 0           ; no              ; no                     ; no            ; no             ; no              ; no         ; no            ; no       ; Off          ; LVTTL        ; 24mA             ; Off         ; Fitter               ; Unspecified ;
; outArr[5][30] ; B4    ; 4        ; 64           ; 42           ; 2           ; no              ; no                     ; no            ; no             ; no              ; no         ; no            ; no       ; Off          ; LVTTL        ; 24mA             ; Off         ; Fitter               ; Unspecified ;
; outArr[5][31] ; M9    ; 5        ; 67           ; 29           ; 0           ; no              ; no                     ; no            ; no             ; no              ; no         ; no            ; no       ; Off          ; LVTTL        ; 24mA             ; Off         ; Fitter               ; Unspecified ;
; outArr[5][3]  ; M4    ; 5        ; 67           ; 26           ; 2           ; no              ; no                     ; no            ; no             ; no              ; no         ; no            ; no       ; Off          ; LVTTL        ; 24mA             ; Off         ; Fitter               ; Unspecified ;
; outArr[5][4]  ; AG13  ; 7        ; 44           ; 0            ; 1           ; no              ; no                     ; no            ; no             ; no              ; no         ; no            ; no       ; Off          ; LVTTL        ; 24mA             ; Off         ; Fitter               ; Unspecified ;
; outArr[5][5]  ; M2    ; 5        ; 67           ; 25           ; 3           ; no              ; no                     ; no            ; no             ; no              ; no         ; no            ; no       ; Off          ; LVTTL        ; 24mA             ; Off         ; Fitter               ; Unspecified ;
; outArr[5][6]  ; AF13  ; 7        ; 42           ; 0            ; 5           ; no              ; no                     ; no            ; no             ; no              ; no         ; no            ; no       ; Off          ; LVTTL        ; 24mA             ; Off         ; Fitter               ; Unspecified ;
; outArr[5][7]  ; AG8   ; 7        ; 58           ; 0            ; 5           ; no              ; no                     ; no            ; no             ; no              ; no         ; no            ; no       ; Off          ; LVTTL        ; 24mA             ; Off         ; Fitter               ; Unspecified ;
; outArr[5][8]  ; AG18  ; 8        ; 19           ; 0            ; 2           ; no              ; no                     ; no            ; no             ; no              ; no         ; no            ; no       ; Off          ; LVTTL        ; 24mA             ; Off         ; Fitter               ; Unspecified ;
; outArr[5][9]  ; AE23  ; 8        ; 7            ; 0            ; 0           ; no              ; no                     ; no            ; no             ; no              ; no         ; no            ; no       ; Off          ; LVTTL        ; 24mA             ; Off         ; Fitter               ; Unspecified ;
; outArr[6][0]  ; B8    ; 4        ; 55           ; 42           ; 3           ; no              ; no                     ; no            ; no             ; no              ; no         ; no            ; no       ; Off          ; LVTTL        ; 24mA             ; Off         ; Fitter               ; Unspecified ;
; outArr[6][10] ; J22   ; 2        ; 0            ; 36           ; 1           ; no              ; no                     ; no            ; no             ; no              ; no         ; no            ; no       ; Off          ; LVTTL        ; 24mA             ; Off         ; Fitter               ; Unspecified ;
; outArr[6][11] ; K22   ; 2        ; 0            ; 35           ; 1           ; no              ; no                     ; no            ; no             ; no              ; no         ; no            ; no       ; Off          ; LVTTL        ; 24mA             ; Off         ; Fitter               ; Unspecified ;
; outArr[6][12] ; H27   ; 2        ; 0            ; 33           ; 2           ; no              ; no                     ; no            ; no             ; no              ; no         ; no            ; no       ; Off          ; LVTTL        ; 24mA             ; Off         ; Fitter               ; Unspecified ;
; outArr[6][13] ; G25   ; 2        ; 0            ; 36           ; 3           ; no              ; no                     ; no            ; no             ; no              ; no         ; no            ; no       ; Off          ; LVTTL        ; 24mA             ; Off         ; Fitter               ; Unspecified ;
; outArr[6][14] ; C20   ; 3        ; 12           ; 42           ; 1           ; no              ; no                     ; no            ; no             ; no              ; no         ; no            ; no       ; Off          ; LVTTL        ; 24mA             ; Off         ; Fitter               ; Unspecified ;
; outArr[6][15] ; B26   ; 3        ; 1            ; 42           ; 0           ; no              ; no                     ; no            ; no             ; no              ; no         ; no            ; no       ; Off          ; LVTTL        ; 24mA             ; Off         ; Fitter               ; Unspecified ;
; outArr[6][16] ; K19   ; 3        ; 21           ; 42           ; 1           ; no              ; no                     ; no            ; no             ; no              ; no         ; no            ; no       ; Off          ; LVTTL        ; 24mA             ; Off         ; Fitter               ; Unspecified ;
; outArr[6][17] ; H17   ; 3        ; 25           ; 42           ; 2           ; no              ; no                     ; no            ; no             ; no              ; no         ; no            ; no       ; Off          ; LVTTL        ; 24mA             ; Off         ; Fitter               ; Unspecified ;
; outArr[6][18] ; A21   ; 3        ; 9            ; 42           ; 5           ; no              ; no                     ; no            ; no             ; no              ; no         ; no            ; no       ; Off          ; LVTTL        ; 24mA             ; Off         ; Fitter               ; Unspecified ;
; outArr[6][19] ; F19   ; 3        ; 14           ; 42           ; 4           ; no              ; no                     ; no            ; no             ; no              ; no         ; no            ; no       ; Off          ; LVTTL        ; 24mA             ; Off         ; Fitter               ; Unspecified ;
; outArr[6][1]  ; H11   ; 4        ; 46           ; 42           ; 3           ; no              ; no                     ; no            ; no             ; no              ; no         ; no            ; no       ; Off          ; LVTTL        ; 24mA             ; Off         ; Fitter               ; Unspecified ;
; outArr[6][20] ; F20   ; 3        ; 5            ; 42           ; 0           ; no              ; no                     ; no            ; no             ; no              ; no         ; no            ; no       ; Off          ; LVTTL        ; 24mA             ; Off         ; Fitter               ; Unspecified ;
; outArr[6][21] ; M18   ; 3        ; 25           ; 42           ; 5           ; no              ; no                     ; no            ; no             ; no              ; no         ; no            ; no       ; Off          ; LVTTL        ; 24mA             ; Off         ; Fitter               ; Unspecified ;
; outArr[6][22] ; W4    ; 6        ; 67           ; 11           ; 3           ; no              ; no                     ; no            ; no             ; no              ; no         ; no            ; no       ; Off          ; LVTTL        ; 24mA             ; Off         ; Fitter               ; Unspecified ;
; outArr[6][23] ; AH5   ; 7        ; 62           ; 0            ; 4           ; no              ; no                     ; no            ; no             ; no              ; no         ; no            ; no       ; Off          ; LVTTL        ; 24mA             ; Off         ; Fitter               ; Unspecified ;
; outArr[6][24] ; W5    ; 6        ; 67           ; 6            ; 1           ; no              ; no                     ; no            ; no             ; no              ; no         ; no            ; no       ; Off          ; LVTTL        ; 24mA             ; Off         ; Fitter               ; Unspecified ;
; outArr[6][25] ; J1    ; 5        ; 67           ; 31           ; 3           ; no              ; no                     ; no            ; no             ; no              ; no         ; no            ; no       ; Off          ; LVTTL        ; 24mA             ; Off         ; Fitter               ; Unspecified ;
; outArr[6][26] ; AH8   ; 7        ; 55           ; 0            ; 2           ; no              ; no                     ; no            ; no             ; no              ; no         ; no            ; no       ; Off          ; LVTTL        ; 24mA             ; Off         ; Fitter               ; Unspecified ;
; outArr[6][27] ; T9    ; 6        ; 67           ; 14           ; 0           ; no              ; no                     ; no            ; no             ; no              ; no         ; no            ; no       ; Off          ; LVTTL        ; 24mA             ; Off         ; Fitter               ; Unspecified ;
; outArr[6][28] ; AG12  ; 7        ; 44           ; 0            ; 4           ; no              ; no                     ; no            ; no             ; no              ; no         ; no            ; no       ; Off          ; LVTTL        ; 24mA             ; Off         ; Fitter               ; Unspecified ;
; outArr[6][29] ; N6    ; 5        ; 67           ; 26           ; 0           ; no              ; no                     ; no            ; no             ; no              ; no         ; no            ; no       ; Off          ; LVTTL        ; 24mA             ; Off         ; Fitter               ; Unspecified ;
; outArr[6][2]  ; K11   ; 4        ; 44           ; 42           ; 4           ; no              ; no                     ; no            ; no             ; no              ; no         ; no            ; no       ; Off          ; LVTTL        ; 24mA             ; Off         ; Fitter               ; Unspecified ;
; outArr[6][30] ; U2    ; 6        ; 67           ; 16           ; 3           ; no              ; no                     ; no            ; no             ; no              ; no         ; no            ; no       ; Off          ; LVTTL        ; 24mA             ; Off         ; Fitter               ; Unspecified ;
; outArr[6][31] ; N10   ; 5        ; 67           ; 25           ; 1           ; no              ; no                     ; no            ; no             ; no              ; no         ; no            ; no       ; Off          ; LVTTL        ; 24mA             ; Off         ; Fitter               ; Unspecified ;
; outArr[6][3]  ; L13   ; 4        ; 38           ; 42           ; 0           ; no              ; no                     ; no            ; no             ; no              ; no         ; no            ; no       ; Off          ; LVTTL        ; 24mA             ; Off         ; Fitter               ; Unspecified ;
; outArr[6][4]  ; K21   ; 2        ; 0            ; 35           ; 0           ; no              ; no                     ; no            ; no             ; no              ; no         ; no            ; no       ; Off          ; LVTTL        ; 24mA             ; Off         ; Fitter               ; Unspecified ;
; outArr[6][5]  ; D28   ; 2        ; 0            ; 40           ; 3           ; no              ; no                     ; no            ; no             ; no              ; no         ; no            ; no       ; Off          ; LVTTL        ; 24mA             ; Off         ; Fitter               ; Unspecified ;
; outArr[6][6]  ; AD19  ; 8        ; 12           ; 0            ; 2           ; no              ; no                     ; no            ; no             ; no              ; no         ; no            ; no       ; Off          ; LVTTL        ; 24mA             ; Off         ; Fitter               ; Unspecified ;
; outArr[6][7]  ; F17   ; 3        ; 25           ; 42           ; 3           ; no              ; no                     ; no            ; no             ; no              ; no         ; no            ; no       ; Off          ; LVTTL        ; 24mA             ; Off         ; Fitter               ; Unspecified ;
; outArr[6][8]  ; H25   ; 2        ; 0            ; 34           ; 3           ; no              ; no                     ; no            ; no             ; no              ; no         ; no            ; no       ; Off          ; LVTTL        ; 24mA             ; Off         ; Fitter               ; Unspecified ;
; outArr[6][9]  ; D22   ; 3        ; 7            ; 42           ; 0           ; no              ; no                     ; no            ; no             ; no              ; no         ; no            ; no       ; Off          ; LVTTL        ; 24mA             ; Off         ; Fitter               ; Unspecified ;
; outArr[7][0]  ; F26   ; 2        ; 0            ; 38           ; 3           ; no              ; no                     ; no            ; no             ; no              ; no         ; no            ; no       ; Off          ; LVTTL        ; 24mA             ; Off         ; Fitter               ; Unspecified ;
; outArr[7][10] ; C23   ; 3        ; 5            ; 42           ; 4           ; no              ; no                     ; no            ; no             ; no              ; no         ; no            ; no       ; Off          ; LVTTL        ; 24mA             ; Off         ; Fitter               ; Unspecified ;
; outArr[7][11] ; H21   ; 2        ; 0            ; 39           ; 1           ; no              ; no                     ; no            ; no             ; no              ; no         ; no            ; no       ; Off          ; LVTTL        ; 24mA             ; Off         ; Fitter               ; Unspecified ;
; outArr[7][12] ; E28   ; 2        ; 0            ; 39           ; 3           ; no              ; no                     ; no            ; no             ; no              ; no         ; no            ; no       ; Off          ; LVTTL        ; 24mA             ; Off         ; Fitter               ; Unspecified ;
; outArr[7][13] ; G21   ; 3        ; 3            ; 42           ; 1           ; no              ; no                     ; no            ; no             ; no              ; no         ; no            ; no       ; Off          ; LVTTL        ; 24mA             ; Off         ; Fitter               ; Unspecified ;
; outArr[7][14] ; G23   ; 2        ; 0            ; 41           ; 0           ; no              ; no                     ; no            ; no             ; no              ; no         ; no            ; no       ; Off          ; LVTTL        ; 24mA             ; Off         ; Fitter               ; Unspecified ;
; outArr[7][15] ; G22   ; 3        ; 1            ; 42           ; 3           ; no              ; no                     ; no            ; no             ; no              ; no         ; no            ; no       ; Off          ; LVTTL        ; 24mA             ; Off         ; Fitter               ; Unspecified ;
; outArr[7][16] ; C28   ; 2        ; 0            ; 41           ; 3           ; no              ; no                     ; no            ; no             ; no              ; no         ; no            ; no       ; Off          ; LVTTL        ; 24mA             ; Off         ; Fitter               ; Unspecified ;
; outArr[7][17] ; E17   ; 3        ; 23           ; 42           ; 1           ; no              ; no                     ; no            ; no             ; no              ; no         ; no            ; no       ; Off          ; LVTTL        ; 24mA             ; Off         ; Fitter               ; Unspecified ;
; outArr[7][18] ; D11   ; 4        ; 48           ; 42           ; 0           ; no              ; no                     ; no            ; no             ; no              ; no         ; no            ; no       ; Off          ; LVTTL        ; 24mA             ; Off         ; Fitter               ; Unspecified ;
; outArr[7][19] ; E1    ; 5        ; 67           ; 39           ; 3           ; no              ; no                     ; no            ; no             ; no              ; no         ; no            ; no       ; Off          ; LVTTL        ; 24mA             ; Off         ; Fitter               ; Unspecified ;
; outArr[7][1]  ; E19   ; 3        ; 14           ; 42           ; 1           ; no              ; no                     ; no            ; no             ; no              ; no         ; no            ; no       ; Off          ; LVTTL        ; 24mA             ; Off         ; Fitter               ; Unspecified ;
; outArr[7][20] ; B5    ; 4        ; 64           ; 42           ; 5           ; no              ; no                     ; no            ; no             ; no              ; no         ; no            ; no       ; Off          ; LVTTL        ; 24mA             ; Off         ; Fitter               ; Unspecified ;
; outArr[7][21] ; J13   ; 4        ; 38           ; 42           ; 2           ; no              ; no                     ; no            ; no             ; no              ; no         ; no            ; no       ; Off          ; LVTTL        ; 24mA             ; Off         ; Fitter               ; Unspecified ;
; outArr[7][22] ; D23   ; 3        ; 7            ; 42           ; 3           ; no              ; no                     ; no            ; no             ; no              ; no         ; no            ; no       ; Off          ; LVTTL        ; 24mA             ; Off         ; Fitter               ; Unspecified ;
; outArr[7][23] ; B16   ; 3        ; 23           ; 42           ; 0           ; no              ; no                     ; no            ; no             ; no              ; no         ; no            ; no       ; Off          ; LVTTL        ; 24mA             ; Off         ; Fitter               ; Unspecified ;
; outArr[7][24] ; D15   ; 9        ; 31           ; 42           ; 5           ; no              ; no                     ; no            ; no             ; no              ; no         ; no            ; no       ; Off          ; LVTTL        ; 24mA             ; Off         ; Fitter               ; Unspecified ;
; outArr[7][25] ; H7    ; 5        ; 67           ; 39           ; 0           ; no              ; no                     ; no            ; no             ; no              ; no         ; no            ; no       ; Off          ; LVTTL        ; 24mA             ; Off         ; Fitter               ; Unspecified ;
; outArr[7][26] ; B25   ; 3        ; 1            ; 42           ; 5           ; no              ; no                     ; no            ; no             ; no              ; no         ; no            ; no       ; Off          ; LVTTL        ; 24mA             ; Off         ; Fitter               ; Unspecified ;
; outArr[7][27] ; D10   ; 4        ; 53           ; 42           ; 1           ; no              ; no                     ; no            ; no             ; no              ; no         ; no            ; no       ; Off          ; LVTTL        ; 24mA             ; Off         ; Fitter               ; Unspecified ;
; outArr[7][28] ; F12   ; 4        ; 42           ; 42           ; 2           ; no              ; no                     ; no            ; no             ; no              ; no         ; no            ; no       ; Off          ; LVTTL        ; 24mA             ; Off         ; Fitter               ; Unspecified ;
; outArr[7][29] ; H9    ; 4        ; 62           ; 42           ; 2           ; no              ; no                     ; no            ; no             ; no              ; no         ; no            ; no       ; Off          ; LVTTL        ; 24mA             ; Off         ; Fitter               ; Unspecified ;
; outArr[7][2]  ; F21   ; 3        ; 5            ; 42           ; 1           ; no              ; no                     ; no            ; no             ; no              ; no         ; no            ; no       ; Off          ; LVTTL        ; 24mA             ; Off         ; Fitter               ; Unspecified ;
; outArr[7][30] ; B12   ; 4        ; 46           ; 42           ; 1           ; no              ; no                     ; no            ; no             ; no              ; no         ; no            ; no       ; Off          ; LVTTL        ; 24mA             ; Off         ; Fitter               ; Unspecified ;
; outArr[7][31] ; C9    ; 4        ; 55           ; 42           ; 4           ; no              ; no                     ; no            ; no             ; no              ; no         ; no            ; no       ; Off          ; LVTTL        ; 24mA             ; Off         ; Fitter               ; Unspecified ;
; outArr[7][3]  ; D18   ; 3        ; 19           ; 42           ; 2           ; no              ; no                     ; no            ; no             ; no              ; no         ; no            ; no       ; Off          ; LVTTL        ; 24mA             ; Off         ; Fitter               ; Unspecified ;
; outArr[7][4]  ; H20   ; 3        ; 5            ; 42           ; 2           ; no              ; no                     ; no            ; no             ; no              ; no         ; no            ; no       ; Off          ; LVTTL        ; 24mA             ; Off         ; Fitter               ; Unspecified ;
; outArr[7][5]  ; H19   ; 3        ; 12           ; 42           ; 2           ; no              ; no                     ; no            ; no             ; no              ; no         ; no            ; no       ; Off          ; LVTTL        ; 24mA             ; Off         ; Fitter               ; Unspecified ;
; outArr[7][6]  ; A26   ; 3        ; 1            ; 42           ; 2           ; no              ; no                     ; no            ; no             ; no              ; no         ; no            ; no       ; Off          ; LVTTL        ; 24mA             ; Off         ; Fitter               ; Unspecified ;
; outArr[7][7]  ; A23   ; 3        ; 7            ; 42           ; 1           ; no              ; no                     ; no            ; no             ; no              ; no         ; no            ; no       ; Off          ; LVTTL        ; 24mA             ; Off         ; Fitter               ; Unspecified ;
; outArr[7][8]  ; D27   ; 2        ; 0            ; 40           ; 2           ; no              ; no                     ; no            ; no             ; no              ; no         ; no            ; no       ; Off          ; LVTTL        ; 24mA             ; Off         ; Fitter               ; Unspecified ;
; outArr[7][9]  ; G19   ; 3        ; 14           ; 42           ; 5           ; no              ; no                     ; no            ; no             ; no              ; no         ; no            ; no       ; Off          ; LVTTL        ; 24mA             ; Off         ; Fitter               ; Unspecified ;
; working       ; AD6   ; 7        ; 60           ; 0            ; 5           ; no              ; no                     ; no            ; no             ; no              ; no         ; no            ; no       ; Off          ; LVTTL        ; 24mA             ; Off         ; Fitter               ; Unspecified ;
+---------------+-------+----------+--------------+--------------+-------------+-----------------+------------------------+---------------+----------------+-----------------+------------+---------------+----------+--------------+--------------+------------------+-------------+----------------------+-------------+


+-------------------------------------------------------------+
; I/O Bank Usage                                              ;
+----------+-------------------+---------------+--------------+
; I/O Bank ; Usage             ; VCCIO Voltage ; VREF Voltage ;
+----------+-------------------+---------------+--------------+
; 1        ; 49 / 68 ( 72 % )  ; 3.3V          ; --           ;
; 2        ; 72 / 72 ( 100 % ) ; 3.3V          ; --           ;
; 3        ; 70 / 70 ( 100 % ) ; 3.3V          ; --           ;
; 4        ; 73 / 73 ( 100 % ) ; 3.3V          ; --           ;
; 5        ; 72 / 72 ( 100 % ) ; 3.3V          ; --           ;
; 6        ; 50 / 68 ( 73 % )  ; 3.3V          ; --           ;
; 7        ; 61 / 73 ( 83 % )  ; 3.3V          ; --           ;
; 8        ; 51 / 70 ( 72 % )  ; 3.3V          ; --           ;
; 9        ; 6 / 6 ( 100 % )   ; 3.3V          ; --           ;
; 10       ; 4 / 4 ( 100 % )   ; 3.3V          ; --           ;
; 11       ; 6 / 6 ( 100 % )   ; 3.3V          ; --           ;
; 12       ; 4 / 4 ( 100 % )   ; 3.3V          ; --           ;
+----------+-------------------+---------------+--------------+


+---------------------------------------------------------------------------------------------------------------------------------------------+
; All Package Pins                                                                                                                            ;
+----------+------------+----------+---------------------------+--------+--------------+---------+------------+-------------+-----------------+
; Location ; Pad Number ; I/O Bank ; Pin Name/Usage            ; Dir.   ; I/O Standard ; Voltage ; I/O Type   ; Termination ; User Assignment ;
+----------+------------+----------+---------------------------+--------+--------------+---------+------------+-------------+-----------------+
; A2       ;            ; 4        ; VCCIO4                    ; power  ;              ; 3.3V    ; --         ; --          ;                 ;
; A3       ; 459        ; 4        ; outArr[0][25]             ; output ; LVTTL        ;         ; Column I/O ; Off         ; N               ;
; A4       ; 457        ; 4        ; outArr[2][3]              ; output ; LVTTL        ;         ; Column I/O ; Off         ; N               ;
; A5       ; 467        ; 4        ; outArr[5][25]             ; output ; LVTTL        ;         ; Column I/O ; Off         ; N               ;
; A6       ; 474        ; 4        ; outArr[4][21]             ; output ; LVTTL        ;         ; Column I/O ; Off         ; N               ;
; A7       ; 479        ; 4        ; outArr[1][13]             ; output ; LVTTL        ;         ; Column I/O ; Off         ; N               ;
; A8       ; 491        ; 4        ; outArr[4][25]             ; output ; LVTTL        ;         ; Column I/O ; Off         ; N               ;
; A9       ; 492        ; 4        ; outArr[5][19]             ; output ; LVTTL        ;         ; Column I/O ; Off         ; N               ;
; A10      ; 497        ; 4        ; outArr[4][19]             ; output ; LVTTL        ;         ; Column I/O ; Off         ; N               ;
; A11      ; 502        ; 4        ; inArr[7][18]              ; input  ; LVTTL        ;         ; Column I/O ; Off         ; N               ;
; A12      ;            ; 4        ; VCCIO4                    ; power  ;              ; 3.3V    ; --         ; --          ;                 ;
; A13      ; 515        ; 4        ; inArr[1][1]               ; input  ; LVTTL        ;         ; Column I/O ; Off         ; N               ;
; A14      ;            ;          ; GND                       ; gnd    ;              ;         ; --         ; --          ;                 ;
; A15      ;            ;          ; GND                       ; gnd    ;              ;         ; --         ; --          ;                 ;
; A16      ; 565        ; 3        ; outArr[1][3]              ; output ; LVTTL        ;         ; Column I/O ; Off         ; N               ;
; A17      ;            ; 3        ; VCCIO3                    ; power  ;              ; 3.3V    ; --         ; --          ;                 ;
; A18      ; 574        ; 3        ; outArr[0][30]             ; output ; LVTTL        ;         ; Column I/O ; Off         ; N               ;
; A19      ; 579        ; 3        ; inArr[4][18]              ; input  ; LVTTL        ;         ; Column I/O ; Off         ; N               ;
; A20      ; 590        ; 3        ; outArr[1][12]             ; output ; LVTTL        ;         ; Column I/O ; Off         ; N               ;
; A21      ; 594        ; 3        ; outArr[6][18]             ; output ; LVTTL        ;         ; Column I/O ; Off         ; N               ;
; A22      ; 600        ; 3        ; inArr[0][8]               ; input  ; LVTTL        ;         ; Column I/O ; Off         ; N               ;
; A23      ; 604        ; 3        ; outArr[7][7]              ; output ; LVTTL        ;         ; Column I/O ; Off         ; N               ;
; A24      ; 612        ; 3        ; inArr[1][4]               ; input  ; LVTTL        ;         ; Column I/O ; Off         ; N               ;
; A25      ; 614        ; 3        ; outArr[1][7]              ; output ; LVTTL        ;         ; Column I/O ; Off         ; N               ;
; A26      ; 620        ; 3        ; outArr[7][6]              ; output ; LVTTL        ;         ; Column I/O ; Off         ; N               ;
; A27      ;            ; 3        ; VCCIO3                    ; power  ;              ; 3.3V    ; --         ; --          ;                 ;
; AA1      ; 344        ; 6        ; outArr[5][1]              ; output ; LVTTL        ;         ; Row I/O    ; Off         ; N               ;
; AA2      ; 343        ; 6        ; inArr[4][26]              ; input  ; LVTTL        ;         ; Row I/O    ; Off         ; N               ;
; AA3      ; 339        ; 6        ; outArr[3][24]             ; output ; LVTTL        ;         ; Row I/O    ; Off         ; N               ;
; AA4      ; 340        ; 6        ; outArr[4][27]             ; output ; LVTTL        ;         ; Row I/O    ; Off         ; N               ;
; AA5      ; 316        ; 6        ; GND*                      ;        ;              ;         ; Row I/O    ; --          ;                 ;
; AA6      ; 317        ; 6        ; GND*                      ;        ;              ;         ; Row I/O    ; --          ;                 ;
; AA7      ; 312        ; 6        ; GND*                      ;        ;              ;         ; Row I/O    ; --          ;                 ;
; AA8      ; 313        ; 6        ; GND*                      ;        ;              ;         ; Row I/O    ; --          ;                 ;
; AA9      ; 282        ; 7        ; inArr[7][27]              ; input  ; LVTTL        ;         ; Column I/O ; Off         ; N               ;
; AA10     ; 270        ; 7        ; outArr[2][18]             ; output ; LVTTL        ;         ; Column I/O ; Off         ; N               ;
; AA11     ; 256        ; 7        ; inArr[7][30]              ; input  ; LVTTL        ;         ; Column I/O ; Off         ; N               ;
; AA12     ; 241        ; 7        ; ^VCCSEL                   ;        ;              ;         ; --         ; --          ;                 ;
; AA13     ;            ; 1        ; VCCG_PLL6                 ; power  ;              ; 1.5V    ; --         ; --          ;                 ;
; AA14     ; 226        ; 11       ; outArr[2][13]             ; output ; LVTTL        ;         ; Column I/O ; Off         ; N               ;
; AA15     ; 225        ; 11       ; inArr[2][19]              ; input  ; LVTTL        ;         ; Column I/O ; Off         ; N               ;
; AA16     ;            ;          ; GND                       ; gnd    ;              ;         ; --         ; --          ;                 ;
; AA17     ; 214        ; 8        ; inArr[1][9]               ; input  ; LVTTL        ;         ; Column I/O ; Off         ; N               ;
; AA18     ; 209        ; 8        ; outArr[5][12]             ; output ; LVTTL        ;         ; Column I/O ; Off         ; N               ;
; AA19     ; 198        ; 8        ; inArr[4][13]              ; input  ; LVTTL        ;         ; Column I/O ; Off         ; N               ;
; AA20     ; 189        ; 8        ; inArr[5][9]               ; input  ; LVTTL        ;         ; Column I/O ; Off         ; N               ;
; AA21     ; 142        ; 1        ; GND*                      ;        ;              ;         ; Row I/O    ; --          ;                 ;
; AA22     ; 143        ; 1        ; GND*                      ;        ;              ;         ; Row I/O    ; --          ;                 ;
; AA23     ; 138        ; 1        ; GND*                      ;        ;              ;         ; Row I/O    ; --          ;                 ;
; AA24     ; 139        ; 1        ; GND*                      ;        ;              ;         ; Row I/O    ; --          ;                 ;
; AA25     ; 115        ; 1        ; inArr[4][15]              ; input  ; LVTTL        ;         ; Row I/O    ; Off         ; N               ;
; AA26     ; 116        ; 1        ; outArr[3][10]             ; output ; LVTTL        ;         ; Row I/O    ; Off         ; N               ;
; AA27     ; 112        ; 1        ; outArr[3][21]             ; output ; LVTTL        ;         ; Row I/O    ; Off         ; N               ;
; AA28     ; 111        ; 1        ; outArr[2][14]             ; output ; LVTTL        ;         ; Row I/O    ; Off         ; N               ;
; AB1      ; 336        ; 6        ; outArr[3][23]             ; output ; LVTTL        ;         ; Row I/O    ; Off         ; N               ;
; AB2      ; 335        ; 6        ; outArr[1][24]             ; output ; LVTTL        ;         ; Row I/O    ; Off         ; N               ;
; AB3      ; 332        ; 6        ; GND*                      ;        ;              ;         ; Row I/O    ; --          ;                 ;
; AB4      ; 331        ; 6        ; inArr[5][26]              ; input  ; LVTTL        ;         ; Row I/O    ; Off         ; N               ;
; AB5      ;            ;          ; NC                        ;        ;              ;         ; --         ; --          ;                 ;
; AB6      ;            ;          ; NC                        ;        ;              ;         ; --         ; --          ;                 ;
; AB7      ; 311        ; 7        ; GND*                      ;        ;              ;         ; Column I/O ; --          ;                 ;
; AB8      ; 284        ; 7        ; inArr[1][31]              ; input  ; LVTTL        ;         ; Column I/O ; Off         ; N               ;
; AB9      ; 271        ; 7        ; inArr[6][27]              ; input  ; LVTTL        ;         ; Column I/O ; Off         ; N               ;
; AB10     ; 273        ; 7        ; outArr[0][31]             ; output ; LVTTL        ;         ; Column I/O ; Off         ; N               ;
; AB11     ; 258        ; 7        ; inArr[3][28]              ; input  ; LVTTL        ;         ; Column I/O ; Off         ; N               ;
; AB12     ; 306        ; 7        ; GND*                      ;        ;              ;         ; Column I/O ; --          ;                 ;
; AB13     ; 235        ; 7        ; ^nCE                      ;        ;              ;         ; --         ; --          ;                 ;
; AB14     ;            ;          ; GNDG_PLL6                 ; gnd    ;              ;         ; --         ; --          ;                 ;
; AB15     ; 220        ; 8        ; ^MSEL2                    ;        ;              ;         ; --         ; --          ;                 ;
; AB16     ;            ; 12       ; VCC_PLL6_OUTB             ; power  ;              ; 3.3V    ; --         ; --          ;                 ;
; AB17     ; 215        ; 8        ; inArr[1][30]              ; input  ; LVTTL        ;         ; Column I/O ; Off         ; N               ;
; AB18     ; 208        ; 8        ; inArr[3][3]               ; input  ; LVTTL        ;         ; Column I/O ; Off         ; N               ;
; AB19     ; 185        ; 8        ; outArr[4][11]             ; output ; LVTTL        ;         ; Column I/O ; Off         ; N               ;
; AB20     ; 168        ; 8        ; GND*                      ;        ;              ;         ; Column I/O ; --          ;                 ;
; AB21     ; 158        ; 8        ; GND*                      ;        ;              ;         ; Column I/O ; --          ;                 ;
; AB22     ; 146        ; 8        ; GND*                      ;        ;              ;         ; Column I/O ; --          ;                 ;
; AB23     ;            ;          ; NC                        ;        ;              ;         ; --         ; --          ;                 ;
; AB24     ;            ;          ; NC                        ;        ;              ;         ; --         ; --          ;                 ;
; AB25     ; 124        ; 1        ; GND*                      ;        ;              ;         ; Row I/O    ; --          ;                 ;
; AB26     ; 123        ; 1        ; GND*                      ;        ;              ;         ; Row I/O    ; --          ;                 ;
; AB27     ; 120        ; 1        ; outArr[3][16]             ; output ; LVTTL        ;         ; Row I/O    ; Off         ; N               ;
; AB28     ; 119        ; 1        ; inArr[1][14]              ; input  ; LVTTL        ;         ; Row I/O    ; Off         ; N               ;
; AC1      ; 327        ; 6        ; GND*                      ;        ;              ;         ; Row I/O    ; --          ;                 ;
; AC2      ; 326        ; 6        ; GND*                      ;        ;              ;         ; Row I/O    ; --          ;                 ;
; AC3      ;            ;          ; NC                        ;        ;              ;         ; --         ; --          ;                 ;
; AC4      ;            ;          ; NC                        ;        ;              ;         ; --         ; --          ;                 ;
; AC5      ; 309        ; 7        ; GND*                      ;        ;              ;         ; Column I/O ; --          ;                 ;
; AC6      ;            ;          ; NC                        ;        ;              ;         ; --         ; --          ;                 ;
; AC7      ; 286        ; 7        ; inArr[7][31]              ; input  ; LVTTL        ;         ; Column I/O ; Off         ; N               ;
; AC8      ; 272        ; 7        ; inArr[6][30]              ; input  ; LVTTL        ;         ; Column I/O ; Off         ; N               ;
; AC9      ; 262        ; 7        ; inArr[3][24]              ; input  ; LVTTL        ;         ; Column I/O ; Off         ; N               ;
; AC10     ; 257        ; 7        ; outArr[5][27]             ; output ; LVTTL        ;         ; Column I/O ; Off         ; N               ;
; AC11     ; 246        ; 7        ; outArr[2][24]             ; output ; LVTTL        ;         ; Column I/O ; Off         ; N               ;
; AC12     ; 242        ; 7        ; ^PORSEL                   ;        ;              ;         ; --         ; --          ;                 ;
; AC13     ; 236        ; 7        ; ^nCEO                     ;        ;              ;         ; --         ; --          ;                 ;
; AC14     ;            ; 11       ; VCC_PLL6_OUTA             ; power  ;              ; 3.3V    ; --         ; --          ;                 ;
; AC15     ;            ;          ; GND                       ; gnd    ;              ;         ; --         ; --          ;                 ;
; AC16     ; 218        ; 8        ; ^MSEL0                    ;        ;              ;         ; --         ; --          ;                 ;
; AC17     ; 216        ; 8        ; inArr[2][13]              ; input  ; LVTTL        ;         ; Column I/O ; Off         ; N               ;
; AC18     ; 217        ; 8        ; PLL_ENA                   ;        ;              ;         ; --         ; --          ;                 ;
; AC19     ; 187        ; 8        ; inArr[2][6]               ; input  ; LVTTL        ;         ; Column I/O ; Off         ; N               ;
; AC20     ; 207        ; 8        ; inArr[2][14]              ; input  ; LVTTL        ;         ; Column I/O ; Off         ; N               ;
; AC21     ; 186        ; 8        ; inArr[1][11]              ; input  ; LVTTL        ;         ; Column I/O ; Off         ; N               ;
; AC22     ; 206        ; 8        ; outArr[4][14]             ; output ; LVTTL        ;         ; Column I/O ; Off         ; N               ;
; AC23     ; 144        ; 8        ; GND*                      ;        ;              ;         ; Column I/O ; --          ;                 ;
; AC24     ;            ;          ; NC                        ;        ;              ;         ; --         ; --          ;                 ;
; AC25     ;            ;          ; NC                        ;        ;              ;         ; --         ; --          ;                 ;
; AC26     ;            ;          ; NC                        ;        ;              ;         ; --         ; --          ;                 ;
; AC27     ; 129        ; 1        ; GND*                      ;        ;              ;         ; Row I/O    ; --          ;                 ;
; AC28     ; 128        ; 1        ; GND*                      ;        ;              ;         ; Row I/O    ; --          ;                 ;
; AD1      ; 323        ; 6        ; GND*                      ;        ;              ;         ; Row I/O    ; --          ;                 ;
; AD2      ; 322        ; 6        ; GND*                      ;        ;              ;         ; Row I/O    ; --          ;                 ;
; AD3      ;            ;          ; NC                        ;        ;              ;         ; --         ; --          ;                 ;
; AD4      ;            ;          ; NC                        ;        ;              ;         ; --         ; --          ;                 ;
; AD5      ; 294        ; 7        ; outArr[4][3]              ; output ; LVTTL        ;         ; Column I/O ; Off         ; N               ;
; AD6      ; 291        ; 7        ; working                   ; output ; LVTTL        ;         ; Column I/O ; Off         ; N               ;
; AD7      ; 299        ;          ; GND                       ; gnd    ;              ;         ; --         ; --          ;                 ;
; AD8      ; 281        ; 7        ; outArr[2][21]             ; output ; LVTTL        ;         ; Column I/O ; Off         ; N               ;
; AD9      ; 274        ;          ; GND                       ; gnd    ;              ;         ; --         ; --          ;                 ;
; AD10     ; 269        ; 7        ; outArr[5][0]              ; output ; LVTTL        ;         ; Column I/O ; Off         ; N               ;
; AD11     ; 249        ;          ; GND                       ; gnd    ;              ;         ; --         ; --          ;                 ;
; AD12     ; 248        ; 7        ; outArr[5][28]             ; output ; LVTTL        ;         ; Column I/O ; Off         ; N               ;
; AD13     ; 244        ; 7        ; outArr[4][28]             ; output ; LVTTL        ;         ; Column I/O ; Off         ; N               ;
; AD14     ; 233        ; 7        ; inArr[0][31]              ; input  ; LVTTL        ;         ; Column I/O ; Off         ; N               ;
; AD15     ; 230        ; 11       ; outArr[2][15]             ; output ; LVTTL        ;         ; Column I/O ; Off         ; N               ;
; AD16     ; 201        ; 8        ; inArr[2][18]              ; input  ; LVTTL        ;         ; Column I/O ; Off         ; N               ;
; AD17     ; 197        ; 8        ; outArr[4][6]              ; output ; LVTTL        ;         ; Column I/O ; Off         ; N               ;
; AD18     ; 188        ; 8        ; inArr[6][14]              ; input  ; LVTTL        ;         ; Column I/O ; Off         ; N               ;
; AD19     ; 178        ; 8        ; outArr[6][6]              ; output ; LVTTL        ;         ; Column I/O ; Off         ; N               ;
; AD20     ; 181        ;          ; GND                       ; gnd    ;              ;         ; --         ; --          ;                 ;
; AD21     ; 169        ; 8        ; inArr[7][13]              ; input  ; LVTTL        ;         ; Column I/O ; Off         ; N               ;
; AD22     ; 156        ;          ; GND                       ; gnd    ;              ;         ; --         ; --          ;                 ;
; AD23     ; 160        ; 8        ; GND*                      ;        ;              ;         ; Column I/O ; --          ;                 ;
; AD24     ; 157        ; 8        ; outArr[2][11]             ; output ; LVTTL        ;         ; Column I/O ; Off         ; N               ;
; AD25     ;            ;          ; NC                        ;        ;              ;         ; --         ; --          ;                 ;
; AD26     ;            ;          ; NC                        ;        ;              ;         ; --         ; --          ;                 ;
; AD27     ; 133        ; 1        ; GND*                      ;        ;              ;         ; Row I/O    ; --          ;                 ;
; AD28     ; 132        ; 1        ; GND*                      ;        ;              ;         ; Row I/O    ; --          ;                 ;
; AE1      ; 319        ; 6        ; GND*                      ;        ;              ;         ; Row I/O    ; --          ;                 ;
; AE2      ; 318        ; 6        ; GND*                      ;        ;              ;         ; Row I/O    ; --          ;                 ;
; AE3      ; 328        ;          ; GND                       ; gnd    ;              ;         ; --         ; --          ;                 ;
; AE4      ; 303        ; 7        ; GND*                      ;        ;              ;         ; Column I/O ; --          ;                 ;
; AE5      ; 308        ; 7        ; GND*                      ;        ;              ;         ; Column I/O ; --          ;                 ;
; AE6      ; 297        ; 7        ; outArr[3][31]             ; output ; LVTTL        ;         ; Column I/O ; Off         ; N               ;
; AE7      ; 292        ; 7        ; inArr[3][0]               ; input  ; LVTTL        ;         ; Column I/O ; Off         ; N               ;
; AE8      ; 280        ; 7        ; outArr[1][27]             ; output ; LVTTL        ;         ; Column I/O ; Off         ; N               ;
; AE9      ; 277        ; 7        ; inArr[0][29]              ; input  ; LVTTL        ;         ; Column I/O ; Off         ; N               ;
; AE10     ; 264        ; 7        ; outArr[2][22]             ; output ; LVTTL        ;         ; Column I/O ; Off         ; N               ;
; AE11     ; 261        ; 7        ; outArr[1][2]              ; output ; LVTTL        ;         ; Column I/O ; Off         ; N               ;
; AE12     ; 253        ; 7        ; outArr[0][7]              ; output ; LVTTL        ;         ; Column I/O ; Off         ; N               ;
; AE13     ; 245        ; 7        ; inArr[7][8]               ; input  ; LVTTL        ;         ; Column I/O ; Off         ; N               ;
; AE14     ; 234        ; 7        ; inArr[4][28]              ; input  ; LVTTL        ;         ; Column I/O ; Off         ; N               ;
; AE15     ; 229        ; 11       ; inArr[5][14]              ; input  ; LVTTL        ;         ; Column I/O ; Off         ; N               ;
; AE16     ; 204        ; 8        ; inArr[3][31]              ; input  ; LVTTL        ;         ; Column I/O ; Off         ; N               ;
; AE17     ; 196        ; 8        ; outArr[3][7]              ; output ; LVTTL        ;         ; Column I/O ; Off         ; N               ;
; AE18     ; 190        ; 8        ; inArr[2][16]              ; input  ; LVTTL        ;         ; Column I/O ; Off         ; N               ;
; AE19     ; 176        ; 8        ; outArr[4][10]             ; output ; LVTTL        ;         ; Column I/O ; Off         ; N               ;
; AE20     ; 173        ; 8        ; outArr[3][4]              ; output ; LVTTL        ;         ; Column I/O ; Off         ; N               ;
; AE21     ; 170        ; 8        ; inArr[6][10]              ; input  ; LVTTL        ;         ; Column I/O ; Off         ; N               ;
; AE22     ; 163        ; 8        ; outArr[0][19]             ; output ; LVTTL        ;         ; Column I/O ; Off         ; N               ;
; AE23     ; 164        ; 8        ; outArr[5][9]              ; output ; LVTTL        ;         ; Column I/O ; Off         ; N               ;
; AE24     ; 154        ; 8        ; GND*                      ;        ;              ;         ; Column I/O ; --          ;                 ;
; AE25     ; 150        ; 8        ; GND*                      ;        ;              ;         ; Column I/O ; --          ;                 ;
; AE26     ;            ;          ; NC                        ;        ;              ;         ; --         ; --          ;                 ;
; AE27     ; 137        ; 1        ; GND*                      ;        ;              ;         ; Row I/O    ; --          ;                 ;
; AE28     ; 136        ; 1        ; GND*                      ;        ;              ;         ; Row I/O    ; --          ;                 ;
; AF1      ; 315        ; 6        ; GND*                      ;        ;              ;         ; Row I/O    ; --          ;                 ;
; AF2      ; 314        ; 6        ; GND*                      ;        ;              ;         ; Row I/O    ; --          ;                 ;
; AF3      ;            ;          ; GND                       ; gnd    ;              ;         ; --         ; --          ;                 ;
; AF4      ; 301        ; 7        ; GND*                      ;        ;              ;         ; Column I/O ; --          ;                 ;
; AF5      ; 296        ; 7        ; outArr[4][2]              ; output ; LVTTL        ;         ; Column I/O ; Off         ; N               ;
; AF6      ; 287        ; 7        ; inArr[2][29]              ; input  ; LVTTL        ;         ; Column I/O ; Off         ; N               ;
; AF7      ; 290        ; 7        ; inArr[4][31]              ; input  ; LVTTL        ;         ; Column I/O ; Off         ; N               ;
; AF8      ; 283        ; 7        ; outArr[4][31]             ; output ; LVTTL        ;         ; Column I/O ; Off         ; N               ;
; AF9      ; 276        ; 7        ; outArr[1][29]             ; output ; LVTTL        ;         ; Column I/O ; Off         ; N               ;
; AF10     ; 268        ; 7        ; inArr[6][23]              ; input  ; LVTTL        ;         ; Column I/O ; Off         ; N               ;
; AF11     ; 263        ; 7        ; outArr[2][27]             ; output ; LVTTL        ;         ; Column I/O ; Off         ; N               ;
; AF12     ; 254        ; 7        ; outArr[2][28]             ; output ; LVTTL        ;         ; Column I/O ; Off         ; N               ;
; AF13     ; 247        ; 7        ; outArr[5][6]              ; output ; LVTTL        ;         ; Column I/O ; Off         ; N               ;
; AF14     ;            ;          ; GNDA_PLL6                 ; gnd    ;              ;         ; --         ; --          ;                 ;
; AF15     ; 224        ; 12       ; outArr[5][15]             ; output ; LVTTL        ;         ; Column I/O ; Off         ; N               ;
; AF16     ; 203        ; 8        ; outArr[3][5]              ; output ; LVTTL        ;         ; Column I/O ; Off         ; N               ;
; AF17     ; 194        ; 8        ; inArr[1][10]              ; input  ; LVTTL        ;         ; Column I/O ; Off         ; N               ;
; AF18     ; 184        ; 8        ; inArr[7][17]              ; input  ; LVTTL        ;         ; Column I/O ; Off         ; N               ;
; AF19     ; 180        ; 8        ; outArr[3][9]              ; output ; LVTTL        ;         ; Column I/O ; Off         ; N               ;
; AF20     ; 175        ; 8        ; outArr[5][10]             ; output ; LVTTL        ;         ; Column I/O ; Off         ; N               ;
; AF21     ; 172        ; 8        ; inArr[3][7]               ; input  ; LVTTL        ;         ; Column I/O ; Off         ; N               ;
; AF22     ; 165        ; 8        ; GND*                      ;        ;              ;         ; Column I/O ; --          ;                 ;
; AF23     ; 161        ; 8        ; GND*                      ;        ;              ;         ; Column I/O ; --          ;                 ;
; AF24     ; 152        ; 8        ; GND*                      ;        ;              ;         ; Column I/O ; --          ;                 ;
; AF25     ; 151        ; 8        ; GND*                      ;        ;              ;         ; Column I/O ; --          ;                 ;
; AF26     ;            ;          ; GND                       ; gnd    ;              ;         ; --         ; --          ;                 ;
; AF27     ; 141        ; 1        ; GND*                      ;        ;              ;         ; Row I/O    ; --          ;                 ;
; AF28     ; 140        ; 1        ; GND*                      ;        ;              ;         ; Row I/O    ; --          ;                 ;
; AG1      ;            ; 6        ; VCCIO6                    ; power  ;              ; 3.3V    ; --         ; --          ;                 ;
; AG2      ;            ;          ; GND                       ; gnd    ;              ;         ; --         ; --          ;                 ;
; AG3      ; 307        ; 7        ; GND*                      ;        ;              ;         ; Column I/O ; --          ;                 ;
; AG4      ; 302        ; 7        ; GND*                      ;        ;              ;         ; Column I/O ; --          ;                 ;
; AG5      ; 304        ; 7        ; GND*                      ;        ;              ;         ; Column I/O ; --          ;                 ;
; AG6      ; 295        ; 7        ; outArr[1][30]             ; output ; LVTTL        ;         ; Column I/O ; Off         ; N               ;
; AG7      ; 288        ; 7        ; outArr[5][26]             ; output ; LVTTL        ;         ; Column I/O ; Off         ; N               ;
; AG8      ; 285        ; 7        ; outArr[5][7]              ; output ; LVTTL        ;         ; Column I/O ; Off         ; N               ;
; AG9      ; 275        ; 7        ; inArr[5][29]              ; input  ; LVTTL        ;         ; Column I/O ; Off         ; N               ;
; AG10     ; 265        ; 7        ; inArr[3][26]              ; input  ; LVTTL        ;         ; Column I/O ; Off         ; N               ;
; AG11     ; 259        ; 7        ; outArr[3][2]              ; output ; LVTTL        ;         ; Column I/O ; Off         ; N               ;
; AG12     ; 255        ; 7        ; outArr[6][28]             ; output ; LVTTL        ;         ; Column I/O ; Off         ; N               ;
; AG13     ; 250        ; 7        ; outArr[5][4]              ; output ; LVTTL        ;         ; Column I/O ; Off         ; N               ;
; AG14     ;            ;          ; VCCA_PLL6                 ; power  ;              ; 1.5V    ; --         ; --          ;                 ;
; AG15     ; 223        ; 12       ; inArr[2][17]              ; input  ; LVTTL        ;         ; Column I/O ; Off         ; N               ;
; AG16     ; 199        ; 8        ; outArr[0][13]             ; output ; LVTTL        ;         ; Column I/O ; Off         ; N               ;
; AG17     ; 195        ; 8        ; outArr[4][12]             ; output ; LVTTL        ;         ; Column I/O ; Off         ; N               ;
; AG18     ; 191        ; 8        ; outArr[5][8]              ; output ; LVTTL        ;         ; Column I/O ; Off         ; N               ;
; AG19     ; 182        ; 8        ; inArr[2][9]               ; input  ; LVTTL        ;         ; Column I/O ; Off         ; N               ;
; AG20     ; 174        ; 8        ; outArr[3][3]              ; output ; LVTTL        ;         ; Column I/O ; Off         ; N               ;
; AG21     ; 171        ; 8        ; inArr[0][12]              ; input  ; LVTTL        ;         ; Column I/O ; Off         ; N               ;
; AG22     ; 167        ; 8        ; inArr[4][3]               ; input  ; LVTTL        ;         ; Column I/O ; Off         ; N               ;
; AG23     ; 159        ; 8        ; GND*                      ;        ;              ;         ; Column I/O ; --          ;                 ;
; AG24     ; 153        ; 8        ; GND*                      ;        ;              ;         ; Column I/O ; --          ;                 ;
; AG25     ; 148        ; 8        ; GND*                      ;        ;              ;         ; Column I/O ; --          ;                 ;
; AG26     ; 145        ; 8        ; GND*                      ;        ;              ;         ; Column I/O ; --          ;                 ;
; AG27     ;            ;          ; GND                       ; gnd    ;              ;         ; --         ; --          ;                 ;
; AG28     ;            ; 1        ; VCCIO1                    ; power  ;              ; 3.3V    ; --         ; --          ;                 ;
; AH2      ;            ; 7        ; VCCIO7                    ; power  ;              ; 3.3V    ; --         ; --          ;                 ;
; AH3      ; 305        ; 7        ; GND*                      ;        ;              ;         ; Column I/O ; --          ;                 ;
; AH4      ; 310        ; 7        ; GND*                      ;        ;              ;         ; Column I/O ; --          ;                 ;
; AH5      ; 298        ; 7        ; outArr[6][23]             ; output ; LVTTL        ;         ; Column I/O ; Off         ; N               ;
; AH6      ; 293        ; 7        ; outArr[2][25]             ; output ; LVTTL        ;         ; Column I/O ; Off         ; N               ;
; AH7      ; 289        ; 7        ; outArr[3][26]             ; output ; LVTTL        ;         ; Column I/O ; Off         ; N               ;
; AH8      ; 278        ; 7        ; outArr[6][26]             ; output ; LVTTL        ;         ; Column I/O ; Off         ; N               ;
; AH9      ; 279        ; 7        ; inArr[5][28]              ; input  ; LVTTL        ;         ; Column I/O ; Off         ; N               ;
; AH10     ; 267        ; 7        ; inArr[7][26]              ; input  ; LVTTL        ;         ; Column I/O ; Off         ; N               ;
; AH11     ; 260        ; 7        ; inArr[7][25]              ; input  ; LVTTL        ;         ; Column I/O ; Off         ; N               ;
; AH12     ;            ; 7        ; VCCIO7                    ; power  ;              ; 3.3V    ; --         ; --          ;                 ;
; AH13     ; 252        ; 7        ; inArr[6][24]              ; input  ; LVTTL        ;         ; Column I/O ; Off         ; N               ;
; AH14     ;            ;          ; GND                       ; gnd    ;              ;         ; --         ; --          ;                 ;
; AH15     ;            ;          ; GND                       ; gnd    ;              ;         ; --         ; --          ;                 ;
; AH16     ; 200        ; 8        ; inArr[3][6]               ; input  ; LVTTL        ;         ; Column I/O ; Off         ; N               ;
; AH17     ;            ; 8        ; VCCIO8                    ; power  ;              ; 3.3V    ; --         ; --          ;                 ;
; AH18     ; 212        ;          ; GND                       ; gnd    ;              ;         ; --         ; --          ;                 ;
; AH19     ; 183        ; 8        ; inArr[2][30]              ; input  ; LVTTL        ;         ; Column I/O ; Off         ; N               ;
; AH20     ; 179        ; 8        ; inArr[1][12]              ; input  ; LVTTL        ;         ; Column I/O ; Off         ; N               ;
; AH21     ; 177        ; 8        ; outArr[0][14]             ; output ; LVTTL        ;         ; Column I/O ; Off         ; N               ;
; AH22     ; 166        ; 8        ; outArr[3][8]              ; output ; LVTTL        ;         ; Column I/O ; Off         ; N               ;
; AH23     ; 162        ; 8        ; GND*                      ;        ;              ;         ; Column I/O ; --          ;                 ;
; AH24     ; 155        ; 8        ; GND*                      ;        ;              ;         ; Column I/O ; --          ;                 ;
; AH25     ; 149        ; 8        ; GND*                      ;        ;              ;         ; Column I/O ; --          ;                 ;
; AH26     ; 147        ; 8        ; GND*                      ;        ;              ;         ; Column I/O ; --          ;                 ;
; AH27     ;            ; 8        ; VCCIO8                    ; power  ;              ; 3.3V    ; --         ; --          ;                 ;
; B1       ;            ; 5        ; VCCIO5                    ; power  ;              ; 3.3V    ; --         ; --          ;                 ;
; B2       ;            ;          ; GND                       ; gnd    ;              ;         ; --         ; --          ;                 ;
; B3       ; 460        ; 4        ; inArr[2][4]               ; input  ; LVTTL        ;         ; Column I/O ; Off         ; N               ;
; B4       ; 464        ; 4        ; outArr[5][30]             ; output ; LVTTL        ;         ; Column I/O ; Off         ; N               ;
; B5       ; 463        ; 4        ; outArr[7][20]             ; output ; LVTTL        ;         ; Column I/O ; Off         ; N               ;
; B6       ; 476        ; 4        ; outArr[4][23]             ; output ; LVTTL        ;         ; Column I/O ; Off         ; N               ;
; B7       ; 475        ; 4        ; outArr[5][22]             ; output ; LVTTL        ;         ; Column I/O ; Off         ; N               ;
; B8       ; 490        ; 4        ; outArr[6][0]              ; output ; LVTTL        ;         ; Column I/O ; Off         ; N               ;
; B9       ; 489        ; 4        ; inArr[4][22]              ; input  ; LVTTL        ;         ; Column I/O ; Off         ; N               ;
; B10      ; 500        ; 4        ; outArr[5][20]             ; output ; LVTTL        ;         ; Column I/O ; Off         ; N               ;
; B11      ; 505        ; 4        ; outArr[5][18]             ; output ; LVTTL        ;         ; Column I/O ; Off         ; N               ;
; B12      ; 511        ; 4        ; outArr[7][30]             ; output ; LVTTL        ;         ; Column I/O ; Off         ; N               ;
; B13      ; 517        ; 4        ; outArr[1][19]             ; output ; LVTTL        ;         ; Column I/O ; Off         ; N               ;
; B14      ;            ;          ; TEMPDIODEp                ;        ;              ;         ; --         ; --          ;                 ;
; B15      ; 544        ; 10       ; start                     ; input  ; LVTTL        ;         ; Column I/O ; Off         ; N               ;
; B16      ; 566        ; 3        ; outArr[7][23]             ; output ; LVTTL        ;         ; Column I/O ; Off         ; N               ;
; B17      ; 570        ; 3        ; inArr[4][7]               ; input  ; LVTTL        ;         ; Column I/O ; Off         ; N               ;
; B18      ; 578        ; 3        ; outArr[0][29]             ; output ; LVTTL        ;         ; Column I/O ; Off         ; N               ;
; B19      ; 583        ; 3        ; inArr[3][19]              ; input  ; LVTTL        ;         ; Column I/O ; Off         ; N               ;
; B20      ; 588        ; 3        ; inArr[1][17]              ; input  ; LVTTL        ;         ; Column I/O ; Off         ; N               ;
; B21      ; 595        ; 3        ; inArr[6][16]              ; input  ; LVTTL        ;         ; Column I/O ; Off         ; N               ;
; B22      ; 599        ; 3        ; outArr[1][10]             ; output ; LVTTL        ;         ; Column I/O ; Off         ; N               ;
; B23      ; 608        ; 3        ; inArr[0][18]              ; input  ; LVTTL        ;         ; Column I/O ; Off         ; N               ;
; B24      ; 618        ; 3        ; inArr[6][6]               ; input  ; LVTTL        ;         ; Column I/O ; Off         ; N               ;
; B25      ; 619        ; 3        ; outArr[7][26]             ; output ; LVTTL        ;         ; Column I/O ; Off         ; N               ;
; B26      ; 622        ; 3        ; outArr[6][15]             ; output ; LVTTL        ;         ; Column I/O ; Off         ; N               ;
; B27      ;            ;          ; GND                       ; gnd    ;              ;         ; --         ; --          ;                 ;
; B28      ;            ; 2        ; VCCIO2                    ; power  ;              ; 3.3V    ; --         ; --          ;                 ;
; C1       ; 454        ; 5        ; inArr[5][19]              ; input  ; LVTTL        ;         ; Row I/O    ; Off         ; N               ;
; C2       ; 455        ; 5        ; outArr[4][18]             ; output ; LVTTL        ;         ; Row I/O    ; Off         ; N               ;
; C3       ;            ;          ; GND                       ; gnd    ;              ;         ; --         ; --          ;                 ;
; C4       ; 465        ; 4        ; inArr[5][23]              ; input  ; LVTTL        ;         ; Column I/O ; Off         ; N               ;
; C5       ; 469        ; 4        ; outArr[1][21]             ; output ; LVTTL        ;         ; Column I/O ; Off         ; N               ;
; C6       ; 481        ; 4        ; inArr[2][0]               ; input  ; LVTTL        ;         ; Column I/O ; Off         ; N               ;
; C7       ; 483        ; 4        ; inArr[7][21]              ; input  ; LVTTL        ;         ; Column I/O ; Off         ; N               ;
; C8       ; 484        ; 4        ; inArr[0][21]              ; input  ; LVTTL        ;         ; Column I/O ; Off         ; N               ;
; C9       ; 487        ; 4        ; outArr[7][31]             ; output ; LVTTL        ;         ; Column I/O ; Off         ; N               ;
; C10      ; 498        ; 4        ; outArr[4][20]             ; output ; LVTTL        ;         ; Column I/O ; Off         ; N               ;
; C11      ; 503        ; 4        ; done                      ; output ; LVTTL        ;         ; Column I/O ; Off         ; N               ;
; C12      ; 513        ; 4        ; inArr[1][21]              ; input  ; LVTTL        ;         ; Column I/O ; Off         ; N               ;
; C13      ; 520        ; 4        ; outArr[1][20]             ; output ; LVTTL        ;         ; Column I/O ; Off         ; N               ;
; C14      ;            ;          ; TEMPDIODEn                ;        ;              ;         ; --         ; --          ;                 ;
; C15      ; 543        ; 10       ; reset                     ; input  ; LVTTL        ;         ; Column I/O ; Off         ; N               ;
; C16      ; 562        ; 3        ; inArr[1][3]               ; input  ; LVTTL        ;         ; Column I/O ; Off         ; N               ;
; C17      ; 571        ; 3        ; inArr[6][1]               ; input  ; LVTTL        ;         ; Column I/O ; Off         ; N               ;
; C18      ; 575        ; 3        ; inArr[0][16]              ; input  ; LVTTL        ;         ; Column I/O ; Off         ; N               ;
; C19      ; 584        ; 3        ; inArr[7][20]              ; input  ; LVTTL        ;         ; Column I/O ; Off         ; N               ;
; C20      ; 592        ; 3        ; outArr[6][14]             ; output ; LVTTL        ;         ; Column I/O ; Off         ; N               ;
; C21      ; 596        ; 3        ; inArr[4][6]               ; input  ; LVTTL        ;         ; Column I/O ; Off         ; N               ;
; C22      ; 601        ; 3        ; outArr[1][31]             ; output ; LVTTL        ;         ; Column I/O ; Off         ; N               ;
; C23      ; 605        ; 3        ; outArr[7][10]             ; output ; LVTTL        ;         ; Column I/O ; Off         ; N               ;
; C24      ; 615        ; 3        ; inArr[0][1]               ; input  ; LVTTL        ;         ; Column I/O ; Off         ; N               ;
; C25      ; 613        ; 3        ; inArr[0][5]               ; input  ; LVTTL        ;         ; Column I/O ; Off         ; N               ;
; C26      ;            ;          ; GND                       ; gnd    ;              ;         ; --         ; --          ;                 ;
; C27      ; 0          ; 2        ; inArr[2][3]               ; input  ; LVTTL        ;         ; Row I/O    ; Off         ; N               ;
; C28      ; 1          ; 2        ; outArr[7][16]             ; output ; LVTTL        ;         ; Row I/O    ; Off         ; N               ;
; D1       ; 450        ; 5        ; outArr[4][17]             ; output ; LVTTL        ;         ; Row I/O    ; Off         ; N               ;
; D2       ; 451        ; 5        ; inArr[4][23]              ; input  ; LVTTL        ;         ; Row I/O    ; Off         ; N               ;
; D3       ;            ;          ; NC                        ;        ;              ;         ; --         ; --          ;                 ;
; D4       ;            ;          ; NC                        ;        ;              ;         ; --         ; --          ;                 ;
; D5       ; 461        ; 4        ; inArr[5][22]              ; input  ; LVTTL        ;         ; Column I/O ; Off         ; N               ;
; D6       ; 478        ; 4        ; outArr[0][22]             ; output ; LVTTL        ;         ; Column I/O ; Off         ; N               ;
; D7       ; 480        ; 4        ; outArr[4][24]             ; output ; LVTTL        ;         ; Column I/O ; Off         ; N               ;
; D8       ; 482        ; 4        ; inArr[7][19]              ; input  ; LVTTL        ;         ; Column I/O ; Off         ; N               ;
; D9       ; 488        ; 4        ; outArr[1][17]             ; output ; LVTTL        ;         ; Column I/O ; Off         ; N               ;
; D10      ; 499        ; 4        ; outArr[7][27]             ; output ; LVTTL        ;         ; Column I/O ; Off         ; N               ;
; D11      ; 504        ; 4        ; outArr[7][18]             ; output ; LVTTL        ;         ; Column I/O ; Off         ; N               ;
; D12      ; 514        ; 4        ; inArr[1][8]               ; input  ; LVTTL        ;         ; Column I/O ; Off         ; N               ;
; D13      ; 522        ; 4        ; inArr[4][24]              ; input  ; LVTTL        ;         ; Column I/O ; Off         ; N               ;
; D14      ;            ; 1        ; VCCG_PLL5                 ; power  ;              ; 1.5V    ; --         ; --          ;                 ;
; D15      ; 538        ; 9        ; outArr[7][24]             ; output ; LVTTL        ;         ; Column I/O ; Off         ; N               ;
; D16      ; 561        ; 3        ; inArr[5][3]               ; input  ; LVTTL        ;         ; Column I/O ; Off         ; N               ;
; D17      ; 569        ; 3        ; inArr[0][20]              ; input  ; LVTTL        ;         ; Column I/O ; Off         ; N               ;
; D18      ; 576        ; 3        ; outArr[7][3]              ; output ; LVTTL        ;         ; Column I/O ; Off         ; N               ;
; D19      ; 587        ; 3        ; inArr[5][1]               ; input  ; LVTTL        ;         ; Column I/O ; Off         ; N               ;
; D20      ; 593        ; 3        ; inArr[1][16]              ; input  ; LVTTL        ;         ; Column I/O ; Off         ; N               ;
; D21      ; 597        ; 3        ; inArr[0][22]              ; input  ; LVTTL        ;         ; Column I/O ; Off         ; N               ;
; D22      ; 603        ; 3        ; outArr[6][9]              ; output ; LVTTL        ;         ; Column I/O ; Off         ; N               ;
; D23      ; 602        ; 3        ; outArr[7][22]             ; output ; LVTTL        ;         ; Column I/O ; Off         ; N               ;
; D24      ; 616        ; 3        ; inArr[5][8]               ; input  ; LVTTL        ;         ; Column I/O ; Off         ; N               ;
; D25      ;            ;          ; NC                        ;        ;              ;         ; --         ; --          ;                 ;
; D26      ;            ;          ; NC                        ;        ;              ;         ; --         ; --          ;                 ;
; D27      ; 4          ; 2        ; outArr[7][8]              ; output ; LVTTL        ;         ; Row I/O    ; Off         ; N               ;
; D28      ; 5          ; 2        ; outArr[6][5]              ; output ; LVTTL        ;         ; Row I/O    ; Off         ; N               ;
; E1       ; 446        ; 5        ; outArr[7][19]             ; output ; LVTTL        ;         ; Row I/O    ; Off         ; N               ;
; E2       ; 447        ; 5        ; outArr[5][17]             ; output ; LVTTL        ;         ; Row I/O    ; Off         ; N               ;
; E3       ;            ;          ; NC                        ;        ;              ;         ; --         ; --          ;                 ;
; E4       ;            ;          ; NC                        ;        ;              ;         ; --         ; --          ;                 ;
; E5       ;            ;          ; NC                        ;        ;              ;         ; --         ; --          ;                 ;
; E6       ; 472        ; 4        ; inArr[7][23]              ; input  ; LVTTL        ;         ; Column I/O ; Off         ; N               ;
; E7       ; 468        ;          ; GND                       ; gnd    ;              ;         ; --         ; --          ;                 ;
; E8       ; 486        ; 4        ; inArr[4][21]              ; input  ; LVTTL        ;         ; Column I/O ; Off         ; N               ;
; E9       ; 493        ;          ; GND                       ; gnd    ;              ;         ; --         ; --          ;                 ;
; E10      ; 496        ; 4        ; inArr[5][25]              ; input  ; LVTTL        ;         ; Column I/O ; Off         ; N               ;
; E11      ; 518        ;          ; GND                       ; gnd    ;              ;         ; --         ; --          ;                 ;
; E12      ; 519        ; 4        ; outArr[1][23]             ; output ; LVTTL        ;         ; Column I/O ; Off         ; N               ;
; E13      ; 523        ; 4        ; outArr[5][23]             ; output ; LVTTL        ;         ; Column I/O ; Off         ; N               ;
; E14      ;            ;          ; GNDG_PLL5                 ; gnd    ;              ;         ; --         ; --          ;                 ;
; E15      ; 537        ; 9        ; inArr[7][5]               ; input  ; LVTTL        ;         ; Column I/O ; Off         ; N               ;
; E16      ; 563        ; 3        ; inArr[4][20]              ; input  ; LVTTL        ;         ; Column I/O ; Off         ; N               ;
; E17      ; 567        ; 3        ; outArr[7][17]             ; output ; LVTTL        ;         ; Column I/O ; Off         ; N               ;
; E18      ; 555        ;          ; GND                       ; gnd    ;              ;         ; --         ; --          ;                 ;
; E19      ; 585        ; 3        ; outArr[7][1]              ; output ; LVTTL        ;         ; Column I/O ; Off         ; N               ;
; E20      ; 586        ;          ; GND                       ; gnd    ;              ;         ; --         ; --          ;                 ;
; E21      ; 598        ; 3        ; inArr[1][15]              ; input  ; LVTTL        ;         ; Column I/O ; Off         ; N               ;
; E22      ; 611        ;          ; GND                       ; gnd    ;              ;         ; --         ; --          ;                 ;
; E23      ; 606        ; 3        ; inArr[5][17]              ; input  ; LVTTL        ;         ; Column I/O ; Off         ; N               ;
; E24      ; 16         ;          ; GND                       ; gnd    ;              ;         ; --         ; --          ;                 ;
; E25      ;            ;          ; NC                        ;        ;              ;         ; --         ; --          ;                 ;
; E26      ;            ;          ; NC                        ;        ;              ;         ; --         ; --          ;                 ;
; E27      ; 8          ; 2        ; inArr[1][19]              ; input  ; LVTTL        ;         ; Row I/O    ; Off         ; N               ;
; E28      ; 9          ; 2        ; outArr[7][12]             ; output ; LVTTL        ;         ; Row I/O    ; Off         ; N               ;
; F1       ; 438        ; 5        ; inArr[6][18]              ; input  ; LVTTL        ;         ; Row I/O    ; Off         ; N               ;
; F2       ; 439        ; 5        ; inArr[3][21]              ; input  ; LVTTL        ;         ; Row I/O    ; Off         ; N               ;
; F3       ; 442        ; 5        ; outArr[1][22]             ; output ; LVTTL        ;         ; Row I/O    ; Off         ; N               ;
; F4       ; 443        ; 5        ; inArr[1][26]              ; input  ; LVTTL        ;         ; Row I/O    ; Off         ; N               ;
; F5       ;            ;          ; NC                        ;        ;              ;         ; --         ; --          ;                 ;
; F6       ;            ;          ; NC                        ;        ;              ;         ; --         ; --          ;                 ;
; F7       ;            ;          ; NC                        ;        ;              ;         ; --         ; --          ;                 ;
; F8       ; 466        ; 4        ; outArr[1][18]             ; output ; LVTTL        ;         ; Column I/O ; Off         ; N               ;
; F9       ; 477        ; 4        ; outArr[0][20]             ; output ; LVTTL        ;         ; Column I/O ; Off         ; N               ;
; F10      ; 495        ; 4        ; inArr[1][25]              ; input  ; LVTTL        ;         ; Column I/O ; Off         ; N               ;
; F11      ; 507        ; 4        ; inArr[4][19]              ; input  ; LVTTL        ;         ; Column I/O ; Off         ; N               ;
; F12      ; 521        ; 4        ; outArr[7][28]             ; output ; LVTTL        ;         ; Column I/O ; Off         ; N               ;
; F13      ; 525        ; 4        ; #TMS                      ; input  ;              ;         ; --         ; --          ;                 ;
; F14      ;            ;          ; VCCA_PLL5                 ; power  ;              ; 1.5V    ; --         ; --          ;                 ;
; F15      ;            ; 9        ; VCC_PLL5_OUTA             ; power  ;              ; 3.3V    ; --         ; --          ;                 ;
; F16      ; 549        ; 3        ; ^DCLK                     ;        ;              ;         ; --         ; --          ;                 ;
; F17      ; 559        ; 3        ; outArr[6][7]              ; output ; LVTTL        ;         ; Column I/O ; Off         ; N               ;
; F18      ; 560        ; 3        ; inArr[1][5]               ; input  ; LVTTL        ;         ; Column I/O ; Off         ; N               ;
; F19      ; 580        ; 3        ; outArr[6][19]             ; output ; LVTTL        ;         ; Column I/O ; Off         ; N               ;
; F20      ; 609        ; 3        ; outArr[6][20]             ; output ; LVTTL        ;         ; Column I/O ; Off         ; N               ;
; F21      ; 610        ; 3        ; outArr[7][2]              ; output ; LVTTL        ;         ; Column I/O ; Off         ; N               ;
; F22      ; 623        ; 3        ; inArr[7][4]               ; input  ; LVTTL        ;         ; Column I/O ; Off         ; N               ;
; F23      ;            ;          ; NC                        ;        ;              ;         ; --         ; --          ;                 ;
; F24      ;            ;          ; NC                        ;        ;              ;         ; --         ; --          ;                 ;
; F25      ; 12         ; 2        ; outArr[1][9]              ; output ; LVTTL        ;         ; Row I/O    ; Off         ; N               ;
; F26      ; 13         ; 2        ; outArr[7][0]              ; output ; LVTTL        ;         ; Row I/O    ; Off         ; N               ;
; F27      ; 17         ; 2        ; inArr[4][5]               ; input  ; LVTTL        ;         ; Row I/O    ; Off         ; N               ;
; F28      ; 18         ; 2        ; inArr[6][5]               ; input  ; LVTTL        ;         ; Row I/O    ; Off         ; N               ;
; G1       ; 429        ; 5        ; inArr[6][2]               ; input  ; LVTTL        ;         ; Row I/O    ; Off         ; N               ;
; G2       ; 430        ; 5        ; inArr[5][2]               ; input  ; LVTTL        ;         ; Row I/O    ; Off         ; N               ;
; G3       ; 434        ; 5        ; inArr[6][21]              ; input  ; LVTTL        ;         ; Row I/O    ; Off         ; N               ;
; G4       ; 433        ; 5        ; inArr[7][1]               ; input  ; LVTTL        ;         ; Row I/O    ; Off         ; N               ;
; G5       ; 452        ; 5        ; outArr[1][15]             ; output ; LVTTL        ;         ; Row I/O    ; Off         ; N               ;
; G6       ; 453        ; 5        ; outArr[2][0]              ; output ; LVTTL        ;         ; Row I/O    ; Off         ; N               ;
; G7       ; 456        ; 4        ; inArr[1][20]              ; input  ; LVTTL        ;         ; Column I/O ; Off         ; N               ;
; G8       ; 462        ; 4        ; inArr[1][22]              ; input  ; LVTTL        ;         ; Column I/O ; Off         ; N               ;
; G9       ; 473        ; 4        ; inArr[3][22]              ; input  ; LVTTL        ;         ; Column I/O ; Off         ; N               ;
; G10      ; 494        ; 4        ; inArr[5][20]              ; input  ; LVTTL        ;         ; Column I/O ; Off         ; N               ;
; G11      ; 510        ; 4        ; outArr[4][22]             ; output ; LVTTL        ;         ; Column I/O ; Off         ; N               ;
; G12      ; 458        ; 4        ; outArr[5][24]             ; output ; LVTTL        ;         ; Column I/O ; Off         ; N               ;
; G13      ; 531        ; 4        ; #TDI                      ; input  ;              ;         ; --         ; --          ;                 ;
; G14      ;            ;          ; GNDA_PLL5                 ; gnd    ;              ;         ; --         ; --          ;                 ;
; G15      ;            ;          ; GND                       ; gnd    ;              ;         ; --         ; --          ;                 ;
; G16      ;            ; 10       ; VCC_PLL5_OUTB             ; power  ;              ; 3.3V    ; --         ; --          ;                 ;
; G17      ; 550        ; 3        ; ^CONF_DONE                ;        ;              ;         ; --         ; --          ;                 ;
; G18      ; 577        ; 3        ; inArr[0][7]               ; input  ; LVTTL        ;         ; Column I/O ; Off         ; N               ;
; G19      ; 581        ; 3        ; outArr[7][9]              ; output ; LVTTL        ;         ; Column I/O ; Off         ; N               ;
; G20      ;            ;          ; GND                       ; gnd    ;              ;         ; --         ; --          ;                 ;
; G21      ; 617        ; 3        ; outArr[7][13]             ; output ; LVTTL        ;         ; Column I/O ; Off         ; N               ;
; G22      ; 621        ; 3        ; outArr[7][15]             ; output ; LVTTL        ;         ; Column I/O ; Off         ; N               ;
; G23      ; 2          ; 2        ; outArr[7][14]             ; output ; LVTTL        ;         ; Row I/O    ; Off         ; N               ;
; G24      ; 3          ; 2        ; inArr[7][3]               ; input  ; LVTTL        ;         ; Row I/O    ; Off         ; N               ;
; G25      ; 22         ; 2        ; outArr[6][13]             ; output ; LVTTL        ;         ; Row I/O    ; Off         ; N               ;
; G26      ; 21         ; 2        ; inArr[6][19]              ; input  ; LVTTL        ;         ; Row I/O    ; Off         ; N               ;
; G27      ; 25         ; 2        ; inArr[4][1]               ; input  ; LVTTL        ;         ; Row I/O    ; Off         ; N               ;
; G28      ; 26         ; 2        ; inArr[5][16]              ; input  ; LVTTL        ;         ; Row I/O    ; Off         ; N               ;
; H1       ; 421        ; 5        ; inArr[3][18]              ; input  ; LVTTL        ;         ; Row I/O    ; Off         ; N               ;
; H2       ; 422        ; 5        ; inArr[0][24]              ; input  ; LVTTL        ;         ; Row I/O    ; Off         ; N               ;
; H3       ; 425        ; 5        ; outArr[2][4]              ; output ; LVTTL        ;         ; Row I/O    ; Off         ; N               ;
; H4       ; 426        ; 5        ; outArr[2][2]              ; output ; LVTTL        ;         ; Row I/O    ; Off         ; N               ;
; H5       ; 449        ; 5        ; inArr[1][24]              ; input  ; LVTTL        ;         ; Row I/O    ; Off         ; N               ;
; H6       ; 448        ; 5        ; outArr[0][12]             ; output ; LVTTL        ;         ; Row I/O    ; Off         ; N               ;
; H7       ; 445        ; 5        ; outArr[7][25]             ; output ; LVTTL        ;         ; Row I/O    ; Off         ; N               ;
; H8       ; 444        ; 5        ; outArr[5][21]             ; output ; LVTTL        ;         ; Row I/O    ; Off         ; N               ;
; H9       ; 471        ; 4        ; outArr[7][29]             ; output ; LVTTL        ;         ; Column I/O ; Off         ; N               ;
; H10      ; 485        ; 4        ; outArr[0][26]             ; output ; LVTTL        ;         ; Column I/O ; Off         ; N               ;
; H11      ; 509        ; 4        ; outArr[6][1]              ; output ; LVTTL        ;         ; Column I/O ; Off         ; N               ;
; H12      ; 516        ; 4        ; +~DATA0~ / RESERVED_INPUT ; input  ; LVTTL        ;         ; Column I/O ; Off         ; N               ;
; H13      ; 532        ; 4        ; #TDO                      ; output ;              ;         ; --         ; --          ;                 ;
; H14      ; 541        ; 9        ; inArr[7][0]               ; input  ; LVTTL        ;         ; Column I/O ; Off         ; N               ;
; H15      ; 542        ; 9        ; inArr[1][7]               ; input  ; LVTTL        ;         ; Column I/O ; Off         ; N               ;
; H16      ;            ;          ; GND                       ; gnd    ;              ;         ; --         ; --          ;                 ;
; H17      ; 558        ; 3        ; outArr[6][17]             ; output ; LVTTL        ;         ; Column I/O ; Off         ; N               ;
; H18      ; 568        ; 3        ; inArr[5][6]               ; input  ; LVTTL        ;         ; Column I/O ; Off         ; N               ;
; H19      ; 589        ; 3        ; outArr[7][5]              ; output ; LVTTL        ;         ; Column I/O ; Off         ; N               ;
; H20      ; 607        ; 3        ; outArr[7][4]              ; output ; LVTTL        ;         ; Column I/O ; Off         ; N               ;
; H21      ; 11         ; 2        ; outArr[7][11]             ; output ; LVTTL        ;         ; Row I/O    ; Off         ; N               ;
; H22      ; 10         ; 2        ; outArr[1][5]              ; output ; LVTTL        ;         ; Row I/O    ; Off         ; N               ;
; H23      ; 7          ; 2        ; inArr[6][20]              ; input  ; LVTTL        ;         ; Row I/O    ; Off         ; N               ;
; H24      ; 6          ; 2        ; inArr[6][3]               ; input  ; LVTTL        ;         ; Row I/O    ; Off         ; N               ;
; H25      ; 30         ; 2        ; outArr[6][8]              ; output ; LVTTL        ;         ; Row I/O    ; Off         ; N               ;
; H26      ; 29         ; 2        ; inArr[6][7]               ; input  ; LVTTL        ;         ; Row I/O    ; Off         ; N               ;
; H27      ; 33         ; 2        ; outArr[6][12]             ; output ; LVTTL        ;         ; Row I/O    ; Off         ; N               ;
; H28      ; 34         ; 2        ; inArr[3][2]               ; input  ; LVTTL        ;         ; Row I/O    ; Off         ; N               ;
; J1       ; 413        ; 5        ; outArr[6][25]             ; output ; LVTTL        ;         ; Row I/O    ; Off         ; N               ;
; J2       ; 414        ; 5        ; outArr[0][18]             ; output ; LVTTL        ;         ; Row I/O    ; Off         ; N               ;
; J3       ; 417        ; 5        ; inArr[0][26]              ; input  ; LVTTL        ;         ; Row I/O    ; Off         ; N               ;
; J4       ; 418        ; 5        ; outArr[4][0]              ; output ; LVTTL        ;         ; Row I/O    ; Off         ; N               ;
; J5       ; 441        ; 5        ; inArr[5][21]              ; input  ; LVTTL        ;         ; Row I/O    ; Off         ; N               ;
; J6       ; 440        ; 5        ; inArr[3][23]              ; input  ; LVTTL        ;         ; Row I/O    ; Off         ; N               ;
; J7       ; 431        ; 5        ; inArr[1][2]               ; input  ; LVTTL        ;         ; Row I/O    ; Off         ; N               ;
; J8       ; 432        ; 5        ; inArr[5][24]              ; input  ; LVTTL        ;         ; Row I/O    ; Off         ; N               ;
; J9       ; 470        ; 4        ; outArr[0][24]             ; output ; LVTTL        ;         ; Column I/O ; Off         ; N               ;
; J10      ; 501        ; 4        ; outArr[0][11]             ; output ; LVTTL        ;         ; Column I/O ; Off         ; N               ;
; J11      ; 506        ; 4        ; inArr[3][20]              ; input  ; LVTTL        ;         ; Column I/O ; Off         ; N               ;
; J12      ; 524        ; 4        ; outArr[1][16]             ; output ; LVTTL        ;         ; Column I/O ; Off         ; N               ;
; J13      ; 533        ; 4        ; outArr[7][21]             ; output ; LVTTL        ;         ; Column I/O ; Off         ; N               ;
; J14      ;            ; 4        ; VCCIO4                    ; power  ;              ; 3.3V    ; --         ; --          ;                 ;
; J15      ;            ; 3        ; VCCIO3                    ; power  ;              ; 3.3V    ; --         ; --          ;                 ;
; J16      ; 546        ; 10       ; inArr[0][3]               ; input  ; LVTTL        ;         ; Column I/O ; Off         ; N               ;
; J17      ; 552        ; 3        ; outArr[1][6]              ; output ; LVTTL        ;         ; Column I/O ; Off         ; N               ;
; J18      ; 572        ; 3        ; outArr[1][11]             ; output ; LVTTL        ;         ; Column I/O ; Off         ; N               ;
; J19      ; 582        ; 3        ; inArr[4][17]              ; input  ; LVTTL        ;         ; Column I/O ; Off         ; N               ;
; J20      ; 591        ; 3        ; inArr[1][18]              ; input  ; LVTTL        ;         ; Column I/O ; Off         ; N               ;
; J21      ; 23         ; 2        ; inArr[6][0]               ; input  ; LVTTL        ;         ; Row I/O    ; Off         ; N               ;
; J22      ; 24         ; 2        ; outArr[6][10]             ; output ; LVTTL        ;         ; Row I/O    ; Off         ; N               ;
; J23      ; 15         ; 2        ; inArr[0][4]               ; input  ; LVTTL        ;         ; Row I/O    ; Off         ; N               ;
; J24      ; 14         ; 2        ; outArr[1][8]              ; output ; LVTTL        ;         ; Row I/O    ; Off         ; N               ;
; J25      ; 37         ; 2        ; inArr[5][10]              ; input  ; LVTTL        ;         ; Row I/O    ; Off         ; N               ;
; J26      ; 38         ; 2        ; inArr[0][0]               ; input  ; LVTTL        ;         ; Row I/O    ; Off         ; N               ;
; J27      ; 41         ; 2        ; inArr[7][10]              ; input  ; LVTTL        ;         ; Row I/O    ; Off         ; N               ;
; J28      ; 42         ; 2        ; outArr[3][20]             ; output ; LVTTL        ;         ; Row I/O    ; Off         ; N               ;
; K1       ; 405        ; 5        ; inArr[1][27]              ; input  ; LVTTL        ;         ; Row I/O    ; Off         ; N               ;
; K2       ; 406        ; 5        ; outArr[4][4]              ; output ; LVTTL        ;         ; Row I/O    ; Off         ; N               ;
; K3       ; 410        ; 5        ; outArr[2][19]             ; output ; LVTTL        ;         ; Row I/O    ; Off         ; N               ;
; K4       ; 409        ; 5        ; outArr[1][28]             ; output ; LVTTL        ;         ; Row I/O    ; Off         ; N               ;
; K5       ; 436        ; 5        ; inArr[3][17]              ; input  ; LVTTL        ;         ; Row I/O    ; Off         ; N               ;
; K6       ; 437        ; 5        ; inArr[0][23]              ; input  ; LVTTL        ;         ; Row I/O    ; Off         ; N               ;
; K7       ; 427        ; 5        ; outArr[2][5]              ; output ; LVTTL        ;         ; Row I/O    ; Off         ; N               ;
; K8       ; 428        ; 5        ; outArr[2][1]              ; output ; LVTTL        ;         ; Row I/O    ; Off         ; N               ;
; K9       ; 435        ;          ; GND                       ; gnd    ;              ;         ; --         ; --          ;                 ;
; K10      ; 508        ; 4        ; outArr[4][16]             ; output ; LVTTL        ;         ; Column I/O ; Off         ; N               ;
; K11      ; 512        ; 4        ; outArr[6][2]              ; output ; LVTTL        ;         ; Column I/O ; Off         ; N               ;
; K12      ; 527        ; 4        ; #TCK                      ; input  ;              ;         ; --         ; --          ;                 ;
; K13      ; 534        ; 4        ; inArr[7][2]               ; input  ; LVTTL        ;         ; Column I/O ; Off         ; N               ;
; K14      ; 539        ; 9        ; inArr[5][18]              ; input  ; LVTTL        ;         ; Column I/O ; Off         ; N               ;
; K15      ; 540        ; 9        ; inArr[0][17]              ; input  ; LVTTL        ;         ; Column I/O ; Off         ; N               ;
; K16      ; 545        ; 10       ; outArr[1][4]              ; output ; LVTTL        ;         ; Column I/O ; Off         ; N               ;
; K17      ; 551        ; 3        ; inArr[5][7]               ; input  ; LVTTL        ;         ; Column I/O ; Off         ; N               ;
; K18      ; 564        ; 3        ; inArr[6][17]              ; input  ; LVTTL        ;         ; Column I/O ; Off         ; N               ;
; K19      ; 573        ; 3        ; outArr[6][16]             ; output ; LVTTL        ;         ; Column I/O ; Off         ; N               ;
; K20      ; 57         ;          ; GND                       ; gnd    ;              ;         ; --         ; --          ;                 ;
; K21      ; 27         ; 2        ; outArr[6][4]              ; output ; LVTTL        ;         ; Row I/O    ; Off         ; N               ;
; K22      ; 28         ; 2        ; outArr[6][11]             ; output ; LVTTL        ;         ; Row I/O    ; Off         ; N               ;
; K23      ; 19         ; 2        ; inArr[5][5]               ; input  ; LVTTL        ;         ; Row I/O    ; Off         ; N               ;
; K24      ; 20         ; 2        ; inArr[0][6]               ; input  ; LVTTL        ;         ; Row I/O    ; Off         ; N               ;
; K25      ; 46         ; 2        ; inArr[2][2]               ; input  ; LVTTL        ;         ; Row I/O    ; Off         ; N               ;
; K26      ; 45         ; 2        ; inArr[4][0]               ; input  ; LVTTL        ;         ; Row I/O    ; Off         ; N               ;
; K27      ; 49         ; 2        ; outArr[0][9]              ; output ; LVTTL        ;         ; Row I/O    ; Off         ; N               ;
; K28      ; 50         ; 2        ; inArr[3][16]              ; input  ; LVTTL        ;         ; Row I/O    ; Off         ; N               ;
; L1       ; 396        ; 5        ; outArr[2][29]             ; output ; LVTTL        ;         ; Row I/O    ; Off         ; N               ;
; L2       ; 397        ; 5        ; outArr[0][4]              ; output ; LVTTL        ;         ; Row I/O    ; Off         ; N               ;
; L3       ; 401        ; 5        ; outArr[0][28]             ; output ; LVTTL        ;         ; Row I/O    ; Off         ; N               ;
; L4       ; 402        ; 5        ; outArr[3][22]             ; output ; LVTTL        ;         ; Row I/O    ; Off         ; N               ;
; L5       ; 419        ; 5        ; outArr[0][2]              ; output ; LVTTL        ;         ; Row I/O    ; Off         ; N               ;
; L6       ; 420        ; 5        ; outArr[2][7]              ; output ; LVTTL        ;         ; Row I/O    ; Off         ; N               ;
; L7       ; 424        ; 5        ; inArr[1][0]               ; input  ; LVTTL        ;         ; Row I/O    ; Off         ; N               ;
; L8       ; 423        ; 5        ; inArr[2][1]               ; input  ; LVTTL        ;         ; Row I/O    ; Off         ; N               ;
; L9       ; 416        ; 5        ; inArr[7][28]              ; input  ; LVTTL        ;         ; Row I/O    ; Off         ; N               ;
; L10      ; 415        ; 5        ; outArr[4][5]              ; output ; LVTTL        ;         ; Row I/O    ; Off         ; N               ;
; L11      ; 529        ; 4        ; inArr[7][22]              ; input  ; LVTTL        ;         ; Column I/O ; Off         ; N               ;
; L12      ; 526        ; 4        ; #TRST                     ; input  ;              ;         ; --         ; --          ;                 ;
; L13      ; 535        ; 4        ; outArr[6][3]              ; output ; LVTTL        ;         ; Column I/O ; Off         ; N               ;
; L14      ;            ;          ; GND                       ; gnd    ;              ;         ; --         ; --          ;                 ;
; L15      ;            ;          ; GND                       ; gnd    ;              ;         ; --         ; --          ;                 ;
; L16      ; 548        ; 3        ; ^nCONFIG                  ;        ;              ;         ; --         ; --          ;                 ;
; L17      ; 554        ; 3        ; inArr[0][15]              ; input  ; LVTTL        ;         ; Column I/O ; Off         ; N               ;
; L18      ; 556        ; 3        ; inArr[4][8]               ; input  ; LVTTL        ;         ; Column I/O ; Off         ; N               ;
; L19      ; 40         ; 2        ; inArr[2][24]              ; input  ; LVTTL        ;         ; Row I/O    ; Off         ; N               ;
; L20      ; 39         ; 2        ; inArr[7][15]              ; input  ; LVTTL        ;         ; Row I/O    ; Off         ; N               ;
; L21      ; 32         ; 2        ; inArr[0][19]              ; input  ; LVTTL        ;         ; Row I/O    ; Off         ; N               ;
; L22      ; 31         ; 2        ; inArr[5][4]               ; input  ; LVTTL        ;         ; Row I/O    ; Off         ; N               ;
; L23      ; 35         ; 2        ; inArr[7][12]              ; input  ; LVTTL        ;         ; Row I/O    ; Off         ; N               ;
; L24      ; 36         ; 2        ; outArr[0][15]             ; output ; LVTTL        ;         ; Row I/O    ; Off         ; N               ;
; L25      ; 53         ; 2        ; inArr[0][11]              ; input  ; LVTTL        ;         ; Row I/O    ; Off         ; N               ;
; L26      ; 54         ; 2        ; outArr[5][13]             ; output ; LVTTL        ;         ; Row I/O    ; Off         ; N               ;
; L27      ; 58         ; 2        ; inArr[1][13]              ; input  ; LVTTL        ;         ; Row I/O    ; Off         ; N               ;
; L28      ; 59         ; 2        ; inArr[4][9]               ; input  ; LVTTL        ;         ; Row I/O    ; Off         ; N               ;
; M1       ;            ; 5        ; VCCIO5                    ; power  ;              ; 3.3V    ; --         ; --          ;                 ;
; M2       ; 388        ; 5        ; outArr[5][5]              ; output ; LVTTL        ;         ; Row I/O    ; Off         ; N               ;
; M3       ; 392        ; 5        ; outArr[5][29]             ; output ; LVTTL        ;         ; Row I/O    ; Off         ; N               ;
; M4       ; 393        ; 5        ; outArr[5][3]              ; output ; LVTTL        ;         ; Row I/O    ; Off         ; N               ;
; M5       ; 408        ; 5        ; inArr[3][29]              ; input  ; LVTTL        ;         ; Row I/O    ; Off         ; N               ;
; M6       ; 407        ; 5        ; outArr[1][25]             ; output ; LVTTL        ;         ; Row I/O    ; Off         ; N               ;
; M7       ; 412        ; 5        ; inArr[2][28]              ; input  ; LVTTL        ;         ; Row I/O    ; Off         ; N               ;
; M8       ; 411        ; 5        ; outArr[2][6]              ; output ; LVTTL        ;         ; Row I/O    ; Off         ; N               ;
; M9       ; 404        ; 5        ; outArr[5][31]             ; output ; LVTTL        ;         ; Row I/O    ; Off         ; N               ;
; M10      ; 403        ; 5        ; outArr[1][26]             ; output ; LVTTL        ;         ; Row I/O    ; Off         ; N               ;
; M11      ; 530        ; 4        ; inArr[1][23]              ; input  ; LVTTL        ;         ; Column I/O ; Off         ; N               ;
; M12      ; 528        ; 4        ; outArr[0][23]             ; output ; LVTTL        ;         ; Column I/O ; Off         ; N               ;
; M13      ; 536        ; 4        ; inArr[0][25]              ; input  ; LVTTL        ;         ; Column I/O ; Off         ; N               ;
; M14      ;            ;          ; VCCINT                    ; power  ;              ; 1.5V    ; --         ; --          ;                 ;
; M15      ;            ;          ; GND                       ; gnd    ;              ;         ; --         ; --          ;                 ;
; M16      ; 547        ; 3        ; ^nSTATUS                  ;        ;              ;         ; --         ; --          ;                 ;
; M17      ; 553        ; 3        ; inArr[1][6]               ; input  ; LVTTL        ;         ; Column I/O ; Off         ; N               ;
; M18      ; 557        ; 3        ; outArr[6][21]             ; output ; LVTTL        ;         ; Column I/O ; Off         ; N               ;
; M19      ; 52         ; 2        ; inArr[3][9]               ; input  ; LVTTL        ;         ; Row I/O    ; Off         ; N               ;
; M20      ; 51         ; 2        ; inArr[4][11]              ; input  ; LVTTL        ;         ; Row I/O    ; Off         ; N               ;
; M21      ; 44         ; 2        ; inArr[2][5]               ; input  ; LVTTL        ;         ; Row I/O    ; Off         ; N               ;
; M22      ; 43         ; 2        ; inArr[6][8]               ; input  ; LVTTL        ;         ; Row I/O    ; Off         ; N               ;
; M23      ; 48         ; 2        ; inArr[3][30]              ; input  ; LVTTL        ;         ; Row I/O    ; Off         ; N               ;
; M24      ; 47         ; 2        ; inArr[6][9]               ; input  ; LVTTL        ;         ; Row I/O    ; Off         ; N               ;
; M25      ; 62         ; 2        ; outArr[4][13]             ; output ; LVTTL        ;         ; Row I/O    ; Off         ; N               ;
; M26      ; 63         ; 2        ; inArr[3][11]              ; input  ; LVTTL        ;         ; Row I/O    ; Off         ; N               ;
; M27      ; 66         ; 2        ; inArr[7][14]              ; input  ; LVTTL        ;         ; Row I/O    ; Off         ; N               ;
; M28      ;            ; 2        ; VCCIO2                    ; power  ;              ; 3.3V    ; --         ; --          ;                 ;
; N1       ; 389        ; 5        ; inArr[6][28]              ; input  ; LVTTL        ;         ; Row I/O    ; Off         ; N               ;
; N2       ; 385        ; 5        ; inArr[0][27]              ; input  ; LVTTL        ;         ; Row I/O    ; Off         ; N               ;
; N3       ; 400        ; 5        ; outArr[1][0]              ; output ; LVTTL        ;         ; Row I/O    ; Off         ; N               ;
; N4       ; 399        ; 5        ; outArr[0][16]             ; output ; LVTTL        ;         ; Row I/O    ; Off         ; N               ;
; N5       ; 390        ; 5        ; inArr[0][2]               ; input  ; LVTTL        ;         ; Row I/O    ; Off         ; N               ;
; N6       ; 391        ; 5        ; outArr[6][29]             ; output ; LVTTL        ;         ; Row I/O    ; Off         ; N               ;
; N7       ; 394        ; 5        ; outArr[0][3]              ; output ; LVTTL        ;         ; Row I/O    ; Off         ; N               ;
; N8       ; 395        ; 5        ; outArr[2][17]             ; output ; LVTTL        ;         ; Row I/O    ; Off         ; N               ;
; N9       ; 387        ; 5        ; outArr[2][23]             ; output ; LVTTL        ;         ; Row I/O    ; Off         ; N               ;
; N10      ; 386        ; 5        ; outArr[6][31]             ; output ; LVTTL        ;         ; Row I/O    ; Off         ; N               ;
; N11      ;            ;          ; VCCINT                    ; power  ;              ; 1.5V    ; --         ; --          ;                 ;
; N12      ;            ;          ; GND                       ; gnd    ;              ;         ; --         ; --          ;                 ;
; N13      ;            ;          ; VCCINT                    ; power  ;              ; 1.5V    ; --         ; --          ;                 ;
; N14      ;            ;          ; GND                       ; gnd    ;              ;         ; --         ; --          ;                 ;
; N15      ;            ;          ; VCCINT                    ; power  ;              ; 1.5V    ; --         ; --          ;                 ;
; N16      ;            ;          ; GND                       ; gnd    ;              ;         ; --         ; --          ;                 ;
; N17      ;            ;          ; VCCINT                    ; power  ;              ; 1.5V    ; --         ; --          ;                 ;
; N18      ;            ;          ; GND                       ; gnd    ;              ;         ; --         ; --          ;                 ;
; N19      ; 69         ; 2        ; outArr[2][10]             ; output ; LVTTL        ;         ; Row I/O    ; Off         ; N               ;
; N20      ; 68         ; 2        ; inArr[4][12]              ; input  ; LVTTL        ;         ; Row I/O    ; Off         ; N               ;
; N21      ; 65         ; 2        ; outArr[2][16]             ; output ; LVTTL        ;         ; Row I/O    ; Off         ; N               ;
; N22      ; 64         ; 2        ; inArr[2][20]              ; input  ; LVTTL        ;         ; Row I/O    ; Off         ; N               ;
; N23      ; 61         ; 2        ; inArr[6][11]              ; input  ; LVTTL        ;         ; Row I/O    ; Off         ; N               ;
; N24      ; 60         ; 2        ; outArr[0][21]             ; output ; LVTTL        ;         ; Row I/O    ; Off         ; N               ;
; N25      ; 56         ; 2        ; inArr[5][12]              ; input  ; LVTTL        ;         ; Row I/O    ; Off         ; N               ;
; N26      ; 55         ; 2        ; outArr[3][15]             ; output ; LVTTL        ;         ; Row I/O    ; Off         ; N               ;
; N27      ; 70         ; 2        ; inArr[3][14]              ; input  ; LVTTL        ;         ; Row I/O    ; Off         ; N               ;
; N28      ; 67         ; 2        ; inArr[7][9]               ; input  ; LVTTL        ;         ; Row I/O    ; Off         ; N               ;
; P1       ;            ;          ; GND                       ; gnd    ;              ;         ; --         ; --          ;                 ;
; P2       ; 384        ; 5        ; clk                       ; input  ; LVTTL        ;         ; Row I/O    ; Off         ; N               ;
; P3       ; 383        ; 5        ; inArr[5][27]              ; input  ; LVTTL        ;         ; Row I/O    ; Off         ; N               ;
; P4       ; 382        ; 5        ; inArr[4][30]              ; input  ; LVTTL        ;         ; Row I/O    ; Off         ; N               ;
; P5       ;            ;          ; GNDA_PLL4                 ; gnd    ;              ;         ; --         ; --          ;                 ;
; P6       ;            ;          ; VCCA_PLL4                 ; power  ;              ; 1.5V    ; --         ; --          ;                 ;
; P7       ;            ;          ; GNDG_PLL4                 ; gnd    ;              ;         ; --         ; --          ;                 ;
; P8       ;            ; 1        ; VCCG_PLL4                 ; power  ;              ; 1.5V    ; --         ; --          ;                 ;
; P9       ;            ; 5        ; VCCIO5                    ; power  ;              ; 3.3V    ; --         ; --          ;                 ;
; P10      ; 398        ;          ; GND                       ; gnd    ;              ;         ; --         ; --          ;                 ;
; P11      ;            ;          ; GND                       ; gnd    ;              ;         ; --         ; --          ;                 ;
; P12      ;            ;          ; VCCINT                    ; power  ;              ; 1.5V    ; --         ; --          ;                 ;
; P13      ;            ;          ; GND                       ; gnd    ;              ;         ; --         ; --          ;                 ;
; P14      ;            ;          ; VCCINT                    ; power  ;              ; 1.5V    ; --         ; --          ;                 ;
; P15      ;            ;          ; GND                       ; gnd    ;              ;         ; --         ; --          ;                 ;
; P16      ;            ;          ; VCCINT                    ; power  ;              ; 1.5V    ; --         ; --          ;                 ;
; P17      ;            ;          ; GND                       ; gnd    ;              ;         ; --         ; --          ;                 ;
; P18      ;            ;          ; GND                       ; gnd    ;              ;         ; --         ; --          ;                 ;
; P19      ;            ;          ; NC                        ;        ;              ;         ; --         ; --          ;                 ;
; P20      ;            ; 2        ; VCCIO2                    ; power  ;              ; 3.3V    ; --         ; --          ;                 ;
; P21      ;            ; 1        ; VCCG_PLL1                 ; power  ;              ; 1.5V    ; --         ; --          ;                 ;
; P22      ;            ;          ; GNDG_PLL1                 ; gnd    ;              ;         ; --         ; --          ;                 ;
; P23      ;            ;          ; VCCA_PLL1                 ; power  ;              ; 1.5V    ; --         ; --          ;                 ;
; P24      ;            ;          ; GNDA_PLL1                 ; gnd    ;              ;         ; --         ; --          ;                 ;
; P25      ; 73         ; 2        ; inArr[3][15]              ; input  ; LVTTL        ;         ; Row I/O    ; Off         ; N               ;
; P26      ; 72         ; 2        ; inArr[4][14]              ; input  ; LVTTL        ;         ; Row I/O    ; Off         ; N               ;
; P27      ; 71         ; 2        ; inArr[6][12]              ; input  ; LVTTL        ;         ; Row I/O    ; Off         ; N               ;
; P28      ;            ;          ; GND                       ; gnd    ;              ;         ; --         ; --          ;                 ;
; R1       ;            ;          ; GND                       ; gnd    ;              ;         ; --         ; --          ;                 ;
; R2       ; 381        ; 6        ; inArr[7][29]              ; input  ; LVTTL        ;         ; Row I/O    ; Off         ; N               ;
; R3       ; 378        ; 6        ; inArr[7][24]              ; input  ; LVTTL        ;         ; Row I/O    ; Off         ; N               ;
; R4       ; 379        ; 6        ; inArr[3][1]               ; input  ; LVTTL        ;         ; Row I/O    ; Off         ; N               ;
; R5       ;            ;          ; GNDA_PLL3                 ; gnd    ;              ;         ; --         ; --          ;                 ;
; R6       ;            ;          ; VCCA_PLL3                 ; power  ;              ; 1.5V    ; --         ; --          ;                 ;
; R7       ;            ;          ; GNDG_PLL3                 ; gnd    ;              ;         ; --         ; --          ;                 ;
; R8       ;            ; 1        ; VCCG_PLL3                 ; power  ;              ; 1.5V    ; --         ; --          ;                 ;
; R9       ;            ; 6        ; VCCIO6                    ; power  ;              ; 3.3V    ; --         ; --          ;                 ;
; R10      ;            ;          ; NC                        ;        ;              ;         ; --         ; --          ;                 ;
; R11      ;            ;          ; GND                       ; gnd    ;              ;         ; --         ; --          ;                 ;
; R12      ;            ;          ; GND                       ; gnd    ;              ;         ; --         ; --          ;                 ;
; R13      ;            ;          ; VCCINT                    ; power  ;              ; 1.5V    ; --         ; --          ;                 ;
; R14      ;            ;          ; GND                       ; gnd    ;              ;         ; --         ; --          ;                 ;
; R15      ;            ;          ; VCCINT                    ; power  ;              ; 1.5V    ; --         ; --          ;                 ;
; R16      ;            ;          ; GND                       ; gnd    ;              ;         ; --         ; --          ;                 ;
; R17      ;            ;          ; VCCINT                    ; power  ;              ; 1.5V    ; --         ; --          ;                 ;
; R18      ;            ;          ; GND                       ; gnd    ;              ;         ; --         ; --          ;                 ;
; R19      ; 94         ;          ; GND                       ; gnd    ;              ;         ; --         ; --          ;                 ;
; R20      ;            ; 1        ; VCCIO1                    ; power  ;              ; 3.3V    ; --         ; --          ;                 ;
; R21      ;            ; 1        ; VCCG_PLL2                 ; power  ;              ; 1.5V    ; --         ; --          ;                 ;
; R22      ;            ;          ; GNDG_PLL2                 ; gnd    ;              ;         ; --         ; --          ;                 ;
; R23      ;            ;          ; VCCA_PLL2                 ; power  ;              ; 1.5V    ; --         ; --          ;                 ;
; R24      ;            ;          ; GNDA_PLL2                 ; gnd    ;              ;         ; --         ; --          ;                 ;
; R25      ; 76         ; 1        ; inArr[7][7]               ; input  ; LVTTL        ;         ; Row I/O    ; Off         ; N               ;
; R26      ; 77         ; 1        ; inArr[4][10]              ; input  ; LVTTL        ;         ; Row I/O    ; Off         ; N               ;
; R27      ; 74         ; 1        ; inArr[3][8]               ; input  ; LVTTL        ;         ; Row I/O    ; Off         ; N               ;
; R28      ;            ;          ; GND                       ; gnd    ;              ;         ; --         ; --          ;                 ;
; T1       ; 377        ; 6        ; outArr[3][28]             ; output ; LVTTL        ;         ; Row I/O    ; Off         ; N               ;
; T2       ; 380        ; 6        ; inArr[3][4]               ; input  ; LVTTL        ;         ; Row I/O    ; Off         ; N               ;
; T3       ; 375        ; 6        ; inArr[2][26]              ; input  ; LVTTL        ;         ; Row I/O    ; Off         ; N               ;
; T4       ; 374        ; 6        ; outArr[3][27]             ; output ; LVTTL        ;         ; Row I/O    ; Off         ; N               ;
; T5       ; 363        ; 6        ; inArr[5][30]              ; input  ; LVTTL        ;         ; Row I/O    ; Off         ; N               ;
; T6       ; 362        ; 6        ; outArr[2][26]             ; output ; LVTTL        ;         ; Row I/O    ; Off         ; N               ;
; T7       ; 370        ; 6        ; inArr[4][2]               ; input  ; LVTTL        ;         ; Row I/O    ; Off         ; N               ;
; T8       ; 371        ; 6        ; outArr[1][1]              ; output ; LVTTL        ;         ; Row I/O    ; Off         ; N               ;
; T9       ; 367        ; 6        ; outArr[6][27]             ; output ; LVTTL        ;         ; Row I/O    ; Off         ; N               ;
; T10      ; 366        ; 6        ; inArr[0][30]              ; input  ; LVTTL        ;         ; Row I/O    ; Off         ; N               ;
; T11      ;            ;          ; GND                       ; gnd    ;              ;         ; --         ; --          ;                 ;
; T12      ;            ;          ; VCCINT                    ; power  ;              ; 1.5V    ; --         ; --          ;                 ;
; T13      ;            ;          ; GND                       ; gnd    ;              ;         ; --         ; --          ;                 ;
; T14      ;            ;          ; VCCINT                    ; power  ;              ; 1.5V    ; --         ; --          ;                 ;
; T15      ;            ;          ; GND                       ; gnd    ;              ;         ; --         ; --          ;                 ;
; T16      ;            ;          ; VCCINT                    ; power  ;              ; 1.5V    ; --         ; --          ;                 ;
; T17      ;            ;          ; GND                       ; gnd    ;              ;         ; --         ; --          ;                 ;
; T18      ;            ;          ; VCCINT                    ; power  ;              ; 1.5V    ; --         ; --          ;                 ;
; T19      ; 84         ; 1        ; inArr[6][4]               ; input  ; LVTTL        ;         ; Row I/O    ; Off         ; N               ;
; T20      ; 85         ; 1        ; outArr[5][11]             ; output ; LVTTL        ;         ; Row I/O    ; Off         ; N               ;
; T21      ; 80         ; 1        ; outArr[0][27]             ; output ; LVTTL        ;         ; Row I/O    ; Off         ; N               ;
; T22      ; 81         ; 1        ; inArr[5][13]              ; input  ; LVTTL        ;         ; Row I/O    ; Off         ; N               ;
; T23      ; 88         ; 1        ; inArr[3][10]              ; input  ; LVTTL        ;         ; Row I/O    ; Off         ; N               ;
; T24      ; 89         ; 1        ; inArr[4][4]               ; input  ; LVTTL        ;         ; Row I/O    ; Off         ; N               ;
; T25      ; 93         ; 1        ; inArr[5][11]              ; input  ; LVTTL        ;         ; Row I/O    ; Off         ; N               ;
; T26      ; 92         ; 1        ; outArr[0][5]              ; output ; LVTTL        ;         ; Row I/O    ; Off         ; N               ;
; T27      ; 75         ; 1        ; inArr[2][12]              ; input  ; LVTTL        ;         ; Row I/O    ; Off         ; N               ;
; T28      ; 78         ; 1        ; outArr[3][14]             ; output ; LVTTL        ;         ; Row I/O    ; Off         ; N               ;
; U1       ;            ; 6        ; VCCIO6                    ; power  ;              ; 3.3V    ; --         ; --          ;                 ;
; U2       ; 376        ; 6        ; outArr[6][30]             ; output ; LVTTL        ;         ; Row I/O    ; Off         ; N               ;
; U3       ; 373        ; 6        ; inArr[6][22]              ; input  ; LVTTL        ;         ; Row I/O    ; Off         ; N               ;
; U4       ; 372        ; 6        ; inArr[6][31]              ; input  ; LVTTL        ;         ; Row I/O    ; Off         ; N               ;
; U5       ; 354        ; 6        ; outArr[5][2]              ; output ; LVTTL        ;         ; Row I/O    ; Off         ; N               ;
; U6       ; 353        ; 6        ; outArr[3][25]             ; output ; LVTTL        ;         ; Row I/O    ; Off         ; N               ;
; U7       ; 349        ; 6        ; inArr[6][25]              ; input  ; LVTTL        ;         ; Row I/O    ; Off         ; N               ;
; U8       ; 350        ; 6        ; outArr[4][1]              ; output ; LVTTL        ;         ; Row I/O    ; Off         ; N               ;
; U9       ; 357        ; 6        ; inArr[3][25]              ; input  ; LVTTL        ;         ; Row I/O    ; Off         ; N               ;
; U10      ; 358        ; 6        ; outArr[3][1]              ; output ; LVTTL        ;         ; Row I/O    ; Off         ; N               ;
; U11      ;            ;          ; VCCINT                    ; power  ;              ; 1.5V    ; --         ; --          ;                 ;
; U12      ;            ;          ; GND                       ; gnd    ;              ;         ; --         ; --          ;                 ;
; U13      ;            ;          ; VCCINT                    ; power  ;              ; 1.5V    ; --         ; --          ;                 ;
; U14      ;            ;          ; GND                       ; gnd    ;              ;         ; --         ; --          ;                 ;
; U15      ;            ;          ; VCCINT                    ; power  ;              ; 1.5V    ; --         ; --          ;                 ;
; U16      ;            ;          ; GND                       ; gnd    ;              ;         ; --         ; --          ;                 ;
; U17      ;            ;          ; VCCINT                    ; power  ;              ; 1.5V    ; --         ; --          ;                 ;
; U18      ;            ;          ; GND                       ; gnd    ;              ;         ; --         ; --          ;                 ;
; U19      ; 97         ; 1        ; inArr[0][9]               ; input  ; LVTTL        ;         ; Row I/O    ; Off         ; N               ;
; U20      ; 98         ; 1        ; outArr[3][6]              ; output ; LVTTL        ;         ; Row I/O    ; Off         ; N               ;
; U21      ; 105        ; 1        ; outArr[5][14]             ; output ; LVTTL        ;         ; Row I/O    ; Off         ; N               ;
; U22      ; 106        ; 1        ; inArr[2][15]              ; input  ; LVTTL        ;         ; Row I/O    ; Off         ; N               ;
; U23      ; 102        ; 1        ; outArr[4][7]              ; output ; LVTTL        ;         ; Row I/O    ; Off         ; N               ;
; U24      ; 101        ; 1        ; inArr[6][13]              ; input  ; LVTTL        ;         ; Row I/O    ; Off         ; N               ;
; U25      ; 83         ; 1        ; inArr[3][13]              ; input  ; LVTTL        ;         ; Row I/O    ; Off         ; N               ;
; U26      ; 82         ; 1        ; outArr[5][16]             ; output ; LVTTL        ;         ; Row I/O    ; Off         ; N               ;
; U27      ; 79         ; 1        ; inArr[0][13]              ; input  ; LVTTL        ;         ; Row I/O    ; Off         ; N               ;
; U28      ;            ; 1        ; VCCIO1                    ; power  ;              ; 3.3V    ; --         ; --          ;                 ;
; V1       ; 368        ; 6        ; inArr[1][28]              ; input  ; LVTTL        ;         ; Row I/O    ; Off         ; N               ;
; V2       ; 369        ; 6        ; outArr[3][29]             ; output ; LVTTL        ;         ; Row I/O    ; Off         ; N               ;
; V3       ; 365        ; 6        ; inArr[5][31]              ; input  ; LVTTL        ;         ; Row I/O    ; Off         ; N               ;
; V4       ; 364        ; 6        ; inArr[6][26]              ; input  ; LVTTL        ;         ; Row I/O    ; Off         ; N               ;
; V5       ; 342        ; 6        ; inArr[4][29]              ; input  ; LVTTL        ;         ; Row I/O    ; Off         ; N               ;
; V6       ; 341        ; 6        ; inArr[3][27]              ; input  ; LVTTL        ;         ; Row I/O    ; Off         ; N               ;
; V7       ; 338        ; 6        ; outArr[0][1]              ; output ; LVTTL        ;         ; Row I/O    ; Off         ; N               ;
; V8       ; 337        ; 6        ; outArr[1][14]             ; output ; LVTTL        ;         ; Row I/O    ; Off         ; N               ;
; V9       ; 345        ; 6        ; outArr[3][0]              ; output ; LVTTL        ;         ; Row I/O    ; Off         ; N               ;
; V10      ; 346        ; 6        ; inArr[2][22]              ; input  ; LVTTL        ;         ; Row I/O    ; Off         ; N               ;
; V11      ; 237        ; 7        ; inArr[2][27]              ; input  ; LVTTL        ;         ; Column I/O ; Off         ; N               ;
; V12      ;            ;          ; VCCINT                    ; power  ;              ; 1.5V    ; --         ; --          ;                 ;
; V13      ;            ;          ; GND                       ; gnd    ;              ;         ; --         ; --          ;                 ;
; V14      ;            ;          ; GND                       ; gnd    ;              ;         ; --         ; --          ;                 ;
; V15      ;            ;          ; GND                       ; gnd    ;              ;         ; --         ; --          ;                 ;
; V16      ;            ;          ; VCCINT                    ; power  ;              ; 1.5V    ; --         ; --          ;                 ;
; V17      ;            ;          ; GND                       ; gnd    ;              ;         ; --         ; --          ;                 ;
; V18      ; 210        ; 8        ; inArr[7][6]               ; input  ; LVTTL        ;         ; Column I/O ; Off         ; N               ;
; V19      ; 109        ; 1        ; outArr[0][17]             ; output ; LVTTL        ;         ; Row I/O    ; Off         ; N               ;
; V20      ; 110        ; 1        ; inArr[2][10]              ; input  ; LVTTL        ;         ; Row I/O    ; Off         ; N               ;
; V21      ; 118        ; 1        ; inArr[3][5]               ; input  ; LVTTL        ;         ; Row I/O    ; Off         ; N               ;
; V22      ; 117        ; 1        ; outArr[2][9]              ; output ; LVTTL        ;         ; Row I/O    ; Off         ; N               ;
; V23      ; 114        ; 1        ; outArr[3][13]             ; output ; LVTTL        ;         ; Row I/O    ; Off         ; N               ;
; V24      ; 113        ; 1        ; inArr[7][11]              ; input  ; LVTTL        ;         ; Row I/O    ; Off         ; N               ;
; V25      ; 91         ; 1        ; outArr[0][8]              ; output ; LVTTL        ;         ; Row I/O    ; Off         ; N               ;
; V26      ; 90         ; 1        ; outArr[4][8]              ; output ; LVTTL        ;         ; Row I/O    ; Off         ; N               ;
; V27      ; 86         ; 1        ; outArr[2][12]             ; output ; LVTTL        ;         ; Row I/O    ; Off         ; N               ;
; V28      ; 87         ; 1        ; outArr[3][19]             ; output ; LVTTL        ;         ; Row I/O    ; Off         ; N               ;
; W1       ; 360        ; 6        ; outArr[4][30]             ; output ; LVTTL        ;         ; Row I/O    ; Off         ; N               ;
; W2       ; 359        ; 6        ; outArr[0][6]              ; output ; LVTTL        ;         ; Row I/O    ; Off         ; N               ;
; W3       ; 356        ; 6        ; outArr[4][26]             ; output ; LVTTL        ;         ; Row I/O    ; Off         ; N               ;
; W4       ; 355        ; 6        ; outArr[6][22]             ; output ; LVTTL        ;         ; Row I/O    ; Off         ; N               ;
; W5       ; 333        ; 6        ; outArr[6][24]             ; output ; LVTTL        ;         ; Row I/O    ; Off         ; N               ;
; W6       ; 334        ; 6        ; inArr[4][27]              ; input  ; LVTTL        ;         ; Row I/O    ; Off         ; N               ;
; W7       ; 329        ; 6        ; outArr[2][30]             ; output ; LVTTL        ;         ; Row I/O    ; Off         ; N               ;
; W8       ; 330        ; 6        ; GND*                      ;        ;              ;         ; Row I/O    ; --          ;                 ;
; W9       ; 361        ;          ; GND                       ; gnd    ;              ;         ; --         ; --          ;                 ;
; W10      ; 251        ; 7        ; inArr[6][29]              ; input  ; LVTTL        ;         ; Column I/O ; Off         ; N               ;
; W11      ; 243        ; 7        ; outArr[2][31]             ; output ; LVTTL        ;         ; Column I/O ; Off         ; N               ;
; W12      ; 239        ; 7        ; outArr[4][29]             ; output ; LVTTL        ;         ; Column I/O ; Off         ; N               ;
; W13      ; 231        ; 7        ; inArr[1][29]              ; input  ; LVTTL        ;         ; Column I/O ; Off         ; N               ;
; W14      ; 228        ; 11       ; inArr[2][7]               ; input  ; LVTTL        ;         ; Column I/O ; Off         ; N               ;
; W15      ; 227        ; 11       ; inArr[0][14]              ; input  ; LVTTL        ;         ; Column I/O ; Off         ; N               ;
; W16      ; 222        ; 12       ; inArr[2][11]              ; input  ; LVTTL        ;         ; Column I/O ; Off         ; N               ;
; W17      ; 219        ; 8        ; ^MSEL1                    ;        ;              ;         ; --         ; --          ;                 ;
; W18      ; 211        ; 8        ; inArr[3][12]              ; input  ; LVTTL        ;         ; Column I/O ; Off         ; N               ;
; W19      ; 193        ; 8        ; inArr[7][16]              ; input  ; LVTTL        ;         ; Column I/O ; Off         ; N               ;
; W20      ; 127        ;          ; GND                       ; gnd    ;              ;         ; --         ; --          ;                 ;
; W21      ; 125        ; 1        ; inArr[0][10]              ; input  ; LVTTL        ;         ; Row I/O    ; Off         ; N               ;
; W22      ; 126        ; 1        ; GND*                      ;        ;              ;         ; Row I/O    ; --          ;                 ;
; W23      ; 121        ; 1        ; inArr[5][15]              ; input  ; LVTTL        ;         ; Row I/O    ; Off         ; N               ;
; W24      ; 122        ; 1        ; inArr[6][15]              ; input  ; LVTTL        ;         ; Row I/O    ; Off         ; N               ;
; W25      ; 100        ; 1        ; outArr[2][8]              ; output ; LVTTL        ;         ; Row I/O    ; Off         ; N               ;
; W26      ; 99         ; 1        ; outArr[4][15]             ; output ; LVTTL        ;         ; Row I/O    ; Off         ; N               ;
; W27      ; 96         ; 1        ; inArr[2][25]              ; input  ; LVTTL        ;         ; Row I/O    ; Off         ; N               ;
; W28      ; 95         ; 1        ; inArr[5][0]               ; input  ; LVTTL        ;         ; Row I/O    ; Off         ; N               ;
; Y1       ; 352        ; 6        ; inArr[2][31]              ; input  ; LVTTL        ;         ; Row I/O    ; Off         ; N               ;
; Y2       ; 351        ; 6        ; outArr[2][20]             ; output ; LVTTL        ;         ; Row I/O    ; Off         ; N               ;
; Y3       ; 348        ; 6        ; inArr[2][21]              ; input  ; LVTTL        ;         ; Row I/O    ; Off         ; N               ;
; Y4       ; 347        ; 6        ; outArr[0][0]              ; output ; LVTTL        ;         ; Row I/O    ; Off         ; N               ;
; Y5       ; 321        ; 6        ; GND*                      ;        ;              ;         ; Row I/O    ; --          ;                 ;
; Y6       ; 320        ; 6        ; GND*                      ;        ;              ;         ; Row I/O    ; --          ;                 ;
; Y7       ; 324        ; 6        ; GND*                      ;        ;              ;         ; Row I/O    ; --          ;                 ;
; Y8       ; 325        ; 6        ; GND*                      ;        ;              ;         ; Row I/O    ; --          ;                 ;
; Y9       ; 300        ; 7        ; GND*                      ;        ;              ;         ; Column I/O ; --          ;                 ;
; Y10      ; 266        ; 7        ; inArr[4][25]              ; input  ; LVTTL        ;         ; Column I/O ; Off         ; N               ;
; Y11      ; 238        ; 7        ; outArr[3][30]             ; output ; LVTTL        ;         ; Column I/O ; Off         ; N               ;
; Y12      ; 240        ; 7        ; ^nIO_PULLUP               ;        ;              ;         ; --         ; --          ;                 ;
; Y13      ; 232        ; 7        ; inArr[2][23]              ; input  ; LVTTL        ;         ; Column I/O ; Off         ; N               ;
; Y14      ;            ; 7        ; VCCIO7                    ; power  ;              ; 3.3V    ; --         ; --          ;                 ;
; Y15      ;            ; 8        ; VCCIO8                    ; power  ;              ; 3.3V    ; --         ; --          ;                 ;
; Y16      ; 221        ; 12       ; outArr[3][11]             ; output ; LVTTL        ;         ; Column I/O ; Off         ; N               ;
; Y17      ; 213        ; 8        ; outArr[3][18]             ; output ; LVTTL        ;         ; Column I/O ; Off         ; N               ;
; Y18      ; 202        ; 8        ; outArr[0][10]             ; output ; LVTTL        ;         ; Column I/O ; Off         ; N               ;
; Y19      ; 192        ; 8        ; inArr[0][28]              ; input  ; LVTTL        ;         ; Column I/O ; Off         ; N               ;
; Y20      ; 205        ; 8        ; outArr[3][17]             ; output ; LVTTL        ;         ; Column I/O ; Off         ; N               ;
; Y21      ; 130        ; 1        ; GND*                      ;        ;              ;         ; Row I/O    ; --          ;                 ;
; Y22      ; 131        ; 1        ; GND*                      ;        ;              ;         ; Row I/O    ; --          ;                 ;
; Y23      ; 135        ; 1        ; GND*                      ;        ;              ;         ; Row I/O    ; --          ;                 ;
; Y24      ; 134        ; 1        ; GND*                      ;        ;              ;         ; Row I/O    ; --          ;                 ;
; Y25      ; 108        ; 1        ; outArr[4][9]              ; output ; LVTTL        ;         ; Row I/O    ; Off         ; N               ;
; Y26      ; 107        ; 1        ; inArr[2][8]               ; input  ; LVTTL        ;         ; Row I/O    ; Off         ; N               ;
; Y27      ; 104        ; 1        ; inArr[4][16]              ; input  ; LVTTL        ;         ; Row I/O    ; Off         ; N               ;
; Y28      ; 103        ; 1        ; outArr[3][12]             ; output ; LVTTL        ;         ; Row I/O    ; Off         ; N               ;
+----------+------------+----------+---------------------------+--------+--------------+---------+------------+-------------+-----------------+


+-------------------------------------------------------------------------------+
; Output Pin Default Load For Reported TCO                                      ;
+----------------------------------+-------+------------------------------------+
; I/O Standard                     ; Load  ; Termination Resistance             ;
+----------------------------------+-------+------------------------------------+
; LVTTL                            ; 10 pF ; Not Available                      ;
; LVCMOS                           ; 10 pF ; Not Available                      ;
; 2.5 V                            ; 10 pF ; Not Available                      ;
; 1.8 V                            ; 10 pF ; Not Available                      ;
; 1.5 V                            ; 10 pF ; Not Available                      ;
; GTL                              ; 30 pF ; 25 Ohm (Parallel)                  ;
; GTL+                             ; 30 pF ; 25 Ohm (Parallel)                  ;
; 3.3-V PCI                        ; 10 pF ; 25 Ohm (Parallel)                  ;
; 3.3-V PCI-X                      ; 8 pF  ; 25 Ohm (Parallel)                  ;
; Compact PCI                      ; 10 pF ; 25 Ohm (Parallel)                  ;
; AGP 1X                           ; 10 pF ; Not Available                      ;
; AGP 2X                           ; 10 pF ; Not Available                      ;
; CTT                              ; 30 pF ; 50 Ohm (Parallel)                  ;
; SSTL-3 Class I                   ; 30 pF ; 50 Ohm (Parallel), 25 Ohm (Serial) ;
; SSTL-3 Class II                  ; 30 pF ; 25 Ohm (Parallel), 25 Ohm (Serial) ;
; SSTL-2 Class I                   ; 30 pF ; 50 Ohm (Parallel), 25 Ohm (Serial) ;
; SSTL-2 Class II                  ; 30 pF ; 25 Ohm (Parallel), 25 Ohm (Serial) ;
; SSTL-18 Class I                  ; 30 pF ; 50 Ohm (Parallel), 25 Ohm (Serial) ;
; SSTL-18 Class II                 ; 30 pF ; 25 Ohm (Parallel), 25 Ohm (Serial) ;
; 1.5-V HSTL Class I               ; 20 pF ; 50 Ohm (Parallel)                  ;
; 1.5-V HSTL Class II              ; 20 pF ; 25 Ohm (Parallel)                  ;
; 1.8-V HSTL Class I               ; 20 pF ; 50 Ohm (Parallel)                  ;
; 1.8-V HSTL Class II              ; 20 pF ; 25 Ohm (Parallel)                  ;
; LVDS                             ; 4 pF  ; 100 Ohm (Differential)             ;
; Differential LVPECL              ; 4 pF  ; 100 Ohm (Differential)             ;
; 3.3-V PCML                       ; 4 pF  ; 50 Ohm (Parallel)                  ;
; HyperTransport                   ; 4 pF  ; 100 Ohm (Differential)             ;
; Differential 1.5-V HSTL Class I  ; 0 pF  ; (See 1.5-V HSTL Class I)           ;
; Differential 1.5-V HSTL Class II ; 0 pF  ; (See 1.5-V HSTL Class II)          ;
; Differential 1.8-V HSTL Class I  ; 0 pF  ; (See 1.8-V HSTL Class I)           ;
; Differential 1.8-V HSTL Class II ; 0 pF  ; (See 1.8-V HSTL Class II)          ;
; Differential SSTL-2              ; 30 pF ; (See SSTL-2)                       ;
+----------------------------------+-------+------------------------------------+
Note: User assignments will override these defaults. The user specified values are listed in the Output Pins and Bidir Pins tables.


+--------------------------------------------------------------------------------------------------------------------------------------------------------------------------------------------------------------------------------------------+
; Fitter Resource Utilization by Entity                                                                                                                                                                                                      ;
+----------------------------+-------------+--------------+-------------+--------------+---------+-----------+-----------+------+--------------+--------------+-------------------+------------------+-----------------+---------------------+
; Compilation Hierarchy Node ; Logic Cells ; LC Registers ; Memory Bits ; DSP Elements ; DSP 9x9 ; DSP 18x18 ; DSP 36x36 ; Pins ; Virtual Pins ; LUT-Only LCs ; Register-Only LCs ; LUT/Register LCs ; Carry Chain LCs ; Full Hierarchy Name ;
+----------------------------+-------------+--------------+-------------+--------------+---------+-----------+-----------+------+--------------+--------------+-------------------+------------------+-----------------+---------------------+
; |insertSort                ; 909 (909)   ; 522          ; 0           ; 0            ; 0       ; 0         ; 0         ; 517  ; 0            ; 387 (387)    ; 1 (1)             ; 521 (521)        ; 32 (32)         ; |insertSort         ;
+----------------------------+-------------+--------------+-------------+--------------+---------+-----------+-----------+------+--------------+--------------+-------------------+------------------+-----------------+---------------------+
Note: For table entries with two numbers listed, the numbers in parentheses indicate the number of resources of the given type used by the specific entity alone. The numbers listed outside of parentheses indicate the total resources of the given type used by the specific entity and all of its sub-entities in the hierarchy.


+------------------------------------------------------------------------------------------------------------------------------------------------------------------------------------------------------------------------------------------------------------------+
; Delay Chain Summary                                                                                                                                                                                                                                              ;
+---------------+----------+---------------+---------------+-----------------------+-------------------------+----------------------------------------+---------------------------------+--------------------------------+-----+------+----------------------------+
; Name          ; Pin Type ; Pad to Core 0 ; Pad to Core 1 ; Pad to Input Register ; Core to Output Register ; Clock Enable to Output Enable Register ; Clock Enable to Output Register ; Clock Enable to Input Register ; TCO ; TCOE ; Falling Edge Output Enable ;
+---------------+----------+---------------+---------------+-----------------------+-------------------------+----------------------------------------+---------------------------------+--------------------------------+-----+------+----------------------------+
; reset         ; Input    ; ON            ; ON            ; --                    ; --                      ; --                                     ; --                              ; --                             ; --  ; --   ; --                         ;
; start         ; Input    ; ON            ; ON            ; --                    ; --                      ; --                                     ; --                              ; --                             ; --  ; --   ; --                         ;
; clk           ; Input    ; OFF           ; OFF           ; --                    ; --                      ; --                                     ; --                              ; --                             ; --  ; --   ; --                         ;
; inArr[7][0]   ; Input    ; ON            ; ON            ; --                    ; --                      ; --                                     ; --                              ; --                             ; --  ; --   ; --                         ;
; inArr[7][1]   ; Input    ; ON            ; ON            ; --                    ; --                      ; --                                     ; --                              ; --                             ; --  ; --   ; --                         ;
; inArr[7][2]   ; Input    ; ON            ; ON            ; --                    ; --                      ; --                                     ; --                              ; --                             ; --  ; --   ; --                         ;
; inArr[7][3]   ; Input    ; ON            ; ON            ; --                    ; --                      ; --                                     ; --                              ; --                             ; --  ; --   ; --                         ;
; inArr[7][4]   ; Input    ; ON            ; ON            ; --                    ; --                      ; --                                     ; --                              ; --                             ; --  ; --   ; --                         ;
; inArr[7][5]   ; Input    ; ON            ; ON            ; --                    ; --                      ; --                                     ; --                              ; --                             ; --  ; --   ; --                         ;
; inArr[7][6]   ; Input    ; ON            ; ON            ; --                    ; --                      ; --                                     ; --                              ; --                             ; --  ; --   ; --                         ;
; inArr[7][7]   ; Input    ; ON            ; ON            ; --                    ; --                      ; --                                     ; --                              ; --                             ; --  ; --   ; --                         ;
; inArr[7][8]   ; Input    ; ON            ; ON            ; --                    ; --                      ; --                                     ; --                              ; --                             ; --  ; --   ; --                         ;
; inArr[7][9]   ; Input    ; ON            ; ON            ; --                    ; --                      ; --                                     ; --                              ; --                             ; --  ; --   ; --                         ;
; inArr[7][10]  ; Input    ; ON            ; ON            ; --                    ; --                      ; --                                     ; --                              ; --                             ; --  ; --   ; --                         ;
; inArr[7][11]  ; Input    ; ON            ; ON            ; --                    ; --                      ; --                                     ; --                              ; --                             ; --  ; --   ; --                         ;
; inArr[7][12]  ; Input    ; ON            ; ON            ; --                    ; --                      ; --                                     ; --                              ; --                             ; --  ; --   ; --                         ;
; inArr[7][13]  ; Input    ; ON            ; ON            ; --                    ; --                      ; --                                     ; --                              ; --                             ; --  ; --   ; --                         ;
; inArr[7][14]  ; Input    ; ON            ; ON            ; --                    ; --                      ; --                                     ; --                              ; --                             ; --  ; --   ; --                         ;
; inArr[7][15]  ; Input    ; ON            ; ON            ; --                    ; --                      ; --                                     ; --                              ; --                             ; --  ; --   ; --                         ;
; inArr[7][16]  ; Input    ; ON            ; ON            ; --                    ; --                      ; --                                     ; --                              ; --                             ; --  ; --   ; --                         ;
; inArr[7][17]  ; Input    ; ON            ; ON            ; --                    ; --                      ; --                                     ; --                              ; --                             ; --  ; --   ; --                         ;
; inArr[7][18]  ; Input    ; ON            ; ON            ; --                    ; --                      ; --                                     ; --                              ; --                             ; --  ; --   ; --                         ;
; inArr[7][19]  ; Input    ; ON            ; ON            ; --                    ; --                      ; --                                     ; --                              ; --                             ; --  ; --   ; --                         ;
; inArr[7][20]  ; Input    ; ON            ; ON            ; --                    ; --                      ; --                                     ; --                              ; --                             ; --  ; --   ; --                         ;
; inArr[7][21]  ; Input    ; ON            ; ON            ; --                    ; --                      ; --                                     ; --                              ; --                             ; --  ; --   ; --                         ;
; inArr[7][22]  ; Input    ; ON            ; ON            ; --                    ; --                      ; --                                     ; --                              ; --                             ; --  ; --   ; --                         ;
; inArr[7][23]  ; Input    ; ON            ; ON            ; --                    ; --                      ; --                                     ; --                              ; --                             ; --  ; --   ; --                         ;
; inArr[7][24]  ; Input    ; ON            ; ON            ; --                    ; --                      ; --                                     ; --                              ; --                             ; --  ; --   ; --                         ;
; inArr[7][25]  ; Input    ; ON            ; ON            ; --                    ; --                      ; --                                     ; --                              ; --                             ; --  ; --   ; --                         ;
; inArr[7][26]  ; Input    ; ON            ; ON            ; --                    ; --                      ; --                                     ; --                              ; --                             ; --  ; --   ; --                         ;
; inArr[7][27]  ; Input    ; ON            ; ON            ; --                    ; --                      ; --                                     ; --                              ; --                             ; --  ; --   ; --                         ;
; inArr[7][28]  ; Input    ; ON            ; ON            ; --                    ; --                      ; --                                     ; --                              ; --                             ; --  ; --   ; --                         ;
; inArr[7][29]  ; Input    ; ON            ; ON            ; --                    ; --                      ; --                                     ; --                              ; --                             ; --  ; --   ; --                         ;
; inArr[7][30]  ; Input    ; ON            ; ON            ; --                    ; --                      ; --                                     ; --                              ; --                             ; --  ; --   ; --                         ;
; inArr[7][31]  ; Input    ; ON            ; ON            ; --                    ; --                      ; --                                     ; --                              ; --                             ; --  ; --   ; --                         ;
; inArr[6][0]   ; Input    ; ON            ; ON            ; --                    ; --                      ; --                                     ; --                              ; --                             ; --  ; --   ; --                         ;
; inArr[6][1]   ; Input    ; ON            ; ON            ; --                    ; --                      ; --                                     ; --                              ; --                             ; --  ; --   ; --                         ;
; inArr[6][2]   ; Input    ; ON            ; ON            ; --                    ; --                      ; --                                     ; --                              ; --                             ; --  ; --   ; --                         ;
; inArr[6][3]   ; Input    ; ON            ; ON            ; --                    ; --                      ; --                                     ; --                              ; --                             ; --  ; --   ; --                         ;
; inArr[6][4]   ; Input    ; ON            ; ON            ; --                    ; --                      ; --                                     ; --                              ; --                             ; --  ; --   ; --                         ;
; inArr[6][5]   ; Input    ; ON            ; ON            ; --                    ; --                      ; --                                     ; --                              ; --                             ; --  ; --   ; --                         ;
; inArr[6][6]   ; Input    ; ON            ; ON            ; --                    ; --                      ; --                                     ; --                              ; --                             ; --  ; --   ; --                         ;
; inArr[6][7]   ; Input    ; ON            ; ON            ; --                    ; --                      ; --                                     ; --                              ; --                             ; --  ; --   ; --                         ;
; inArr[6][8]   ; Input    ; ON            ; ON            ; --                    ; --                      ; --                                     ; --                              ; --                             ; --  ; --   ; --                         ;
; inArr[6][9]   ; Input    ; ON            ; ON            ; --                    ; --                      ; --                                     ; --                              ; --                             ; --  ; --   ; --                         ;
; inArr[6][10]  ; Input    ; ON            ; ON            ; --                    ; --                      ; --                                     ; --                              ; --                             ; --  ; --   ; --                         ;
; inArr[6][11]  ; Input    ; ON            ; ON            ; --                    ; --                      ; --                                     ; --                              ; --                             ; --  ; --   ; --                         ;
; inArr[6][12]  ; Input    ; ON            ; ON            ; --                    ; --                      ; --                                     ; --                              ; --                             ; --  ; --   ; --                         ;
; inArr[6][13]  ; Input    ; ON            ; ON            ; --                    ; --                      ; --                                     ; --                              ; --                             ; --  ; --   ; --                         ;
; inArr[6][14]  ; Input    ; ON            ; ON            ; --                    ; --                      ; --                                     ; --                              ; --                             ; --  ; --   ; --                         ;
; inArr[6][15]  ; Input    ; ON            ; ON            ; --                    ; --                      ; --                                     ; --                              ; --                             ; --  ; --   ; --                         ;
; inArr[6][16]  ; Input    ; ON            ; ON            ; --                    ; --                      ; --                                     ; --                              ; --                             ; --  ; --   ; --                         ;
; inArr[6][17]  ; Input    ; ON            ; ON            ; --                    ; --                      ; --                                     ; --                              ; --                             ; --  ; --   ; --                         ;
; inArr[6][18]  ; Input    ; ON            ; ON            ; --                    ; --                      ; --                                     ; --                              ; --                             ; --  ; --   ; --                         ;
; inArr[6][19]  ; Input    ; ON            ; ON            ; --                    ; --                      ; --                                     ; --                              ; --                             ; --  ; --   ; --                         ;
; inArr[6][20]  ; Input    ; ON            ; ON            ; --                    ; --                      ; --                                     ; --                              ; --                             ; --  ; --   ; --                         ;
; inArr[6][21]  ; Input    ; ON            ; ON            ; --                    ; --                      ; --                                     ; --                              ; --                             ; --  ; --   ; --                         ;
; inArr[6][22]  ; Input    ; ON            ; ON            ; --                    ; --                      ; --                                     ; --                              ; --                             ; --  ; --   ; --                         ;
; inArr[6][23]  ; Input    ; ON            ; ON            ; --                    ; --                      ; --                                     ; --                              ; --                             ; --  ; --   ; --                         ;
; inArr[6][24]  ; Input    ; ON            ; ON            ; --                    ; --                      ; --                                     ; --                              ; --                             ; --  ; --   ; --                         ;
; inArr[6][25]  ; Input    ; ON            ; ON            ; --                    ; --                      ; --                                     ; --                              ; --                             ; --  ; --   ; --                         ;
; inArr[6][26]  ; Input    ; ON            ; ON            ; --                    ; --                      ; --                                     ; --                              ; --                             ; --  ; --   ; --                         ;
; inArr[6][27]  ; Input    ; ON            ; ON            ; --                    ; --                      ; --                                     ; --                              ; --                             ; --  ; --   ; --                         ;
; inArr[6][28]  ; Input    ; ON            ; ON            ; --                    ; --                      ; --                                     ; --                              ; --                             ; --  ; --   ; --                         ;
; inArr[6][29]  ; Input    ; ON            ; ON            ; --                    ; --                      ; --                                     ; --                              ; --                             ; --  ; --   ; --                         ;
; inArr[6][30]  ; Input    ; ON            ; ON            ; --                    ; --                      ; --                                     ; --                              ; --                             ; --  ; --   ; --                         ;
; inArr[6][31]  ; Input    ; ON            ; ON            ; --                    ; --                      ; --                                     ; --                              ; --                             ; --  ; --   ; --                         ;
; inArr[5][0]   ; Input    ; ON            ; ON            ; --                    ; --                      ; --                                     ; --                              ; --                             ; --  ; --   ; --                         ;
; inArr[5][1]   ; Input    ; ON            ; ON            ; --                    ; --                      ; --                                     ; --                              ; --                             ; --  ; --   ; --                         ;
; inArr[5][2]   ; Input    ; ON            ; ON            ; --                    ; --                      ; --                                     ; --                              ; --                             ; --  ; --   ; --                         ;
; inArr[5][3]   ; Input    ; ON            ; ON            ; --                    ; --                      ; --                                     ; --                              ; --                             ; --  ; --   ; --                         ;
; inArr[5][4]   ; Input    ; ON            ; ON            ; --                    ; --                      ; --                                     ; --                              ; --                             ; --  ; --   ; --                         ;
; inArr[5][5]   ; Input    ; ON            ; ON            ; --                    ; --                      ; --                                     ; --                              ; --                             ; --  ; --   ; --                         ;
; inArr[5][6]   ; Input    ; ON            ; ON            ; --                    ; --                      ; --                                     ; --                              ; --                             ; --  ; --   ; --                         ;
; inArr[5][7]   ; Input    ; ON            ; ON            ; --                    ; --                      ; --                                     ; --                              ; --                             ; --  ; --   ; --                         ;
; inArr[5][8]   ; Input    ; ON            ; ON            ; --                    ; --                      ; --                                     ; --                              ; --                             ; --  ; --   ; --                         ;
; inArr[5][9]   ; Input    ; ON            ; ON            ; --                    ; --                      ; --                                     ; --                              ; --                             ; --  ; --   ; --                         ;
; inArr[5][10]  ; Input    ; ON            ; ON            ; --                    ; --                      ; --                                     ; --                              ; --                             ; --  ; --   ; --                         ;
; inArr[5][11]  ; Input    ; ON            ; ON            ; --                    ; --                      ; --                                     ; --                              ; --                             ; --  ; --   ; --                         ;
; inArr[5][12]  ; Input    ; ON            ; ON            ; --                    ; --                      ; --                                     ; --                              ; --                             ; --  ; --   ; --                         ;
; inArr[5][13]  ; Input    ; ON            ; ON            ; --                    ; --                      ; --                                     ; --                              ; --                             ; --  ; --   ; --                         ;
; inArr[5][14]  ; Input    ; ON            ; ON            ; --                    ; --                      ; --                                     ; --                              ; --                             ; --  ; --   ; --                         ;
; inArr[5][15]  ; Input    ; ON            ; ON            ; --                    ; --                      ; --                                     ; --                              ; --                             ; --  ; --   ; --                         ;
; inArr[5][16]  ; Input    ; ON            ; ON            ; --                    ; --                      ; --                                     ; --                              ; --                             ; --  ; --   ; --                         ;
; inArr[5][17]  ; Input    ; ON            ; ON            ; --                    ; --                      ; --                                     ; --                              ; --                             ; --  ; --   ; --                         ;
; inArr[5][18]  ; Input    ; ON            ; ON            ; --                    ; --                      ; --                                     ; --                              ; --                             ; --  ; --   ; --                         ;
; inArr[5][19]  ; Input    ; ON            ; ON            ; --                    ; --                      ; --                                     ; --                              ; --                             ; --  ; --   ; --                         ;
; inArr[5][20]  ; Input    ; ON            ; ON            ; --                    ; --                      ; --                                     ; --                              ; --                             ; --  ; --   ; --                         ;
; inArr[5][21]  ; Input    ; ON            ; ON            ; --                    ; --                      ; --                                     ; --                              ; --                             ; --  ; --   ; --                         ;
; inArr[5][22]  ; Input    ; ON            ; ON            ; --                    ; --                      ; --                                     ; --                              ; --                             ; --  ; --   ; --                         ;
; inArr[5][23]  ; Input    ; ON            ; ON            ; --                    ; --                      ; --                                     ; --                              ; --                             ; --  ; --   ; --                         ;
; inArr[5][24]  ; Input    ; ON            ; ON            ; --                    ; --                      ; --                                     ; --                              ; --                             ; --  ; --   ; --                         ;
; inArr[5][25]  ; Input    ; ON            ; ON            ; --                    ; --                      ; --                                     ; --                              ; --                             ; --  ; --   ; --                         ;
; inArr[5][26]  ; Input    ; ON            ; ON            ; --                    ; --                      ; --                                     ; --                              ; --                             ; --  ; --   ; --                         ;
; inArr[5][27]  ; Input    ; ON            ; ON            ; --                    ; --                      ; --                                     ; --                              ; --                             ; --  ; --   ; --                         ;
; inArr[5][28]  ; Input    ; ON            ; ON            ; --                    ; --                      ; --                                     ; --                              ; --                             ; --  ; --   ; --                         ;
; inArr[5][29]  ; Input    ; ON            ; ON            ; --                    ; --                      ; --                                     ; --                              ; --                             ; --  ; --   ; --                         ;
; inArr[5][30]  ; Input    ; ON            ; ON            ; --                    ; --                      ; --                                     ; --                              ; --                             ; --  ; --   ; --                         ;
; inArr[5][31]  ; Input    ; ON            ; ON            ; --                    ; --                      ; --                                     ; --                              ; --                             ; --  ; --   ; --                         ;
; inArr[4][0]   ; Input    ; ON            ; ON            ; --                    ; --                      ; --                                     ; --                              ; --                             ; --  ; --   ; --                         ;
; inArr[4][1]   ; Input    ; ON            ; ON            ; --                    ; --                      ; --                                     ; --                              ; --                             ; --  ; --   ; --                         ;
; inArr[4][2]   ; Input    ; ON            ; ON            ; --                    ; --                      ; --                                     ; --                              ; --                             ; --  ; --   ; --                         ;
; inArr[4][3]   ; Input    ; ON            ; ON            ; --                    ; --                      ; --                                     ; --                              ; --                             ; --  ; --   ; --                         ;
; inArr[4][4]   ; Input    ; ON            ; ON            ; --                    ; --                      ; --                                     ; --                              ; --                             ; --  ; --   ; --                         ;
; inArr[4][5]   ; Input    ; ON            ; ON            ; --                    ; --                      ; --                                     ; --                              ; --                             ; --  ; --   ; --                         ;
; inArr[4][6]   ; Input    ; ON            ; ON            ; --                    ; --                      ; --                                     ; --                              ; --                             ; --  ; --   ; --                         ;
; inArr[4][7]   ; Input    ; ON            ; ON            ; --                    ; --                      ; --                                     ; --                              ; --                             ; --  ; --   ; --                         ;
; inArr[4][8]   ; Input    ; ON            ; ON            ; --                    ; --                      ; --                                     ; --                              ; --                             ; --  ; --   ; --                         ;
; inArr[4][9]   ; Input    ; ON            ; ON            ; --                    ; --                      ; --                                     ; --                              ; --                             ; --  ; --   ; --                         ;
; inArr[4][10]  ; Input    ; ON            ; ON            ; --                    ; --                      ; --                                     ; --                              ; --                             ; --  ; --   ; --                         ;
; inArr[4][11]  ; Input    ; ON            ; ON            ; --                    ; --                      ; --                                     ; --                              ; --                             ; --  ; --   ; --                         ;
; inArr[4][12]  ; Input    ; ON            ; ON            ; --                    ; --                      ; --                                     ; --                              ; --                             ; --  ; --   ; --                         ;
; inArr[4][13]  ; Input    ; ON            ; ON            ; --                    ; --                      ; --                                     ; --                              ; --                             ; --  ; --   ; --                         ;
; inArr[4][14]  ; Input    ; ON            ; ON            ; --                    ; --                      ; --                                     ; --                              ; --                             ; --  ; --   ; --                         ;
; inArr[4][15]  ; Input    ; ON            ; ON            ; --                    ; --                      ; --                                     ; --                              ; --                             ; --  ; --   ; --                         ;
; inArr[4][16]  ; Input    ; ON            ; ON            ; --                    ; --                      ; --                                     ; --                              ; --                             ; --  ; --   ; --                         ;
; inArr[4][17]  ; Input    ; ON            ; ON            ; --                    ; --                      ; --                                     ; --                              ; --                             ; --  ; --   ; --                         ;
; inArr[4][18]  ; Input    ; ON            ; ON            ; --                    ; --                      ; --                                     ; --                              ; --                             ; --  ; --   ; --                         ;
; inArr[4][19]  ; Input    ; ON            ; ON            ; --                    ; --                      ; --                                     ; --                              ; --                             ; --  ; --   ; --                         ;
; inArr[4][20]  ; Input    ; ON            ; ON            ; --                    ; --                      ; --                                     ; --                              ; --                             ; --  ; --   ; --                         ;
; inArr[4][21]  ; Input    ; ON            ; ON            ; --                    ; --                      ; --                                     ; --                              ; --                             ; --  ; --   ; --                         ;
; inArr[4][22]  ; Input    ; ON            ; ON            ; --                    ; --                      ; --                                     ; --                              ; --                             ; --  ; --   ; --                         ;
; inArr[4][23]  ; Input    ; ON            ; ON            ; --                    ; --                      ; --                                     ; --                              ; --                             ; --  ; --   ; --                         ;
; inArr[4][24]  ; Input    ; ON            ; ON            ; --                    ; --                      ; --                                     ; --                              ; --                             ; --  ; --   ; --                         ;
; inArr[4][25]  ; Input    ; ON            ; ON            ; --                    ; --                      ; --                                     ; --                              ; --                             ; --  ; --   ; --                         ;
; inArr[4][26]  ; Input    ; ON            ; ON            ; --                    ; --                      ; --                                     ; --                              ; --                             ; --  ; --   ; --                         ;
; inArr[4][27]  ; Input    ; ON            ; ON            ; --                    ; --                      ; --                                     ; --                              ; --                             ; --  ; --   ; --                         ;
; inArr[4][28]  ; Input    ; ON            ; ON            ; --                    ; --                      ; --                                     ; --                              ; --                             ; --  ; --   ; --                         ;
; inArr[4][29]  ; Input    ; ON            ; ON            ; --                    ; --                      ; --                                     ; --                              ; --                             ; --  ; --   ; --                         ;
; inArr[4][30]  ; Input    ; ON            ; ON            ; --                    ; --                      ; --                                     ; --                              ; --                             ; --  ; --   ; --                         ;
; inArr[4][31]  ; Input    ; ON            ; ON            ; --                    ; --                      ; --                                     ; --                              ; --                             ; --  ; --   ; --                         ;
; inArr[3][0]   ; Input    ; ON            ; ON            ; --                    ; --                      ; --                                     ; --                              ; --                             ; --  ; --   ; --                         ;
; inArr[3][1]   ; Input    ; ON            ; ON            ; --                    ; --                      ; --                                     ; --                              ; --                             ; --  ; --   ; --                         ;
; inArr[3][2]   ; Input    ; ON            ; ON            ; --                    ; --                      ; --                                     ; --                              ; --                             ; --  ; --   ; --                         ;
; inArr[3][3]   ; Input    ; ON            ; ON            ; --                    ; --                      ; --                                     ; --                              ; --                             ; --  ; --   ; --                         ;
; inArr[3][4]   ; Input    ; ON            ; ON            ; --                    ; --                      ; --                                     ; --                              ; --                             ; --  ; --   ; --                         ;
; inArr[3][5]   ; Input    ; ON            ; ON            ; --                    ; --                      ; --                                     ; --                              ; --                             ; --  ; --   ; --                         ;
; inArr[3][6]   ; Input    ; ON            ; ON            ; --                    ; --                      ; --                                     ; --                              ; --                             ; --  ; --   ; --                         ;
; inArr[3][7]   ; Input    ; ON            ; ON            ; --                    ; --                      ; --                                     ; --                              ; --                             ; --  ; --   ; --                         ;
; inArr[3][8]   ; Input    ; ON            ; ON            ; --                    ; --                      ; --                                     ; --                              ; --                             ; --  ; --   ; --                         ;
; inArr[3][9]   ; Input    ; ON            ; ON            ; --                    ; --                      ; --                                     ; --                              ; --                             ; --  ; --   ; --                         ;
; inArr[3][10]  ; Input    ; ON            ; ON            ; --                    ; --                      ; --                                     ; --                              ; --                             ; --  ; --   ; --                         ;
; inArr[3][11]  ; Input    ; ON            ; ON            ; --                    ; --                      ; --                                     ; --                              ; --                             ; --  ; --   ; --                         ;
; inArr[3][12]  ; Input    ; ON            ; ON            ; --                    ; --                      ; --                                     ; --                              ; --                             ; --  ; --   ; --                         ;
; inArr[3][13]  ; Input    ; ON            ; ON            ; --                    ; --                      ; --                                     ; --                              ; --                             ; --  ; --   ; --                         ;
; inArr[3][14]  ; Input    ; ON            ; ON            ; --                    ; --                      ; --                                     ; --                              ; --                             ; --  ; --   ; --                         ;
; inArr[3][15]  ; Input    ; ON            ; ON            ; --                    ; --                      ; --                                     ; --                              ; --                             ; --  ; --   ; --                         ;
; inArr[3][16]  ; Input    ; ON            ; ON            ; --                    ; --                      ; --                                     ; --                              ; --                             ; --  ; --   ; --                         ;
; inArr[3][17]  ; Input    ; ON            ; ON            ; --                    ; --                      ; --                                     ; --                              ; --                             ; --  ; --   ; --                         ;
; inArr[3][18]  ; Input    ; ON            ; ON            ; --                    ; --                      ; --                                     ; --                              ; --                             ; --  ; --   ; --                         ;
; inArr[3][19]  ; Input    ; ON            ; ON            ; --                    ; --                      ; --                                     ; --                              ; --                             ; --  ; --   ; --                         ;
; inArr[3][20]  ; Input    ; ON            ; ON            ; --                    ; --                      ; --                                     ; --                              ; --                             ; --  ; --   ; --                         ;
; inArr[3][21]  ; Input    ; ON            ; ON            ; --                    ; --                      ; --                                     ; --                              ; --                             ; --  ; --   ; --                         ;
; inArr[3][22]  ; Input    ; ON            ; ON            ; --                    ; --                      ; --                                     ; --                              ; --                             ; --  ; --   ; --                         ;
; inArr[3][23]  ; Input    ; ON            ; ON            ; --                    ; --                      ; --                                     ; --                              ; --                             ; --  ; --   ; --                         ;
; inArr[3][24]  ; Input    ; ON            ; ON            ; --                    ; --                      ; --                                     ; --                              ; --                             ; --  ; --   ; --                         ;
; inArr[3][25]  ; Input    ; ON            ; ON            ; --                    ; --                      ; --                                     ; --                              ; --                             ; --  ; --   ; --                         ;
; inArr[3][26]  ; Input    ; ON            ; ON            ; --                    ; --                      ; --                                     ; --                              ; --                             ; --  ; --   ; --                         ;
; inArr[3][27]  ; Input    ; ON            ; ON            ; --                    ; --                      ; --                                     ; --                              ; --                             ; --  ; --   ; --                         ;
; inArr[3][28]  ; Input    ; ON            ; ON            ; --                    ; --                      ; --                                     ; --                              ; --                             ; --  ; --   ; --                         ;
; inArr[3][29]  ; Input    ; ON            ; ON            ; --                    ; --                      ; --                                     ; --                              ; --                             ; --  ; --   ; --                         ;
; inArr[3][30]  ; Input    ; ON            ; ON            ; --                    ; --                      ; --                                     ; --                              ; --                             ; --  ; --   ; --                         ;
; inArr[3][31]  ; Input    ; ON            ; ON            ; --                    ; --                      ; --                                     ; --                              ; --                             ; --  ; --   ; --                         ;
; inArr[2][0]   ; Input    ; ON            ; ON            ; --                    ; --                      ; --                                     ; --                              ; --                             ; --  ; --   ; --                         ;
; inArr[2][1]   ; Input    ; ON            ; ON            ; --                    ; --                      ; --                                     ; --                              ; --                             ; --  ; --   ; --                         ;
; inArr[2][2]   ; Input    ; ON            ; ON            ; --                    ; --                      ; --                                     ; --                              ; --                             ; --  ; --   ; --                         ;
; inArr[2][3]   ; Input    ; ON            ; ON            ; --                    ; --                      ; --                                     ; --                              ; --                             ; --  ; --   ; --                         ;
; inArr[2][4]   ; Input    ; ON            ; ON            ; --                    ; --                      ; --                                     ; --                              ; --                             ; --  ; --   ; --                         ;
; inArr[2][5]   ; Input    ; ON            ; ON            ; --                    ; --                      ; --                                     ; --                              ; --                             ; --  ; --   ; --                         ;
; inArr[2][6]   ; Input    ; ON            ; ON            ; --                    ; --                      ; --                                     ; --                              ; --                             ; --  ; --   ; --                         ;
; inArr[2][7]   ; Input    ; ON            ; ON            ; --                    ; --                      ; --                                     ; --                              ; --                             ; --  ; --   ; --                         ;
; inArr[2][8]   ; Input    ; ON            ; ON            ; --                    ; --                      ; --                                     ; --                              ; --                             ; --  ; --   ; --                         ;
; inArr[2][9]   ; Input    ; ON            ; ON            ; --                    ; --                      ; --                                     ; --                              ; --                             ; --  ; --   ; --                         ;
; inArr[2][10]  ; Input    ; ON            ; ON            ; --                    ; --                      ; --                                     ; --                              ; --                             ; --  ; --   ; --                         ;
; inArr[2][11]  ; Input    ; ON            ; ON            ; --                    ; --                      ; --                                     ; --                              ; --                             ; --  ; --   ; --                         ;
; inArr[2][12]  ; Input    ; ON            ; ON            ; --                    ; --                      ; --                                     ; --                              ; --                             ; --  ; --   ; --                         ;
; inArr[2][13]  ; Input    ; ON            ; ON            ; --                    ; --                      ; --                                     ; --                              ; --                             ; --  ; --   ; --                         ;
; inArr[2][14]  ; Input    ; ON            ; ON            ; --                    ; --                      ; --                                     ; --                              ; --                             ; --  ; --   ; --                         ;
; inArr[2][15]  ; Input    ; ON            ; ON            ; --                    ; --                      ; --                                     ; --                              ; --                             ; --  ; --   ; --                         ;
; inArr[2][16]  ; Input    ; ON            ; ON            ; --                    ; --                      ; --                                     ; --                              ; --                             ; --  ; --   ; --                         ;
; inArr[2][17]  ; Input    ; ON            ; ON            ; --                    ; --                      ; --                                     ; --                              ; --                             ; --  ; --   ; --                         ;
; inArr[2][18]  ; Input    ; ON            ; ON            ; --                    ; --                      ; --                                     ; --                              ; --                             ; --  ; --   ; --                         ;
; inArr[2][19]  ; Input    ; ON            ; ON            ; --                    ; --                      ; --                                     ; --                              ; --                             ; --  ; --   ; --                         ;
; inArr[2][20]  ; Input    ; ON            ; ON            ; --                    ; --                      ; --                                     ; --                              ; --                             ; --  ; --   ; --                         ;
; inArr[2][21]  ; Input    ; ON            ; ON            ; --                    ; --                      ; --                                     ; --                              ; --                             ; --  ; --   ; --                         ;
; inArr[2][22]  ; Input    ; ON            ; ON            ; --                    ; --                      ; --                                     ; --                              ; --                             ; --  ; --   ; --                         ;
; inArr[2][23]  ; Input    ; ON            ; ON            ; --                    ; --                      ; --                                     ; --                              ; --                             ; --  ; --   ; --                         ;
; inArr[2][24]  ; Input    ; ON            ; ON            ; --                    ; --                      ; --                                     ; --                              ; --                             ; --  ; --   ; --                         ;
; inArr[2][25]  ; Input    ; ON            ; ON            ; --                    ; --                      ; --                                     ; --                              ; --                             ; --  ; --   ; --                         ;
; inArr[2][26]  ; Input    ; ON            ; ON            ; --                    ; --                      ; --                                     ; --                              ; --                             ; --  ; --   ; --                         ;
; inArr[2][27]  ; Input    ; ON            ; ON            ; --                    ; --                      ; --                                     ; --                              ; --                             ; --  ; --   ; --                         ;
; inArr[2][28]  ; Input    ; ON            ; ON            ; --                    ; --                      ; --                                     ; --                              ; --                             ; --  ; --   ; --                         ;
; inArr[2][29]  ; Input    ; ON            ; ON            ; --                    ; --                      ; --                                     ; --                              ; --                             ; --  ; --   ; --                         ;
; inArr[2][30]  ; Input    ; ON            ; ON            ; --                    ; --                      ; --                                     ; --                              ; --                             ; --  ; --   ; --                         ;
; inArr[2][31]  ; Input    ; ON            ; ON            ; --                    ; --                      ; --                                     ; --                              ; --                             ; --  ; --   ; --                         ;
; inArr[1][0]   ; Input    ; ON            ; ON            ; --                    ; --                      ; --                                     ; --                              ; --                             ; --  ; --   ; --                         ;
; inArr[1][1]   ; Input    ; ON            ; ON            ; --                    ; --                      ; --                                     ; --                              ; --                             ; --  ; --   ; --                         ;
; inArr[1][2]   ; Input    ; ON            ; ON            ; --                    ; --                      ; --                                     ; --                              ; --                             ; --  ; --   ; --                         ;
; inArr[1][3]   ; Input    ; ON            ; ON            ; --                    ; --                      ; --                                     ; --                              ; --                             ; --  ; --   ; --                         ;
; inArr[1][4]   ; Input    ; ON            ; ON            ; --                    ; --                      ; --                                     ; --                              ; --                             ; --  ; --   ; --                         ;
; inArr[1][5]   ; Input    ; ON            ; ON            ; --                    ; --                      ; --                                     ; --                              ; --                             ; --  ; --   ; --                         ;
; inArr[1][6]   ; Input    ; ON            ; ON            ; --                    ; --                      ; --                                     ; --                              ; --                             ; --  ; --   ; --                         ;
; inArr[1][7]   ; Input    ; ON            ; ON            ; --                    ; --                      ; --                                     ; --                              ; --                             ; --  ; --   ; --                         ;
; inArr[1][8]   ; Input    ; ON            ; ON            ; --                    ; --                      ; --                                     ; --                              ; --                             ; --  ; --   ; --                         ;
; inArr[1][9]   ; Input    ; ON            ; ON            ; --                    ; --                      ; --                                     ; --                              ; --                             ; --  ; --   ; --                         ;
; inArr[1][10]  ; Input    ; ON            ; ON            ; --                    ; --                      ; --                                     ; --                              ; --                             ; --  ; --   ; --                         ;
; inArr[1][11]  ; Input    ; ON            ; ON            ; --                    ; --                      ; --                                     ; --                              ; --                             ; --  ; --   ; --                         ;
; inArr[1][12]  ; Input    ; ON            ; ON            ; --                    ; --                      ; --                                     ; --                              ; --                             ; --  ; --   ; --                         ;
; inArr[1][13]  ; Input    ; ON            ; ON            ; --                    ; --                      ; --                                     ; --                              ; --                             ; --  ; --   ; --                         ;
; inArr[1][14]  ; Input    ; ON            ; ON            ; --                    ; --                      ; --                                     ; --                              ; --                             ; --  ; --   ; --                         ;
; inArr[1][15]  ; Input    ; ON            ; ON            ; --                    ; --                      ; --                                     ; --                              ; --                             ; --  ; --   ; --                         ;
; inArr[1][16]  ; Input    ; ON            ; ON            ; --                    ; --                      ; --                                     ; --                              ; --                             ; --  ; --   ; --                         ;
; inArr[1][17]  ; Input    ; ON            ; ON            ; --                    ; --                      ; --                                     ; --                              ; --                             ; --  ; --   ; --                         ;
; inArr[1][18]  ; Input    ; ON            ; ON            ; --                    ; --                      ; --                                     ; --                              ; --                             ; --  ; --   ; --                         ;
; inArr[1][19]  ; Input    ; ON            ; ON            ; --                    ; --                      ; --                                     ; --                              ; --                             ; --  ; --   ; --                         ;
; inArr[1][20]  ; Input    ; ON            ; ON            ; --                    ; --                      ; --                                     ; --                              ; --                             ; --  ; --   ; --                         ;
; inArr[1][21]  ; Input    ; ON            ; ON            ; --                    ; --                      ; --                                     ; --                              ; --                             ; --  ; --   ; --                         ;
; inArr[1][22]  ; Input    ; ON            ; ON            ; --                    ; --                      ; --                                     ; --                              ; --                             ; --  ; --   ; --                         ;
; inArr[1][23]  ; Input    ; ON            ; ON            ; --                    ; --                      ; --                                     ; --                              ; --                             ; --  ; --   ; --                         ;
; inArr[1][24]  ; Input    ; ON            ; ON            ; --                    ; --                      ; --                                     ; --                              ; --                             ; --  ; --   ; --                         ;
; inArr[1][25]  ; Input    ; ON            ; ON            ; --                    ; --                      ; --                                     ; --                              ; --                             ; --  ; --   ; --                         ;
; inArr[1][26]  ; Input    ; ON            ; ON            ; --                    ; --                      ; --                                     ; --                              ; --                             ; --  ; --   ; --                         ;
; inArr[1][27]  ; Input    ; ON            ; ON            ; --                    ; --                      ; --                                     ; --                              ; --                             ; --  ; --   ; --                         ;
; inArr[1][28]  ; Input    ; ON            ; ON            ; --                    ; --                      ; --                                     ; --                              ; --                             ; --  ; --   ; --                         ;
; inArr[1][29]  ; Input    ; ON            ; ON            ; --                    ; --                      ; --                                     ; --                              ; --                             ; --  ; --   ; --                         ;
; inArr[1][30]  ; Input    ; ON            ; ON            ; --                    ; --                      ; --                                     ; --                              ; --                             ; --  ; --   ; --                         ;
; inArr[1][31]  ; Input    ; ON            ; ON            ; --                    ; --                      ; --                                     ; --                              ; --                             ; --  ; --   ; --                         ;
; inArr[0][0]   ; Input    ; ON            ; ON            ; --                    ; --                      ; --                                     ; --                              ; --                             ; --  ; --   ; --                         ;
; inArr[0][1]   ; Input    ; ON            ; ON            ; --                    ; --                      ; --                                     ; --                              ; --                             ; --  ; --   ; --                         ;
; inArr[0][2]   ; Input    ; ON            ; ON            ; --                    ; --                      ; --                                     ; --                              ; --                             ; --  ; --   ; --                         ;
; inArr[0][3]   ; Input    ; ON            ; ON            ; --                    ; --                      ; --                                     ; --                              ; --                             ; --  ; --   ; --                         ;
; inArr[0][4]   ; Input    ; ON            ; ON            ; --                    ; --                      ; --                                     ; --                              ; --                             ; --  ; --   ; --                         ;
; inArr[0][5]   ; Input    ; ON            ; ON            ; --                    ; --                      ; --                                     ; --                              ; --                             ; --  ; --   ; --                         ;
; inArr[0][6]   ; Input    ; ON            ; ON            ; --                    ; --                      ; --                                     ; --                              ; --                             ; --  ; --   ; --                         ;
; inArr[0][7]   ; Input    ; ON            ; ON            ; --                    ; --                      ; --                                     ; --                              ; --                             ; --  ; --   ; --                         ;
; inArr[0][8]   ; Input    ; ON            ; ON            ; --                    ; --                      ; --                                     ; --                              ; --                             ; --  ; --   ; --                         ;
; inArr[0][9]   ; Input    ; ON            ; ON            ; --                    ; --                      ; --                                     ; --                              ; --                             ; --  ; --   ; --                         ;
; inArr[0][10]  ; Input    ; ON            ; ON            ; --                    ; --                      ; --                                     ; --                              ; --                             ; --  ; --   ; --                         ;
; inArr[0][11]  ; Input    ; ON            ; ON            ; --                    ; --                      ; --                                     ; --                              ; --                             ; --  ; --   ; --                         ;
; inArr[0][12]  ; Input    ; ON            ; ON            ; --                    ; --                      ; --                                     ; --                              ; --                             ; --  ; --   ; --                         ;
; inArr[0][13]  ; Input    ; ON            ; ON            ; --                    ; --                      ; --                                     ; --                              ; --                             ; --  ; --   ; --                         ;
; inArr[0][14]  ; Input    ; ON            ; ON            ; --                    ; --                      ; --                                     ; --                              ; --                             ; --  ; --   ; --                         ;
; inArr[0][15]  ; Input    ; ON            ; ON            ; --                    ; --                      ; --                                     ; --                              ; --                             ; --  ; --   ; --                         ;
; inArr[0][16]  ; Input    ; ON            ; ON            ; --                    ; --                      ; --                                     ; --                              ; --                             ; --  ; --   ; --                         ;
; inArr[0][17]  ; Input    ; ON            ; ON            ; --                    ; --                      ; --                                     ; --                              ; --                             ; --  ; --   ; --                         ;
; inArr[0][18]  ; Input    ; ON            ; ON            ; --                    ; --                      ; --                                     ; --                              ; --                             ; --  ; --   ; --                         ;
; inArr[0][19]  ; Input    ; ON            ; ON            ; --                    ; --                      ; --                                     ; --                              ; --                             ; --  ; --   ; --                         ;
; inArr[0][20]  ; Input    ; ON            ; ON            ; --                    ; --                      ; --                                     ; --                              ; --                             ; --  ; --   ; --                         ;
; inArr[0][21]  ; Input    ; ON            ; ON            ; --                    ; --                      ; --                                     ; --                              ; --                             ; --  ; --   ; --                         ;
; inArr[0][22]  ; Input    ; ON            ; ON            ; --                    ; --                      ; --                                     ; --                              ; --                             ; --  ; --   ; --                         ;
; inArr[0][23]  ; Input    ; ON            ; ON            ; --                    ; --                      ; --                                     ; --                              ; --                             ; --  ; --   ; --                         ;
; inArr[0][24]  ; Input    ; ON            ; ON            ; --                    ; --                      ; --                                     ; --                              ; --                             ; --  ; --   ; --                         ;
; inArr[0][25]  ; Input    ; ON            ; ON            ; --                    ; --                      ; --                                     ; --                              ; --                             ; --  ; --   ; --                         ;
; inArr[0][26]  ; Input    ; ON            ; ON            ; --                    ; --                      ; --                                     ; --                              ; --                             ; --  ; --   ; --                         ;
; inArr[0][27]  ; Input    ; ON            ; ON            ; --                    ; --                      ; --                                     ; --                              ; --                             ; --  ; --   ; --                         ;
; inArr[0][28]  ; Input    ; ON            ; ON            ; --                    ; --                      ; --                                     ; --                              ; --                             ; --  ; --   ; --                         ;
; inArr[0][29]  ; Input    ; ON            ; ON            ; --                    ; --                      ; --                                     ; --                              ; --                             ; --  ; --   ; --                         ;
; inArr[0][30]  ; Input    ; ON            ; ON            ; --                    ; --                      ; --                                     ; --                              ; --                             ; --  ; --   ; --                         ;
; inArr[0][31]  ; Input    ; ON            ; ON            ; --                    ; --                      ; --                                     ; --                              ; --                             ; --  ; --   ; --                         ;
; outArr[7][0]  ; Output   ; --            ; --            ; --                    ; --                      ; --                                     ; --                              ; --                             ; --  ; OFF  ; OFF                        ;
; outArr[7][1]  ; Output   ; --            ; --            ; --                    ; --                      ; --                                     ; --                              ; --                             ; --  ; OFF  ; OFF                        ;
; outArr[7][2]  ; Output   ; --            ; --            ; --                    ; --                      ; --                                     ; --                              ; --                             ; --  ; OFF  ; OFF                        ;
; outArr[7][3]  ; Output   ; --            ; --            ; --                    ; --                      ; --                                     ; --                              ; --                             ; --  ; OFF  ; OFF                        ;
; outArr[7][4]  ; Output   ; --            ; --            ; --                    ; --                      ; --                                     ; --                              ; --                             ; --  ; OFF  ; OFF                        ;
; outArr[7][5]  ; Output   ; --            ; --            ; --                    ; --                      ; --                                     ; --                              ; --                             ; --  ; OFF  ; OFF                        ;
; outArr[7][6]  ; Output   ; --            ; --            ; --                    ; --                      ; --                                     ; --                              ; --                             ; --  ; OFF  ; OFF                        ;
; outArr[7][7]  ; Output   ; --            ; --            ; --                    ; --                      ; --                                     ; --                              ; --                             ; --  ; OFF  ; OFF                        ;
; outArr[7][8]  ; Output   ; --            ; --            ; --                    ; --                      ; --                                     ; --                              ; --                             ; --  ; OFF  ; OFF                        ;
; outArr[7][9]  ; Output   ; --            ; --            ; --                    ; --                      ; --                                     ; --                              ; --                             ; --  ; OFF  ; OFF                        ;
; outArr[7][10] ; Output   ; --            ; --            ; --                    ; --                      ; --                                     ; --                              ; --                             ; --  ; OFF  ; OFF                        ;
; outArr[7][11] ; Output   ; --            ; --            ; --                    ; --                      ; --                                     ; --                              ; --                             ; --  ; OFF  ; OFF                        ;
; outArr[7][12] ; Output   ; --            ; --            ; --                    ; --                      ; --                                     ; --                              ; --                             ; --  ; OFF  ; OFF                        ;
; outArr[7][13] ; Output   ; --            ; --            ; --                    ; --                      ; --                                     ; --                              ; --                             ; --  ; OFF  ; OFF                        ;
; outArr[7][14] ; Output   ; --            ; --            ; --                    ; --                      ; --                                     ; --                              ; --                             ; --  ; OFF  ; OFF                        ;
; outArr[7][15] ; Output   ; --            ; --            ; --                    ; --                      ; --                                     ; --                              ; --                             ; --  ; OFF  ; OFF                        ;
; outArr[7][16] ; Output   ; --            ; --            ; --                    ; --                      ; --                                     ; --                              ; --                             ; --  ; OFF  ; OFF                        ;
; outArr[7][17] ; Output   ; --            ; --            ; --                    ; --                      ; --                                     ; --                              ; --                             ; --  ; OFF  ; OFF                        ;
; outArr[7][18] ; Output   ; --            ; --            ; --                    ; --                      ; --                                     ; --                              ; --                             ; --  ; OFF  ; OFF                        ;
; outArr[7][19] ; Output   ; --            ; --            ; --                    ; --                      ; --                                     ; --                              ; --                             ; --  ; OFF  ; OFF                        ;
; outArr[7][20] ; Output   ; --            ; --            ; --                    ; --                      ; --                                     ; --                              ; --                             ; --  ; OFF  ; OFF                        ;
; outArr[7][21] ; Output   ; --            ; --            ; --                    ; --                      ; --                                     ; --                              ; --                             ; --  ; OFF  ; OFF                        ;
; outArr[7][22] ; Output   ; --            ; --            ; --                    ; --                      ; --                                     ; --                              ; --                             ; --  ; OFF  ; OFF                        ;
; outArr[7][23] ; Output   ; --            ; --            ; --                    ; --                      ; --                                     ; --                              ; --                             ; --  ; OFF  ; OFF                        ;
; outArr[7][24] ; Output   ; --            ; --            ; --                    ; --                      ; --                                     ; --                              ; --                             ; --  ; OFF  ; OFF                        ;
; outArr[7][25] ; Output   ; --            ; --            ; --                    ; --                      ; --                                     ; --                              ; --                             ; --  ; OFF  ; OFF                        ;
; outArr[7][26] ; Output   ; --            ; --            ; --                    ; --                      ; --                                     ; --                              ; --                             ; --  ; OFF  ; OFF                        ;
; outArr[7][27] ; Output   ; --            ; --            ; --                    ; --                      ; --                                     ; --                              ; --                             ; --  ; OFF  ; OFF                        ;
; outArr[7][28] ; Output   ; --            ; --            ; --                    ; --                      ; --                                     ; --                              ; --                             ; --  ; OFF  ; OFF                        ;
; outArr[7][29] ; Output   ; --            ; --            ; --                    ; --                      ; --                                     ; --                              ; --                             ; --  ; OFF  ; OFF                        ;
; outArr[7][30] ; Output   ; --            ; --            ; --                    ; --                      ; --                                     ; --                              ; --                             ; --  ; OFF  ; OFF                        ;
; outArr[7][31] ; Output   ; --            ; --            ; --                    ; --                      ; --                                     ; --                              ; --                             ; --  ; OFF  ; OFF                        ;
; outArr[6][0]  ; Output   ; --            ; --            ; --                    ; --                      ; --                                     ; --                              ; --                             ; --  ; OFF  ; OFF                        ;
; outArr[6][1]  ; Output   ; --            ; --            ; --                    ; --                      ; --                                     ; --                              ; --                             ; --  ; OFF  ; OFF                        ;
; outArr[6][2]  ; Output   ; --            ; --            ; --                    ; --                      ; --                                     ; --                              ; --                             ; --  ; OFF  ; OFF                        ;
; outArr[6][3]  ; Output   ; --            ; --            ; --                    ; --                      ; --                                     ; --                              ; --                             ; --  ; OFF  ; OFF                        ;
; outArr[6][4]  ; Output   ; --            ; --            ; --                    ; --                      ; --                                     ; --                              ; --                             ; --  ; OFF  ; OFF                        ;
; outArr[6][5]  ; Output   ; --            ; --            ; --                    ; --                      ; --                                     ; --                              ; --                             ; --  ; OFF  ; OFF                        ;
; outArr[6][6]  ; Output   ; --            ; --            ; --                    ; --                      ; --                                     ; --                              ; --                             ; --  ; OFF  ; OFF                        ;
; outArr[6][7]  ; Output   ; --            ; --            ; --                    ; --                      ; --                                     ; --                              ; --                             ; --  ; OFF  ; OFF                        ;
; outArr[6][8]  ; Output   ; --            ; --            ; --                    ; --                      ; --                                     ; --                              ; --                             ; --  ; OFF  ; OFF                        ;
; outArr[6][9]  ; Output   ; --            ; --            ; --                    ; --                      ; --                                     ; --                              ; --                             ; --  ; OFF  ; OFF                        ;
; outArr[6][10] ; Output   ; --            ; --            ; --                    ; --                      ; --                                     ; --                              ; --                             ; --  ; OFF  ; OFF                        ;
; outArr[6][11] ; Output   ; --            ; --            ; --                    ; --                      ; --                                     ; --                              ; --                             ; --  ; OFF  ; OFF                        ;
; outArr[6][12] ; Output   ; --            ; --            ; --                    ; --                      ; --                                     ; --                              ; --                             ; --  ; OFF  ; OFF                        ;
; outArr[6][13] ; Output   ; --            ; --            ; --                    ; --                      ; --                                     ; --                              ; --                             ; --  ; OFF  ; OFF                        ;
; outArr[6][14] ; Output   ; --            ; --            ; --                    ; --                      ; --                                     ; --                              ; --                             ; --  ; OFF  ; OFF                        ;
; outArr[6][15] ; Output   ; --            ; --            ; --                    ; --                      ; --                                     ; --                              ; --                             ; --  ; OFF  ; OFF                        ;
; outArr[6][16] ; Output   ; --            ; --            ; --                    ; --                      ; --                                     ; --                              ; --                             ; --  ; OFF  ; OFF                        ;
; outArr[6][17] ; Output   ; --            ; --            ; --                    ; --                      ; --                                     ; --                              ; --                             ; --  ; OFF  ; OFF                        ;
; outArr[6][18] ; Output   ; --            ; --            ; --                    ; --                      ; --                                     ; --                              ; --                             ; --  ; OFF  ; OFF                        ;
; outArr[6][19] ; Output   ; --            ; --            ; --                    ; --                      ; --                                     ; --                              ; --                             ; --  ; OFF  ; OFF                        ;
; outArr[6][20] ; Output   ; --            ; --            ; --                    ; --                      ; --                                     ; --                              ; --                             ; --  ; OFF  ; OFF                        ;
; outArr[6][21] ; Output   ; --            ; --            ; --                    ; --                      ; --                                     ; --                              ; --                             ; --  ; OFF  ; OFF                        ;
; outArr[6][22] ; Output   ; --            ; --            ; --                    ; --                      ; --                                     ; --                              ; --                             ; --  ; OFF  ; OFF                        ;
; outArr[6][23] ; Output   ; --            ; --            ; --                    ; --                      ; --                                     ; --                              ; --                             ; --  ; OFF  ; OFF                        ;
; outArr[6][24] ; Output   ; --            ; --            ; --                    ; --                      ; --                                     ; --                              ; --                             ; --  ; OFF  ; OFF                        ;
; outArr[6][25] ; Output   ; --            ; --            ; --                    ; --                      ; --                                     ; --                              ; --                             ; --  ; OFF  ; OFF                        ;
; outArr[6][26] ; Output   ; --            ; --            ; --                    ; --                      ; --                                     ; --                              ; --                             ; --  ; OFF  ; OFF                        ;
; outArr[6][27] ; Output   ; --            ; --            ; --                    ; --                      ; --                                     ; --                              ; --                             ; --  ; OFF  ; OFF                        ;
; outArr[6][28] ; Output   ; --            ; --            ; --                    ; --                      ; --                                     ; --                              ; --                             ; --  ; OFF  ; OFF                        ;
; outArr[6][29] ; Output   ; --            ; --            ; --                    ; --                      ; --                                     ; --                              ; --                             ; --  ; OFF  ; OFF                        ;
; outArr[6][30] ; Output   ; --            ; --            ; --                    ; --                      ; --                                     ; --                              ; --                             ; --  ; OFF  ; OFF                        ;
; outArr[6][31] ; Output   ; --            ; --            ; --                    ; --                      ; --                                     ; --                              ; --                             ; --  ; OFF  ; OFF                        ;
; outArr[5][0]  ; Output   ; --            ; --            ; --                    ; --                      ; --                                     ; --                              ; --                             ; --  ; OFF  ; OFF                        ;
; outArr[5][1]  ; Output   ; --            ; --            ; --                    ; --                      ; --                                     ; --                              ; --                             ; --  ; OFF  ; OFF                        ;
; outArr[5][2]  ; Output   ; --            ; --            ; --                    ; --                      ; --                                     ; --                              ; --                             ; --  ; OFF  ; OFF                        ;
; outArr[5][3]  ; Output   ; --            ; --            ; --                    ; --                      ; --                                     ; --                              ; --                             ; --  ; OFF  ; OFF                        ;
; outArr[5][4]  ; Output   ; --            ; --            ; --                    ; --                      ; --                                     ; --                              ; --                             ; --  ; OFF  ; OFF                        ;
; outArr[5][5]  ; Output   ; --            ; --            ; --                    ; --                      ; --                                     ; --                              ; --                             ; --  ; OFF  ; OFF                        ;
; outArr[5][6]  ; Output   ; --            ; --            ; --                    ; --                      ; --                                     ; --                              ; --                             ; --  ; OFF  ; OFF                        ;
; outArr[5][7]  ; Output   ; --            ; --            ; --                    ; --                      ; --                                     ; --                              ; --                             ; --  ; OFF  ; OFF                        ;
; outArr[5][8]  ; Output   ; --            ; --            ; --                    ; --                      ; --                                     ; --                              ; --                             ; --  ; OFF  ; OFF                        ;
; outArr[5][9]  ; Output   ; --            ; --            ; --                    ; --                      ; --                                     ; --                              ; --                             ; --  ; OFF  ; OFF                        ;
; outArr[5][10] ; Output   ; --            ; --            ; --                    ; --                      ; --                                     ; --                              ; --                             ; --  ; OFF  ; OFF                        ;
; outArr[5][11] ; Output   ; --            ; --            ; --                    ; --                      ; --                                     ; --                              ; --                             ; --  ; OFF  ; OFF                        ;
; outArr[5][12] ; Output   ; --            ; --            ; --                    ; --                      ; --                                     ; --                              ; --                             ; --  ; OFF  ; OFF                        ;
; outArr[5][13] ; Output   ; --            ; --            ; --                    ; --                      ; --                                     ; --                              ; --                             ; --  ; OFF  ; OFF                        ;
; outArr[5][14] ; Output   ; --            ; --            ; --                    ; --                      ; --                                     ; --                              ; --                             ; --  ; OFF  ; OFF                        ;
; outArr[5][15] ; Output   ; --            ; --            ; --                    ; --                      ; --                                     ; --                              ; --                             ; --  ; OFF  ; OFF                        ;
; outArr[5][16] ; Output   ; --            ; --            ; --                    ; --                      ; --                                     ; --                              ; --                             ; --  ; OFF  ; OFF                        ;
; outArr[5][17] ; Output   ; --            ; --            ; --                    ; --                      ; --                                     ; --                              ; --                             ; --  ; OFF  ; OFF                        ;
; outArr[5][18] ; Output   ; --            ; --            ; --                    ; --                      ; --                                     ; --                              ; --                             ; --  ; OFF  ; OFF                        ;
; outArr[5][19] ; Output   ; --            ; --            ; --                    ; --                      ; --                                     ; --                              ; --                             ; --  ; OFF  ; OFF                        ;
; outArr[5][20] ; Output   ; --            ; --            ; --                    ; --                      ; --                                     ; --                              ; --                             ; --  ; OFF  ; OFF                        ;
; outArr[5][21] ; Output   ; --            ; --            ; --                    ; --                      ; --                                     ; --                              ; --                             ; --  ; OFF  ; OFF                        ;
; outArr[5][22] ; Output   ; --            ; --            ; --                    ; --                      ; --                                     ; --                              ; --                             ; --  ; OFF  ; OFF                        ;
; outArr[5][23] ; Output   ; --            ; --            ; --                    ; --                      ; --                                     ; --                              ; --                             ; --  ; OFF  ; OFF                        ;
; outArr[5][24] ; Output   ; --            ; --            ; --                    ; --                      ; --                                     ; --                              ; --                             ; --  ; OFF  ; OFF                        ;
; outArr[5][25] ; Output   ; --            ; --            ; --                    ; --                      ; --                                     ; --                              ; --                             ; --  ; OFF  ; OFF                        ;
; outArr[5][26] ; Output   ; --            ; --            ; --                    ; --                      ; --                                     ; --                              ; --                             ; --  ; OFF  ; OFF                        ;
; outArr[5][27] ; Output   ; --            ; --            ; --                    ; --                      ; --                                     ; --                              ; --                             ; --  ; OFF  ; OFF                        ;
; outArr[5][28] ; Output   ; --            ; --            ; --                    ; --                      ; --                                     ; --                              ; --                             ; --  ; OFF  ; OFF                        ;
; outArr[5][29] ; Output   ; --            ; --            ; --                    ; --                      ; --                                     ; --                              ; --                             ; --  ; OFF  ; OFF                        ;
; outArr[5][30] ; Output   ; --            ; --            ; --                    ; --                      ; --                                     ; --                              ; --                             ; --  ; OFF  ; OFF                        ;
; outArr[5][31] ; Output   ; --            ; --            ; --                    ; --                      ; --                                     ; --                              ; --                             ; --  ; OFF  ; OFF                        ;
; outArr[4][0]  ; Output   ; --            ; --            ; --                    ; --                      ; --                                     ; --                              ; --                             ; --  ; OFF  ; OFF                        ;
; outArr[4][1]  ; Output   ; --            ; --            ; --                    ; --                      ; --                                     ; --                              ; --                             ; --  ; OFF  ; OFF                        ;
; outArr[4][2]  ; Output   ; --            ; --            ; --                    ; --                      ; --                                     ; --                              ; --                             ; --  ; OFF  ; OFF                        ;
; outArr[4][3]  ; Output   ; --            ; --            ; --                    ; --                      ; --                                     ; --                              ; --                             ; --  ; OFF  ; OFF                        ;
; outArr[4][4]  ; Output   ; --            ; --            ; --                    ; --                      ; --                                     ; --                              ; --                             ; --  ; OFF  ; OFF                        ;
; outArr[4][5]  ; Output   ; --            ; --            ; --                    ; --                      ; --                                     ; --                              ; --                             ; --  ; OFF  ; OFF                        ;
; outArr[4][6]  ; Output   ; --            ; --            ; --                    ; --                      ; --                                     ; --                              ; --                             ; --  ; OFF  ; OFF                        ;
; outArr[4][7]  ; Output   ; --            ; --            ; --                    ; --                      ; --                                     ; --                              ; --                             ; --  ; OFF  ; OFF                        ;
; outArr[4][8]  ; Output   ; --            ; --            ; --                    ; --                      ; --                                     ; --                              ; --                             ; --  ; OFF  ; OFF                        ;
; outArr[4][9]  ; Output   ; --            ; --            ; --                    ; --                      ; --                                     ; --                              ; --                             ; --  ; OFF  ; OFF                        ;
; outArr[4][10] ; Output   ; --            ; --            ; --                    ; --                      ; --                                     ; --                              ; --                             ; --  ; OFF  ; OFF                        ;
; outArr[4][11] ; Output   ; --            ; --            ; --                    ; --                      ; --                                     ; --                              ; --                             ; --  ; OFF  ; OFF                        ;
; outArr[4][12] ; Output   ; --            ; --            ; --                    ; --                      ; --                                     ; --                              ; --                             ; --  ; OFF  ; OFF                        ;
; outArr[4][13] ; Output   ; --            ; --            ; --                    ; --                      ; --                                     ; --                              ; --                             ; --  ; OFF  ; OFF                        ;
; outArr[4][14] ; Output   ; --            ; --            ; --                    ; --                      ; --                                     ; --                              ; --                             ; --  ; OFF  ; OFF                        ;
; outArr[4][15] ; Output   ; --            ; --            ; --                    ; --                      ; --                                     ; --                              ; --                             ; --  ; OFF  ; OFF                        ;
; outArr[4][16] ; Output   ; --            ; --            ; --                    ; --                      ; --                                     ; --                              ; --                             ; --  ; OFF  ; OFF                        ;
; outArr[4][17] ; Output   ; --            ; --            ; --                    ; --                      ; --                                     ; --                              ; --                             ; --  ; OFF  ; OFF                        ;
; outArr[4][18] ; Output   ; --            ; --            ; --                    ; --                      ; --                                     ; --                              ; --                             ; --  ; OFF  ; OFF                        ;
; outArr[4][19] ; Output   ; --            ; --            ; --                    ; --                      ; --                                     ; --                              ; --                             ; --  ; OFF  ; OFF                        ;
; outArr[4][20] ; Output   ; --            ; --            ; --                    ; --                      ; --                                     ; --                              ; --                             ; --  ; OFF  ; OFF                        ;
; outArr[4][21] ; Output   ; --            ; --            ; --                    ; --                      ; --                                     ; --                              ; --                             ; --  ; OFF  ; OFF                        ;
; outArr[4][22] ; Output   ; --            ; --            ; --                    ; --                      ; --                                     ; --                              ; --                             ; --  ; OFF  ; OFF                        ;
; outArr[4][23] ; Output   ; --            ; --            ; --                    ; --                      ; --                                     ; --                              ; --                             ; --  ; OFF  ; OFF                        ;
; outArr[4][24] ; Output   ; --            ; --            ; --                    ; --                      ; --                                     ; --                              ; --                             ; --  ; OFF  ; OFF                        ;
; outArr[4][25] ; Output   ; --            ; --            ; --                    ; --                      ; --                                     ; --                              ; --                             ; --  ; OFF  ; OFF                        ;
; outArr[4][26] ; Output   ; --            ; --            ; --                    ; --                      ; --                                     ; --                              ; --                             ; --  ; OFF  ; OFF                        ;
; outArr[4][27] ; Output   ; --            ; --            ; --                    ; --                      ; --                                     ; --                              ; --                             ; --  ; OFF  ; OFF                        ;
; outArr[4][28] ; Output   ; --            ; --            ; --                    ; --                      ; --                                     ; --                              ; --                             ; --  ; OFF  ; OFF                        ;
; outArr[4][29] ; Output   ; --            ; --            ; --                    ; --                      ; --                                     ; --                              ; --                             ; --  ; OFF  ; OFF                        ;
; outArr[4][30] ; Output   ; --            ; --            ; --                    ; --                      ; --                                     ; --                              ; --                             ; --  ; OFF  ; OFF                        ;
; outArr[4][31] ; Output   ; --            ; --            ; --                    ; --                      ; --                                     ; --                              ; --                             ; --  ; OFF  ; OFF                        ;
; outArr[3][0]  ; Output   ; --            ; --            ; --                    ; --                      ; --                                     ; --                              ; --                             ; --  ; OFF  ; OFF                        ;
; outArr[3][1]  ; Output   ; --            ; --            ; --                    ; --                      ; --                                     ; --                              ; --                             ; --  ; OFF  ; OFF                        ;
; outArr[3][2]  ; Output   ; --            ; --            ; --                    ; --                      ; --                                     ; --                              ; --                             ; --  ; OFF  ; OFF                        ;
; outArr[3][3]  ; Output   ; --            ; --            ; --                    ; --                      ; --                                     ; --                              ; --                             ; --  ; OFF  ; OFF                        ;
; outArr[3][4]  ; Output   ; --            ; --            ; --                    ; --                      ; --                                     ; --                              ; --                             ; --  ; OFF  ; OFF                        ;
; outArr[3][5]  ; Output   ; --            ; --            ; --                    ; --                      ; --                                     ; --                              ; --                             ; --  ; OFF  ; OFF                        ;
; outArr[3][6]  ; Output   ; --            ; --            ; --                    ; --                      ; --                                     ; --                              ; --                             ; --  ; OFF  ; OFF                        ;
; outArr[3][7]  ; Output   ; --            ; --            ; --                    ; --                      ; --                                     ; --                              ; --                             ; --  ; OFF  ; OFF                        ;
; outArr[3][8]  ; Output   ; --            ; --            ; --                    ; --                      ; --                                     ; --                              ; --                             ; --  ; OFF  ; OFF                        ;
; outArr[3][9]  ; Output   ; --            ; --            ; --                    ; --                      ; --                                     ; --                              ; --                             ; --  ; OFF  ; OFF                        ;
; outArr[3][10] ; Output   ; --            ; --            ; --                    ; --                      ; --                                     ; --                              ; --                             ; --  ; OFF  ; OFF                        ;
; outArr[3][11] ; Output   ; --            ; --            ; --                    ; --                      ; --                                     ; --                              ; --                             ; --  ; OFF  ; OFF                        ;
; outArr[3][12] ; Output   ; --            ; --            ; --                    ; --                      ; --                                     ; --                              ; --                             ; --  ; OFF  ; OFF                        ;
; outArr[3][13] ; Output   ; --            ; --            ; --                    ; --                      ; --                                     ; --                              ; --                             ; --  ; OFF  ; OFF                        ;
; outArr[3][14] ; Output   ; --            ; --            ; --                    ; --                      ; --                                     ; --                              ; --                             ; --  ; OFF  ; OFF                        ;
; outArr[3][15] ; Output   ; --            ; --            ; --                    ; --                      ; --                                     ; --                              ; --                             ; --  ; OFF  ; OFF                        ;
; outArr[3][16] ; Output   ; --            ; --            ; --                    ; --                      ; --                                     ; --                              ; --                             ; --  ; OFF  ; OFF                        ;
; outArr[3][17] ; Output   ; --            ; --            ; --                    ; --                      ; --                                     ; --                              ; --                             ; --  ; OFF  ; OFF                        ;
; outArr[3][18] ; Output   ; --            ; --            ; --                    ; --                      ; --                                     ; --                              ; --                             ; --  ; OFF  ; OFF                        ;
; outArr[3][19] ; Output   ; --            ; --            ; --                    ; --                      ; --                                     ; --                              ; --                             ; --  ; OFF  ; OFF                        ;
; outArr[3][20] ; Output   ; --            ; --            ; --                    ; --                      ; --                                     ; --                              ; --                             ; --  ; OFF  ; OFF                        ;
; outArr[3][21] ; Output   ; --            ; --            ; --                    ; --                      ; --                                     ; --                              ; --                             ; --  ; OFF  ; OFF                        ;
; outArr[3][22] ; Output   ; --            ; --            ; --                    ; --                      ; --                                     ; --                              ; --                             ; --  ; OFF  ; OFF                        ;
; outArr[3][23] ; Output   ; --            ; --            ; --                    ; --                      ; --                                     ; --                              ; --                             ; --  ; OFF  ; OFF                        ;
; outArr[3][24] ; Output   ; --            ; --            ; --                    ; --                      ; --                                     ; --                              ; --                             ; --  ; OFF  ; OFF                        ;
; outArr[3][25] ; Output   ; --            ; --            ; --                    ; --                      ; --                                     ; --                              ; --                             ; --  ; OFF  ; OFF                        ;
; outArr[3][26] ; Output   ; --            ; --            ; --                    ; --                      ; --                                     ; --                              ; --                             ; --  ; OFF  ; OFF                        ;
; outArr[3][27] ; Output   ; --            ; --            ; --                    ; --                      ; --                                     ; --                              ; --                             ; --  ; OFF  ; OFF                        ;
; outArr[3][28] ; Output   ; --            ; --            ; --                    ; --                      ; --                                     ; --                              ; --                             ; --  ; OFF  ; OFF                        ;
; outArr[3][29] ; Output   ; --            ; --            ; --                    ; --                      ; --                                     ; --                              ; --                             ; --  ; OFF  ; OFF                        ;
; outArr[3][30] ; Output   ; --            ; --            ; --                    ; --                      ; --                                     ; --                              ; --                             ; --  ; OFF  ; OFF                        ;
; outArr[3][31] ; Output   ; --            ; --            ; --                    ; --                      ; --                                     ; --                              ; --                             ; --  ; OFF  ; OFF                        ;
; outArr[2][0]  ; Output   ; --            ; --            ; --                    ; --                      ; --                                     ; --                              ; --                             ; --  ; OFF  ; OFF                        ;
; outArr[2][1]  ; Output   ; --            ; --            ; --                    ; --                      ; --                                     ; --                              ; --                             ; --  ; OFF  ; OFF                        ;
; outArr[2][2]  ; Output   ; --            ; --            ; --                    ; --                      ; --                                     ; --                              ; --                             ; --  ; OFF  ; OFF                        ;
; outArr[2][3]  ; Output   ; --            ; --            ; --                    ; --                      ; --                                     ; --                              ; --                             ; --  ; OFF  ; OFF                        ;
; outArr[2][4]  ; Output   ; --            ; --            ; --                    ; --                      ; --                                     ; --                              ; --                             ; --  ; OFF  ; OFF                        ;
; outArr[2][5]  ; Output   ; --            ; --            ; --                    ; --                      ; --                                     ; --                              ; --                             ; --  ; OFF  ; OFF                        ;
; outArr[2][6]  ; Output   ; --            ; --            ; --                    ; --                      ; --                                     ; --                              ; --                             ; --  ; OFF  ; OFF                        ;
; outArr[2][7]  ; Output   ; --            ; --            ; --                    ; --                      ; --                                     ; --                              ; --                             ; --  ; OFF  ; OFF                        ;
; outArr[2][8]  ; Output   ; --            ; --            ; --                    ; --                      ; --                                     ; --                              ; --                             ; --  ; OFF  ; OFF                        ;
; outArr[2][9]  ; Output   ; --            ; --            ; --                    ; --                      ; --                                     ; --                              ; --                             ; --  ; OFF  ; OFF                        ;
; outArr[2][10] ; Output   ; --            ; --            ; --                    ; --                      ; --                                     ; --                              ; --                             ; --  ; OFF  ; OFF                        ;
; outArr[2][11] ; Output   ; --            ; --            ; --                    ; --                      ; --                                     ; --                              ; --                             ; --  ; OFF  ; OFF                        ;
; outArr[2][12] ; Output   ; --            ; --            ; --                    ; --                      ; --                                     ; --                              ; --                             ; --  ; OFF  ; OFF                        ;
; outArr[2][13] ; Output   ; --            ; --            ; --                    ; --                      ; --                                     ; --                              ; --                             ; --  ; OFF  ; OFF                        ;
; outArr[2][14] ; Output   ; --            ; --            ; --                    ; --                      ; --                                     ; --                              ; --                             ; --  ; OFF  ; OFF                        ;
; outArr[2][15] ; Output   ; --            ; --            ; --                    ; --                      ; --                                     ; --                              ; --                             ; --  ; OFF  ; OFF                        ;
; outArr[2][16] ; Output   ; --            ; --            ; --                    ; --                      ; --                                     ; --                              ; --                             ; --  ; OFF  ; OFF                        ;
; outArr[2][17] ; Output   ; --            ; --            ; --                    ; --                      ; --                                     ; --                              ; --                             ; --  ; OFF  ; OFF                        ;
; outArr[2][18] ; Output   ; --            ; --            ; --                    ; --                      ; --                                     ; --                              ; --                             ; --  ; OFF  ; OFF                        ;
; outArr[2][19] ; Output   ; --            ; --            ; --                    ; --                      ; --                                     ; --                              ; --                             ; --  ; OFF  ; OFF                        ;
; outArr[2][20] ; Output   ; --            ; --            ; --                    ; --                      ; --                                     ; --                              ; --                             ; --  ; OFF  ; OFF                        ;
; outArr[2][21] ; Output   ; --            ; --            ; --                    ; --                      ; --                                     ; --                              ; --                             ; --  ; OFF  ; OFF                        ;
; outArr[2][22] ; Output   ; --            ; --            ; --                    ; --                      ; --                                     ; --                              ; --                             ; --  ; OFF  ; OFF                        ;
; outArr[2][23] ; Output   ; --            ; --            ; --                    ; --                      ; --                                     ; --                              ; --                             ; --  ; OFF  ; OFF                        ;
; outArr[2][24] ; Output   ; --            ; --            ; --                    ; --                      ; --                                     ; --                              ; --                             ; --  ; OFF  ; OFF                        ;
; outArr[2][25] ; Output   ; --            ; --            ; --                    ; --                      ; --                                     ; --                              ; --                             ; --  ; OFF  ; OFF                        ;
; outArr[2][26] ; Output   ; --            ; --            ; --                    ; --                      ; --                                     ; --                              ; --                             ; --  ; OFF  ; OFF                        ;
; outArr[2][27] ; Output   ; --            ; --            ; --                    ; --                      ; --                                     ; --                              ; --                             ; --  ; OFF  ; OFF                        ;
; outArr[2][28] ; Output   ; --            ; --            ; --                    ; --                      ; --                                     ; --                              ; --                             ; --  ; OFF  ; OFF                        ;
; outArr[2][29] ; Output   ; --            ; --            ; --                    ; --                      ; --                                     ; --                              ; --                             ; --  ; OFF  ; OFF                        ;
; outArr[2][30] ; Output   ; --            ; --            ; --                    ; --                      ; --                                     ; --                              ; --                             ; --  ; OFF  ; OFF                        ;
; outArr[2][31] ; Output   ; --            ; --            ; --                    ; --                      ; --                                     ; --                              ; --                             ; --  ; OFF  ; OFF                        ;
; outArr[1][0]  ; Output   ; --            ; --            ; --                    ; --                      ; --                                     ; --                              ; --                             ; --  ; OFF  ; OFF                        ;
; outArr[1][1]  ; Output   ; --            ; --            ; --                    ; --                      ; --                                     ; --                              ; --                             ; --  ; OFF  ; OFF                        ;
; outArr[1][2]  ; Output   ; --            ; --            ; --                    ; --                      ; --                                     ; --                              ; --                             ; --  ; OFF  ; OFF                        ;
; outArr[1][3]  ; Output   ; --            ; --            ; --                    ; --                      ; --                                     ; --                              ; --                             ; --  ; OFF  ; OFF                        ;
; outArr[1][4]  ; Output   ; --            ; --            ; --                    ; --                      ; --                                     ; --                              ; --                             ; --  ; OFF  ; OFF                        ;
; outArr[1][5]  ; Output   ; --            ; --            ; --                    ; --                      ; --                                     ; --                              ; --                             ; --  ; OFF  ; OFF                        ;
; outArr[1][6]  ; Output   ; --            ; --            ; --                    ; --                      ; --                                     ; --                              ; --                             ; --  ; OFF  ; OFF                        ;
; outArr[1][7]  ; Output   ; --            ; --            ; --                    ; --                      ; --                                     ; --                              ; --                             ; --  ; OFF  ; OFF                        ;
; outArr[1][8]  ; Output   ; --            ; --            ; --                    ; --                      ; --                                     ; --                              ; --                             ; --  ; OFF  ; OFF                        ;
; outArr[1][9]  ; Output   ; --            ; --            ; --                    ; --                      ; --                                     ; --                              ; --                             ; --  ; OFF  ; OFF                        ;
; outArr[1][10] ; Output   ; --            ; --            ; --                    ; --                      ; --                                     ; --                              ; --                             ; --  ; OFF  ; OFF                        ;
; outArr[1][11] ; Output   ; --            ; --            ; --                    ; --                      ; --                                     ; --                              ; --                             ; --  ; OFF  ; OFF                        ;
; outArr[1][12] ; Output   ; --            ; --            ; --                    ; --                      ; --                                     ; --                              ; --                             ; --  ; OFF  ; OFF                        ;
; outArr[1][13] ; Output   ; --            ; --            ; --                    ; --                      ; --                                     ; --                              ; --                             ; --  ; OFF  ; OFF                        ;
; outArr[1][14] ; Output   ; --            ; --            ; --                    ; --                      ; --                                     ; --                              ; --                             ; --  ; OFF  ; OFF                        ;
; outArr[1][15] ; Output   ; --            ; --            ; --                    ; --                      ; --                                     ; --                              ; --                             ; --  ; OFF  ; OFF                        ;
; outArr[1][16] ; Output   ; --            ; --            ; --                    ; --                      ; --                                     ; --                              ; --                             ; --  ; OFF  ; OFF                        ;
; outArr[1][17] ; Output   ; --            ; --            ; --                    ; --                      ; --                                     ; --                              ; --                             ; --  ; OFF  ; OFF                        ;
; outArr[1][18] ; Output   ; --            ; --            ; --                    ; --                      ; --                                     ; --                              ; --                             ; --  ; OFF  ; OFF                        ;
; outArr[1][19] ; Output   ; --            ; --            ; --                    ; --                      ; --                                     ; --                              ; --                             ; --  ; OFF  ; OFF                        ;
; outArr[1][20] ; Output   ; --            ; --            ; --                    ; --                      ; --                                     ; --                              ; --                             ; --  ; OFF  ; OFF                        ;
; outArr[1][21] ; Output   ; --            ; --            ; --                    ; --                      ; --                                     ; --                              ; --                             ; --  ; OFF  ; OFF                        ;
; outArr[1][22] ; Output   ; --            ; --            ; --                    ; --                      ; --                                     ; --                              ; --                             ; --  ; OFF  ; OFF                        ;
; outArr[1][23] ; Output   ; --            ; --            ; --                    ; --                      ; --                                     ; --                              ; --                             ; --  ; OFF  ; OFF                        ;
; outArr[1][24] ; Output   ; --            ; --            ; --                    ; --                      ; --                                     ; --                              ; --                             ; --  ; OFF  ; OFF                        ;
; outArr[1][25] ; Output   ; --            ; --            ; --                    ; --                      ; --                                     ; --                              ; --                             ; --  ; OFF  ; OFF                        ;
; outArr[1][26] ; Output   ; --            ; --            ; --                    ; --                      ; --                                     ; --                              ; --                             ; --  ; OFF  ; OFF                        ;
; outArr[1][27] ; Output   ; --            ; --            ; --                    ; --                      ; --                                     ; --                              ; --                             ; --  ; OFF  ; OFF                        ;
; outArr[1][28] ; Output   ; --            ; --            ; --                    ; --                      ; --                                     ; --                              ; --                             ; --  ; OFF  ; OFF                        ;
; outArr[1][29] ; Output   ; --            ; --            ; --                    ; --                      ; --                                     ; --                              ; --                             ; --  ; OFF  ; OFF                        ;
; outArr[1][30] ; Output   ; --            ; --            ; --                    ; --                      ; --                                     ; --                              ; --                             ; --  ; OFF  ; OFF                        ;
; outArr[1][31] ; Output   ; --            ; --            ; --                    ; --                      ; --                                     ; --                              ; --                             ; --  ; OFF  ; OFF                        ;
; outArr[0][0]  ; Output   ; --            ; --            ; --                    ; --                      ; --                                     ; --                              ; --                             ; --  ; OFF  ; OFF                        ;
; outArr[0][1]  ; Output   ; --            ; --            ; --                    ; --                      ; --                                     ; --                              ; --                             ; --  ; OFF  ; OFF                        ;
; outArr[0][2]  ; Output   ; --            ; --            ; --                    ; --                      ; --                                     ; --                              ; --                             ; --  ; OFF  ; OFF                        ;
; outArr[0][3]  ; Output   ; --            ; --            ; --                    ; --                      ; --                                     ; --                              ; --                             ; --  ; OFF  ; OFF                        ;
; outArr[0][4]  ; Output   ; --            ; --            ; --                    ; --                      ; --                                     ; --                              ; --                             ; --  ; OFF  ; OFF                        ;
; outArr[0][5]  ; Output   ; --            ; --            ; --                    ; --                      ; --                                     ; --                              ; --                             ; --  ; OFF  ; OFF                        ;
; outArr[0][6]  ; Output   ; --            ; --            ; --                    ; --                      ; --                                     ; --                              ; --                             ; --  ; OFF  ; OFF                        ;
; outArr[0][7]  ; Output   ; --            ; --            ; --                    ; --                      ; --                                     ; --                              ; --                             ; --  ; OFF  ; OFF                        ;
; outArr[0][8]  ; Output   ; --            ; --            ; --                    ; --                      ; --                                     ; --                              ; --                             ; --  ; OFF  ; OFF                        ;
; outArr[0][9]  ; Output   ; --            ; --            ; --                    ; --                      ; --                                     ; --                              ; --                             ; --  ; OFF  ; OFF                        ;
; outArr[0][10] ; Output   ; --            ; --            ; --                    ; --                      ; --                                     ; --                              ; --                             ; --  ; OFF  ; OFF                        ;
; outArr[0][11] ; Output   ; --            ; --            ; --                    ; --                      ; --                                     ; --                              ; --                             ; --  ; OFF  ; OFF                        ;
; outArr[0][12] ; Output   ; --            ; --            ; --                    ; --                      ; --                                     ; --                              ; --                             ; --  ; OFF  ; OFF                        ;
; outArr[0][13] ; Output   ; --            ; --            ; --                    ; --                      ; --                                     ; --                              ; --                             ; --  ; OFF  ; OFF                        ;
; outArr[0][14] ; Output   ; --            ; --            ; --                    ; --                      ; --                                     ; --                              ; --                             ; --  ; OFF  ; OFF                        ;
; outArr[0][15] ; Output   ; --            ; --            ; --                    ; --                      ; --                                     ; --                              ; --                             ; --  ; OFF  ; OFF                        ;
; outArr[0][16] ; Output   ; --            ; --            ; --                    ; --                      ; --                                     ; --                              ; --                             ; --  ; OFF  ; OFF                        ;
; outArr[0][17] ; Output   ; --            ; --            ; --                    ; --                      ; --                                     ; --                              ; --                             ; --  ; OFF  ; OFF                        ;
; outArr[0][18] ; Output   ; --            ; --            ; --                    ; --                      ; --                                     ; --                              ; --                             ; --  ; OFF  ; OFF                        ;
; outArr[0][19] ; Output   ; --            ; --            ; --                    ; --                      ; --                                     ; --                              ; --                             ; --  ; OFF  ; OFF                        ;
; outArr[0][20] ; Output   ; --            ; --            ; --                    ; --                      ; --                                     ; --                              ; --                             ; --  ; OFF  ; OFF                        ;
; outArr[0][21] ; Output   ; --            ; --            ; --                    ; --                      ; --                                     ; --                              ; --                             ; --  ; OFF  ; OFF                        ;
; outArr[0][22] ; Output   ; --            ; --            ; --                    ; --                      ; --                                     ; --                              ; --                             ; --  ; OFF  ; OFF                        ;
; outArr[0][23] ; Output   ; --            ; --            ; --                    ; --                      ; --                                     ; --                              ; --                             ; --  ; OFF  ; OFF                        ;
; outArr[0][24] ; Output   ; --            ; --            ; --                    ; --                      ; --                                     ; --                              ; --                             ; --  ; OFF  ; OFF                        ;
; outArr[0][25] ; Output   ; --            ; --            ; --                    ; --                      ; --                                     ; --                              ; --                             ; --  ; OFF  ; OFF                        ;
; outArr[0][26] ; Output   ; --            ; --            ; --                    ; --                      ; --                                     ; --                              ; --                             ; --  ; OFF  ; OFF                        ;
; outArr[0][27] ; Output   ; --            ; --            ; --                    ; --                      ; --                                     ; --                              ; --                             ; --  ; OFF  ; OFF                        ;
; outArr[0][28] ; Output   ; --            ; --            ; --                    ; --                      ; --                                     ; --                              ; --                             ; --  ; OFF  ; OFF                        ;
; outArr[0][29] ; Output   ; --            ; --            ; --                    ; --                      ; --                                     ; --                              ; --                             ; --  ; OFF  ; OFF                        ;
; outArr[0][30] ; Output   ; --            ; --            ; --                    ; --                      ; --                                     ; --                              ; --                             ; --  ; OFF  ; OFF                        ;
; outArr[0][31] ; Output   ; --            ; --            ; --                    ; --                      ; --                                     ; --                              ; --                             ; --  ; OFF  ; OFF                        ;
; done          ; Output   ; --            ; --            ; --                    ; --                      ; --                                     ; --                              ; --                             ; --  ; OFF  ; OFF                        ;
; working       ; Output   ; --            ; --            ; --                    ; --                      ; --                                     ; --                              ; --                             ; --  ; OFF  ; OFF                        ;
+---------------+----------+---------------+---------------+-----------------------+-------------------------+----------------------------------------+---------------------------------+--------------------------------+-----+------+----------------------------+


+----------------------------------------------------------+
; Pad To Core Delay Chain Fanout                           ;
+----------------------------+-------------------+---------+
; Source Pin / Fanout        ; Pad To Core Index ; Setting ;
+----------------------------+-------------------+---------+
; reset                      ;                   ;         ;
;      - done~reg0           ; 0                 ; ON      ;
;      - outArr[7][0]~reg0   ; 0                 ; ON      ;
;      - outArr[7][1]~reg0   ; 0                 ; ON      ;
;      - outArr[7][2]~reg0   ; 0                 ; ON      ;
;      - outArr[7][3]~reg0   ; 0                 ; ON      ;
;      - outArr[7][4]~reg0   ; 0                 ; ON      ;
;      - outArr[7][5]~reg0   ; 0                 ; ON      ;
;      - outArr[7][6]~reg0   ; 0                 ; ON      ;
;      - outArr[7][7]~reg0   ; 0                 ; ON      ;
;      - outArr[7][8]~reg0   ; 0                 ; ON      ;
;      - outArr[7][9]~reg0   ; 0                 ; ON      ;
;      - outArr[7][10]~reg0  ; 0                 ; ON      ;
;      - outArr[7][11]~reg0  ; 0                 ; ON      ;
;      - outArr[7][12]~reg0  ; 0                 ; ON      ;
;      - outArr[7][13]~reg0  ; 0                 ; ON      ;
;      - outArr[7][14]~reg0  ; 0                 ; ON      ;
;      - outArr[7][15]~reg0  ; 0                 ; ON      ;
;      - outArr[7][16]~reg0  ; 0                 ; ON      ;
;      - outArr[7][17]~reg0  ; 0                 ; ON      ;
;      - outArr[7][18]~reg0  ; 0                 ; ON      ;
;      - outArr[7][19]~reg0  ; 0                 ; ON      ;
;      - outArr[7][20]~reg0  ; 0                 ; ON      ;
;      - outArr[7][21]~reg0  ; 0                 ; ON      ;
;      - outArr[7][22]~reg0  ; 0                 ; ON      ;
;      - outArr[7][23]~reg0  ; 0                 ; ON      ;
;      - outArr[7][24]~reg0  ; 0                 ; ON      ;
;      - outArr[7][25]~reg0  ; 0                 ; ON      ;
;      - outArr[7][26]~reg0  ; 0                 ; ON      ;
;      - outArr[7][27]~reg0  ; 0                 ; ON      ;
;      - outArr[7][28]~reg0  ; 0                 ; ON      ;
;      - outArr[7][29]~reg0  ; 0                 ; ON      ;
;      - outArr[7][30]~reg0  ; 0                 ; ON      ;
;      - outArr[7][31]~reg0  ; 0                 ; ON      ;
;      - outArr[6][0]~reg0   ; 0                 ; ON      ;
;      - outArr[6][1]~reg0   ; 0                 ; ON      ;
;      - outArr[6][2]~reg0   ; 0                 ; ON      ;
;      - outArr[6][3]~reg0   ; 0                 ; ON      ;
;      - outArr[6][4]~reg0   ; 1                 ; ON      ;
;      - outArr[6][5]~reg0   ; 1                 ; ON      ;
;      - outArr[6][6]~reg0   ; 1                 ; ON      ;
;      - outArr[6][7]~reg0   ; 0                 ; ON      ;
;      - outArr[6][8]~reg0   ; 1                 ; ON      ;
;      - outArr[6][9]~reg0   ; 1                 ; ON      ;
;      - outArr[6][10]~reg0  ; 1                 ; ON      ;
;      - outArr[6][11]~reg0  ; 0                 ; ON      ;
;      - outArr[6][12]~reg0  ; 1                 ; ON      ;
;      - outArr[6][13]~reg0  ; 1                 ; ON      ;
;      - outArr[6][14]~reg0  ; 1                 ; ON      ;
;      - outArr[6][15]~reg0  ; 1                 ; ON      ;
;      - outArr[6][16]~reg0  ; 1                 ; ON      ;
;      - outArr[6][17]~reg0  ; 1                 ; ON      ;
;      - outArr[6][18]~reg0  ; 1                 ; ON      ;
;      - outArr[6][19]~reg0  ; 1                 ; ON      ;
;      - outArr[6][20]~reg0  ; 1                 ; ON      ;
;      - outArr[6][21]~reg0  ; 1                 ; ON      ;
;      - outArr[6][22]~reg0  ; 0                 ; ON      ;
;      - outArr[6][23]~reg0  ; 0                 ; ON      ;
;      - outArr[6][24]~reg0  ; 0                 ; ON      ;
;      - outArr[6][25]~reg0  ; 0                 ; ON      ;
;      - outArr[6][26]~reg0  ; 0                 ; ON      ;
;      - outArr[6][27]~reg0  ; 0                 ; ON      ;
;      - outArr[6][28]~reg0  ; 0                 ; ON      ;
;      - outArr[6][29]~reg0  ; 0                 ; ON      ;
;      - outArr[6][30]~reg0  ; 0                 ; ON      ;
;      - outArr[6][31]~reg0  ; 0                 ; ON      ;
;      - outArr[5][0]~reg0   ; 0                 ; ON      ;
;      - outArr[5][1]~reg0   ; 0                 ; ON      ;
;      - outArr[5][2]~reg0   ; 0                 ; ON      ;
;      - outArr[5][3]~reg0   ; 0                 ; ON      ;
;      - outArr[5][4]~reg0   ; 0                 ; ON      ;
;      - outArr[5][5]~reg0   ; 0                 ; ON      ;
;      - outArr[5][6]~reg0   ; 0                 ; ON      ;
;      - outArr[5][7]~reg0   ; 0                 ; ON      ;
;      - outArr[5][8]~reg0   ; 0                 ; ON      ;
;      - outArr[5][9]~reg0   ; 0                 ; ON      ;
;      - outArr[5][10]~reg0  ; 0                 ; ON      ;
;      - outArr[5][11]~reg0  ; 0                 ; ON      ;
;      - outArr[5][12]~reg0  ; 0                 ; ON      ;
;      - outArr[5][13]~reg0  ; 0                 ; ON      ;
;      - outArr[5][14]~reg0  ; 0                 ; ON      ;
;      - outArr[5][15]~reg0  ; 0                 ; ON      ;
;      - outArr[5][16]~reg0  ; 0                 ; ON      ;
;      - outArr[5][17]~reg0  ; 0                 ; ON      ;
;      - outArr[5][18]~reg0  ; 0                 ; ON      ;
;      - outArr[5][19]~reg0  ; 0                 ; ON      ;
;      - outArr[5][20]~reg0  ; 0                 ; ON      ;
;      - outArr[5][21]~reg0  ; 0                 ; ON      ;
;      - outArr[5][22]~reg0  ; 0                 ; ON      ;
;      - outArr[5][23]~reg0  ; 0                 ; ON      ;
;      - outArr[5][24]~reg0  ; 0                 ; ON      ;
;      - outArr[5][25]~reg0  ; 0                 ; ON      ;
;      - outArr[5][26]~reg0  ; 0                 ; ON      ;
;      - outArr[5][27]~reg0  ; 0                 ; ON      ;
;      - outArr[5][28]~reg0  ; 0                 ; ON      ;
;      - outArr[5][29]~reg0  ; 0                 ; ON      ;
;      - outArr[5][30]~reg0  ; 0                 ; ON      ;
;      - outArr[5][31]~reg0  ; 0                 ; ON      ;
;      - outArr[4][0]~reg0   ; 0                 ; ON      ;
;      - outArr[4][1]~reg0   ; 0                 ; ON      ;
;      - outArr[4][2]~reg0   ; 0                 ; ON      ;
;      - outArr[4][3]~reg0   ; 0                 ; ON      ;
;      - outArr[4][4]~reg0   ; 0                 ; ON      ;
;      - outArr[4][5]~reg0   ; 0                 ; ON      ;
;      - outArr[4][6]~reg0   ; 0                 ; ON      ;
;      - outArr[4][7]~reg0   ; 0                 ; ON      ;
;      - outArr[4][8]~reg0   ; 0                 ; ON      ;
;      - outArr[4][9]~reg0   ; 0                 ; ON      ;
;      - outArr[4][10]~reg0  ; 0                 ; ON      ;
;      - outArr[4][11]~reg0  ; 0                 ; ON      ;
;      - outArr[4][12]~reg0  ; 0                 ; ON      ;
;      - outArr[4][13]~reg0  ; 0                 ; ON      ;
;      - outArr[4][14]~reg0  ; 0                 ; ON      ;
;      - outArr[4][15]~reg0  ; 0                 ; ON      ;
;      - outArr[4][16]~reg0  ; 0                 ; ON      ;
;      - outArr[4][17]~reg0  ; 0                 ; ON      ;
;      - outArr[4][18]~reg0  ; 0                 ; ON      ;
;      - outArr[4][19]~reg0  ; 0                 ; ON      ;
;      - outArr[4][20]~reg0  ; 0                 ; ON      ;
;      - outArr[4][21]~reg0  ; 0                 ; ON      ;
;      - outArr[4][22]~reg0  ; 0                 ; ON      ;
;      - outArr[4][23]~reg0  ; 0                 ; ON      ;
;      - outArr[4][24]~reg0  ; 0                 ; ON      ;
;      - outArr[4][25]~reg0  ; 0                 ; ON      ;
;      - outArr[4][26]~reg0  ; 0                 ; ON      ;
;      - outArr[4][27]~reg0  ; 0                 ; ON      ;
;      - outArr[4][28]~reg0  ; 0                 ; ON      ;
;      - outArr[4][29]~reg0  ; 0                 ; ON      ;
;      - outArr[4][30]~reg0  ; 0                 ; ON      ;
;      - outArr[4][31]~reg0  ; 0                 ; ON      ;
;      - outArr[3][0]~reg0   ; 0                 ; ON      ;
;      - outArr[3][1]~reg0   ; 0                 ; ON      ;
;      - outArr[3][2]~reg0   ; 0                 ; ON      ;
;      - outArr[3][3]~reg0   ; 0                 ; ON      ;
;      - outArr[3][4]~reg0   ; 0                 ; ON      ;
;      - outArr[3][5]~reg0   ; 0                 ; ON      ;
;      - outArr[3][6]~reg0   ; 0                 ; ON      ;
;      - outArr[3][7]~reg0   ; 0                 ; ON      ;
;      - outArr[3][8]~reg0   ; 0                 ; ON      ;
;      - outArr[3][9]~reg0   ; 0                 ; ON      ;
;      - outArr[3][10]~reg0  ; 0                 ; ON      ;
;      - outArr[3][11]~reg0  ; 0                 ; ON      ;
;      - outArr[3][12]~reg0  ; 0                 ; ON      ;
;      - outArr[3][13]~reg0  ; 0                 ; ON      ;
;      - outArr[3][14]~reg0  ; 0                 ; ON      ;
;      - outArr[3][15]~reg0  ; 0                 ; ON      ;
;      - outArr[3][16]~reg0  ; 0                 ; ON      ;
;      - outArr[3][17]~reg0  ; 0                 ; ON      ;
;      - outArr[3][18]~reg0  ; 0                 ; ON      ;
;      - outArr[3][19]~reg0  ; 0                 ; ON      ;
;      - outArr[3][20]~reg0  ; 0                 ; ON      ;
;      - outArr[3][21]~reg0  ; 0                 ; ON      ;
;      - outArr[3][22]~reg0  ; 0                 ; ON      ;
;      - outArr[3][23]~reg0  ; 0                 ; ON      ;
;      - outArr[3][24]~reg0  ; 0                 ; ON      ;
;      - outArr[3][25]~reg0  ; 0                 ; ON      ;
;      - outArr[3][26]~reg0  ; 0                 ; ON      ;
;      - outArr[3][27]~reg0  ; 0                 ; ON      ;
;      - outArr[3][28]~reg0  ; 0                 ; ON      ;
;      - outArr[3][29]~reg0  ; 0                 ; ON      ;
;      - outArr[3][30]~reg0  ; 0                 ; ON      ;
;      - outArr[3][31]~reg0  ; 0                 ; ON      ;
;      - outArr[2][0]~reg0   ; 0                 ; ON      ;
;      - outArr[2][1]~reg0   ; 0                 ; ON      ;
;      - outArr[2][2]~reg0   ; 0                 ; ON      ;
;      - outArr[2][3]~reg0   ; 0                 ; ON      ;
;      - outArr[2][4]~reg0   ; 0                 ; ON      ;
;      - outArr[2][5]~reg0   ; 0                 ; ON      ;
;      - outArr[2][6]~reg0   ; 0                 ; ON      ;
;      - outArr[2][7]~reg0   ; 0                 ; ON      ;
;      - outArr[2][8]~reg0   ; 0                 ; ON      ;
;      - outArr[2][9]~reg0   ; 0                 ; ON      ;
;      - outArr[2][10]~reg0  ; 0                 ; ON      ;
;      - outArr[2][11]~reg0  ; 0                 ; ON      ;
;      - outArr[2][12]~reg0  ; 0                 ; ON      ;
;      - outArr[2][13]~reg0  ; 0                 ; ON      ;
;      - outArr[2][14]~reg0  ; 0                 ; ON      ;
;      - outArr[2][15]~reg0  ; 0                 ; ON      ;
;      - outArr[2][16]~reg0  ; 0                 ; ON      ;
;      - outArr[2][17]~reg0  ; 0                 ; ON      ;
;      - outArr[2][18]~reg0  ; 0                 ; ON      ;
;      - outArr[2][19]~reg0  ; 0                 ; ON      ;
;      - outArr[2][20]~reg0  ; 0                 ; ON      ;
;      - outArr[2][21]~reg0  ; 0                 ; ON      ;
;      - outArr[2][22]~reg0  ; 0                 ; ON      ;
;      - outArr[2][23]~reg0  ; 0                 ; ON      ;
;      - outArr[2][24]~reg0  ; 0                 ; ON      ;
;      - outArr[2][25]~reg0  ; 0                 ; ON      ;
;      - outArr[2][26]~reg0  ; 0                 ; ON      ;
;      - outArr[2][27]~reg0  ; 0                 ; ON      ;
;      - outArr[2][28]~reg0  ; 0                 ; ON      ;
;      - outArr[2][29]~reg0  ; 0                 ; ON      ;
;      - outArr[2][30]~reg0  ; 0                 ; ON      ;
;      - outArr[2][31]~reg0  ; 0                 ; ON      ;
;      - outArr[1][0]~reg0   ; 0                 ; ON      ;
;      - outArr[1][1]~reg0   ; 0                 ; ON      ;
;      - outArr[1][2]~reg0   ; 0                 ; ON      ;
;      - outArr[1][3]~reg0   ; 0                 ; ON      ;
;      - outArr[1][4]~reg0   ; 0                 ; ON      ;
;      - outArr[1][5]~reg0   ; 0                 ; ON      ;
;      - outArr[1][6]~reg0   ; 0                 ; ON      ;
;      - outArr[1][7]~reg0   ; 0                 ; ON      ;
;      - outArr[1][8]~reg0   ; 0                 ; ON      ;
;      - outArr[1][9]~reg0   ; 0                 ; ON      ;
;      - outArr[1][10]~reg0  ; 0                 ; ON      ;
;      - outArr[1][11]~reg0  ; 0                 ; ON      ;
;      - outArr[1][12]~reg0  ; 0                 ; ON      ;
;      - outArr[1][13]~reg0  ; 0                 ; ON      ;
;      - outArr[1][14]~reg0  ; 0                 ; ON      ;
;      - outArr[1][15]~reg0  ; 0                 ; ON      ;
;      - outArr[1][16]~reg0  ; 0                 ; ON      ;
;      - outArr[1][17]~reg0  ; 0                 ; ON      ;
;      - outArr[1][18]~reg0  ; 0                 ; ON      ;
;      - outArr[1][19]~reg0  ; 0                 ; ON      ;
;      - outArr[1][20]~reg0  ; 0                 ; ON      ;
;      - outArr[1][21]~reg0  ; 0                 ; ON      ;
;      - outArr[1][22]~reg0  ; 0                 ; ON      ;
;      - outArr[1][23]~reg0  ; 0                 ; ON      ;
;      - outArr[1][24]~reg0  ; 0                 ; ON      ;
;      - outArr[1][25]~reg0  ; 0                 ; ON      ;
;      - outArr[1][26]~reg0  ; 0                 ; ON      ;
;      - outArr[1][27]~reg0  ; 0                 ; ON      ;
;      - outArr[1][28]~reg0  ; 0                 ; ON      ;
;      - outArr[1][29]~reg0  ; 0                 ; ON      ;
;      - outArr[1][30]~reg0  ; 0                 ; ON      ;
;      - outArr[1][31]~reg0  ; 1                 ; ON      ;
;      - outArr[0][0]~reg0   ; 0                 ; ON      ;
;      - outArr[0][1]~reg0   ; 0                 ; ON      ;
;      - outArr[0][2]~reg0   ; 0                 ; ON      ;
;      - outArr[0][3]~reg0   ; 0                 ; ON      ;
;      - outArr[0][4]~reg0   ; 0                 ; ON      ;
;      - outArr[0][5]~reg0   ; 0                 ; ON      ;
;      - outArr[0][6]~reg0   ; 0                 ; ON      ;
;      - outArr[0][7]~reg0   ; 0                 ; ON      ;
;      - outArr[0][8]~reg0   ; 0                 ; ON      ;
;      - outArr[0][9]~reg0   ; 0                 ; ON      ;
;      - outArr[0][10]~reg0  ; 0                 ; ON      ;
;      - outArr[0][11]~reg0  ; 0                 ; ON      ;
;      - outArr[0][12]~reg0  ; 0                 ; ON      ;
;      - outArr[0][13]~reg0  ; 0                 ; ON      ;
;      - outArr[0][14]~reg0  ; 0                 ; ON      ;
;      - outArr[0][15]~reg0  ; 1                 ; ON      ;
;      - outArr[0][16]~reg0  ; 0                 ; ON      ;
;      - outArr[0][17]~reg0  ; 0                 ; ON      ;
;      - outArr[0][18]~reg0  ; 0                 ; ON      ;
;      - outArr[0][19]~reg0  ; 0                 ; ON      ;
;      - outArr[0][20]~reg0  ; 0                 ; ON      ;
;      - outArr[0][21]~reg0  ; 0                 ; ON      ;
;      - outArr[0][22]~reg0  ; 0                 ; ON      ;
;      - outArr[0][23]~reg0  ; 0                 ; ON      ;
;      - outArr[0][24]~reg0  ; 0                 ; ON      ;
;      - outArr[0][25]~reg0  ; 0                 ; ON      ;
;      - outArr[0][26]~reg0  ; 0                 ; ON      ;
;      - outArr[0][27]~reg0  ; 0                 ; ON      ;
;      - outArr[0][28]~reg0  ; 0                 ; ON      ;
;      - outArr[0][29]~reg0  ; 0                 ; ON      ;
;      - outArr[0][30]~reg0  ; 0                 ; ON      ;
;      - outArr[0][31]~reg0  ; 0                 ; ON      ;
;      - blocking            ; 0                 ; ON      ;
;      - outArr[2][18]~4680  ; 0                 ; ON      ;
;      - localArr[7][0]~3962 ; 0                 ; ON      ;
;      - j[2]~230            ; 0                 ; ON      ;
;      - localArr[6][0]~3964 ; 0                 ; ON      ;
;      - localArr[5][0]~3966 ; 0                 ; ON      ;
;      - localArr[4][0]~3968 ; 0                 ; ON      ;
;      - localArr[3][0]~3970 ; 0                 ; ON      ;
;      - localArr[2][0]~3972 ; 0                 ; ON      ;
;      - localArr[1][0]~3973 ; 0                 ; ON      ;
;      - localArr[0][0]~3974 ; 0                 ; ON      ;
; start                      ;                   ;         ;
;      - done~reg0           ; 1                 ; ON      ;
;      - localArr[7][0]      ; 1                 ; ON      ;
;      - outArr[7][0]~reg0   ; 1                 ; ON      ;
;      - outArr[7][1]~reg0   ; 1                 ; ON      ;
;      - outArr[7][2]~reg0   ; 1                 ; ON      ;
;      - outArr[7][3]~reg0   ; 1                 ; ON      ;
;      - outArr[7][4]~reg0   ; 1                 ; ON      ;
;      - outArr[7][5]~reg0   ; 1                 ; ON      ;
;      - outArr[7][6]~reg0   ; 1                 ; ON      ;
;      - outArr[7][7]~reg0   ; 1                 ; ON      ;
;      - outArr[7][8]~reg0   ; 1                 ; ON      ;
;      - outArr[7][9]~reg0   ; 1                 ; ON      ;
;      - outArr[7][10]~reg0  ; 1                 ; ON      ;
;      - outArr[7][11]~reg0  ; 1                 ; ON      ;
;      - outArr[7][12]~reg0  ; 1                 ; ON      ;
;      - outArr[7][13]~reg0  ; 1                 ; ON      ;
;      - outArr[7][14]~reg0  ; 1                 ; ON      ;
;      - outArr[7][15]~reg0  ; 1                 ; ON      ;
;      - outArr[7][16]~reg0  ; 1                 ; ON      ;
;      - outArr[7][17]~reg0  ; 1                 ; ON      ;
;      - outArr[7][18]~reg0  ; 1                 ; ON      ;
;      - outArr[7][19]~reg0  ; 1                 ; ON      ;
;      - outArr[7][20]~reg0  ; 1                 ; ON      ;
;      - outArr[7][21]~reg0  ; 1                 ; ON      ;
;      - outArr[7][22]~reg0  ; 1                 ; ON      ;
;      - outArr[7][23]~reg0  ; 1                 ; ON      ;
;      - outArr[7][24]~reg0  ; 1                 ; ON      ;
;      - outArr[7][25]~reg0  ; 1                 ; ON      ;
;      - outArr[7][26]~reg0  ; 1                 ; ON      ;
;      - outArr[7][27]~reg0  ; 1                 ; ON      ;
;      - outArr[7][28]~reg0  ; 1                 ; ON      ;
;      - outArr[7][29]~reg0  ; 1                 ; ON      ;
;      - outArr[7][30]~reg0  ; 1                 ; ON      ;
;      - outArr[7][31]~reg0  ; 1                 ; ON      ;
;      - outArr[6][0]~reg0   ; 1                 ; ON      ;
;      - outArr[6][1]~reg0   ; 1                 ; ON      ;
;      - outArr[6][2]~reg0   ; 1                 ; ON      ;
;      - outArr[6][3]~reg0   ; 1                 ; ON      ;
;      - outArr[6][4]~reg0   ; 1                 ; ON      ;
;      - outArr[6][5]~reg0   ; 1                 ; ON      ;
;      - outArr[6][6]~reg0   ; 1                 ; ON      ;
;      - outArr[6][7]~reg0   ; 1                 ; ON      ;
;      - outArr[6][8]~reg0   ; 1                 ; ON      ;
;      - outArr[6][9]~reg0   ; 1                 ; ON      ;
;      - outArr[6][10]~reg0  ; 1                 ; ON      ;
;      - outArr[6][11]~reg0  ; 1                 ; ON      ;
;      - outArr[6][12]~reg0  ; 1                 ; ON      ;
;      - outArr[6][13]~reg0  ; 1                 ; ON      ;
;      - outArr[6][14]~reg0  ; 1                 ; ON      ;
;      - outArr[6][15]~reg0  ; 1                 ; ON      ;
;      - outArr[6][16]~reg0  ; 1                 ; ON      ;
;      - outArr[6][17]~reg0  ; 1                 ; ON      ;
;      - outArr[6][18]~reg0  ; 1                 ; ON      ;
;      - outArr[6][19]~reg0  ; 1                 ; ON      ;
;      - outArr[6][20]~reg0  ; 1                 ; ON      ;
;      - outArr[6][21]~reg0  ; 1                 ; ON      ;
;      - outArr[6][22]~reg0  ; 1                 ; ON      ;
;      - outArr[6][23]~reg0  ; 1                 ; ON      ;
;      - outArr[6][24]~reg0  ; 1                 ; ON      ;
;      - outArr[6][25]~reg0  ; 1                 ; ON      ;
;      - outArr[6][26]~reg0  ; 1                 ; ON      ;
;      - outArr[6][27]~reg0  ; 1                 ; ON      ;
;      - outArr[6][28]~reg0  ; 1                 ; ON      ;
;      - outArr[6][29]~reg0  ; 1                 ; ON      ;
;      - outArr[6][30]~reg0  ; 1                 ; ON      ;
;      - outArr[6][31]~reg0  ; 1                 ; ON      ;
;      - outArr[5][0]~reg0   ; 1                 ; ON      ;
;      - outArr[5][1]~reg0   ; 1                 ; ON      ;
;      - outArr[5][2]~reg0   ; 1                 ; ON      ;
;      - outArr[5][3]~reg0   ; 1                 ; ON      ;
;      - outArr[5][4]~reg0   ; 1                 ; ON      ;
;      - outArr[5][5]~reg0   ; 1                 ; ON      ;
;      - outArr[5][6]~reg0   ; 1                 ; ON      ;
;      - outArr[5][7]~reg0   ; 1                 ; ON      ;
;      - outArr[5][8]~reg0   ; 1                 ; ON      ;
;      - outArr[5][9]~reg0   ; 1                 ; ON      ;
;      - outArr[5][10]~reg0  ; 1                 ; ON      ;
;      - outArr[5][11]~reg0  ; 1                 ; ON      ;
;      - outArr[5][12]~reg0  ; 1                 ; ON      ;
;      - outArr[5][13]~reg0  ; 1                 ; ON      ;
;      - outArr[5][14]~reg0  ; 1                 ; ON      ;
;      - outArr[5][15]~reg0  ; 1                 ; ON      ;
;      - outArr[5][16]~reg0  ; 1                 ; ON      ;
;      - outArr[5][17]~reg0  ; 1                 ; ON      ;
;      - outArr[5][18]~reg0  ; 1                 ; ON      ;
;      - outArr[5][19]~reg0  ; 1                 ; ON      ;
;      - outArr[5][20]~reg0  ; 1                 ; ON      ;
;      - outArr[5][21]~reg0  ; 1                 ; ON      ;
;      - outArr[5][22]~reg0  ; 1                 ; ON      ;
;      - outArr[5][23]~reg0  ; 1                 ; ON      ;
;      - outArr[5][24]~reg0  ; 1                 ; ON      ;
;      - outArr[5][25]~reg0  ; 1                 ; ON      ;
;      - outArr[5][26]~reg0  ; 1                 ; ON      ;
;      - outArr[5][27]~reg0  ; 1                 ; ON      ;
;      - outArr[5][28]~reg0  ; 1                 ; ON      ;
;      - outArr[5][29]~reg0  ; 1                 ; ON      ;
;      - outArr[5][30]~reg0  ; 1                 ; ON      ;
;      - outArr[5][31]~reg0  ; 1                 ; ON      ;
;      - outArr[4][0]~reg0   ; 1                 ; ON      ;
;      - outArr[4][1]~reg0   ; 1                 ; ON      ;
;      - outArr[4][2]~reg0   ; 1                 ; ON      ;
;      - outArr[4][3]~reg0   ; 1                 ; ON      ;
;      - outArr[4][4]~reg0   ; 1                 ; ON      ;
;      - outArr[4][5]~reg0   ; 1                 ; ON      ;
;      - outArr[4][6]~reg0   ; 1                 ; ON      ;
;      - outArr[4][7]~reg0   ; 1                 ; ON      ;
;      - outArr[4][8]~reg0   ; 1                 ; ON      ;
;      - outArr[4][9]~reg0   ; 1                 ; ON      ;
;      - outArr[4][10]~reg0  ; 1                 ; ON      ;
;      - outArr[4][11]~reg0  ; 1                 ; ON      ;
;      - outArr[4][12]~reg0  ; 1                 ; ON      ;
;      - outArr[4][13]~reg0  ; 1                 ; ON      ;
;      - outArr[4][14]~reg0  ; 1                 ; ON      ;
;      - outArr[4][15]~reg0  ; 1                 ; ON      ;
;      - outArr[4][16]~reg0  ; 1                 ; ON      ;
;      - outArr[4][17]~reg0  ; 1                 ; ON      ;
;      - outArr[4][18]~reg0  ; 1                 ; ON      ;
;      - outArr[4][19]~reg0  ; 1                 ; ON      ;
;      - outArr[4][20]~reg0  ; 1                 ; ON      ;
;      - outArr[4][21]~reg0  ; 1                 ; ON      ;
;      - outArr[4][22]~reg0  ; 1                 ; ON      ;
;      - outArr[4][23]~reg0  ; 1                 ; ON      ;
;      - outArr[4][24]~reg0  ; 1                 ; ON      ;
;      - outArr[4][25]~reg0  ; 1                 ; ON      ;
;      - outArr[4][26]~reg0  ; 1                 ; ON      ;
;      - outArr[4][27]~reg0  ; 1                 ; ON      ;
;      - outArr[4][28]~reg0  ; 1                 ; ON      ;
;      - outArr[4][29]~reg0  ; 1                 ; ON      ;
;      - outArr[4][30]~reg0  ; 1                 ; ON      ;
;      - outArr[4][31]~reg0  ; 1                 ; ON      ;
;      - outArr[3][0]~reg0   ; 1                 ; ON      ;
;      - outArr[3][1]~reg0   ; 1                 ; ON      ;
;      - outArr[3][2]~reg0   ; 1                 ; ON      ;
;      - outArr[3][3]~reg0   ; 1                 ; ON      ;
;      - outArr[3][4]~reg0   ; 1                 ; ON      ;
;      - outArr[3][5]~reg0   ; 1                 ; ON      ;
;      - outArr[3][6]~reg0   ; 1                 ; ON      ;
;      - outArr[3][7]~reg0   ; 1                 ; ON      ;
;      - outArr[3][8]~reg0   ; 1                 ; ON      ;
;      - outArr[3][9]~reg0   ; 1                 ; ON      ;
;      - outArr[3][10]~reg0  ; 1                 ; ON      ;
;      - outArr[3][11]~reg0  ; 1                 ; ON      ;
;      - outArr[3][12]~reg0  ; 1                 ; ON      ;
;      - outArr[3][13]~reg0  ; 1                 ; ON      ;
;      - outArr[3][14]~reg0  ; 1                 ; ON      ;
;      - outArr[3][15]~reg0  ; 1                 ; ON      ;
;      - outArr[3][16]~reg0  ; 1                 ; ON      ;
;      - outArr[3][17]~reg0  ; 1                 ; ON      ;
;      - outArr[3][18]~reg0  ; 1                 ; ON      ;
;      - outArr[3][19]~reg0  ; 1                 ; ON      ;
;      - outArr[3][20]~reg0  ; 1                 ; ON      ;
;      - outArr[3][21]~reg0  ; 1                 ; ON      ;
;      - outArr[3][22]~reg0  ; 1                 ; ON      ;
;      - outArr[3][23]~reg0  ; 1                 ; ON      ;
;      - outArr[3][24]~reg0  ; 1                 ; ON      ;
;      - outArr[3][25]~reg0  ; 1                 ; ON      ;
;      - outArr[3][26]~reg0  ; 1                 ; ON      ;
;      - outArr[3][27]~reg0  ; 1                 ; ON      ;
;      - outArr[3][28]~reg0  ; 1                 ; ON      ;
;      - outArr[3][29]~reg0  ; 1                 ; ON      ;
;      - outArr[3][30]~reg0  ; 1                 ; ON      ;
;      - outArr[3][31]~reg0  ; 1                 ; ON      ;
;      - outArr[2][0]~reg0   ; 1                 ; ON      ;
;      - outArr[2][1]~reg0   ; 1                 ; ON      ;
;      - outArr[2][2]~reg0   ; 1                 ; ON      ;
;      - outArr[2][3]~reg0   ; 1                 ; ON      ;
;      - outArr[2][4]~reg0   ; 1                 ; ON      ;
;      - outArr[2][5]~reg0   ; 1                 ; ON      ;
;      - outArr[2][6]~reg0   ; 1                 ; ON      ;
;      - outArr[2][7]~reg0   ; 1                 ; ON      ;
;      - outArr[2][8]~reg0   ; 1                 ; ON      ;
;      - outArr[2][9]~reg0   ; 1                 ; ON      ;
;      - outArr[2][10]~reg0  ; 1                 ; ON      ;
;      - outArr[2][11]~reg0  ; 1                 ; ON      ;
;      - outArr[2][12]~reg0  ; 1                 ; ON      ;
;      - outArr[2][13]~reg0  ; 1                 ; ON      ;
;      - outArr[2][14]~reg0  ; 1                 ; ON      ;
;      - outArr[2][15]~reg0  ; 1                 ; ON      ;
;      - outArr[2][16]~reg0  ; 1                 ; ON      ;
;      - outArr[2][17]~reg0  ; 1                 ; ON      ;
;      - outArr[2][18]~reg0  ; 1                 ; ON      ;
;      - outArr[2][19]~reg0  ; 1                 ; ON      ;
;      - outArr[2][20]~reg0  ; 1                 ; ON      ;
;      - outArr[2][21]~reg0  ; 1                 ; ON      ;
;      - outArr[2][22]~reg0  ; 1                 ; ON      ;
;      - outArr[2][23]~reg0  ; 1                 ; ON      ;
;      - outArr[2][24]~reg0  ; 1                 ; ON      ;
;      - outArr[2][25]~reg0  ; 1                 ; ON      ;
;      - outArr[2][26]~reg0  ; 1                 ; ON      ;
;      - outArr[2][27]~reg0  ; 1                 ; ON      ;
;      - outArr[2][28]~reg0  ; 1                 ; ON      ;
;      - outArr[2][29]~reg0  ; 1                 ; ON      ;
;      - outArr[2][30]~reg0  ; 1                 ; ON      ;
;      - outArr[2][31]~reg0  ; 1                 ; ON      ;
;      - outArr[1][0]~reg0   ; 1                 ; ON      ;
;      - outArr[1][1]~reg0   ; 1                 ; ON      ;
;      - outArr[1][2]~reg0   ; 1                 ; ON      ;
;      - outArr[1][3]~reg0   ; 1                 ; ON      ;
;      - outArr[1][4]~reg0   ; 1                 ; ON      ;
;      - outArr[1][5]~reg0   ; 1                 ; ON      ;
;      - outArr[1][6]~reg0   ; 1                 ; ON      ;
;      - outArr[1][7]~reg0   ; 1                 ; ON      ;
;      - outArr[1][8]~reg0   ; 1                 ; ON      ;
;      - outArr[1][9]~reg0   ; 1                 ; ON      ;
;      - outArr[1][10]~reg0  ; 1                 ; ON      ;
;      - outArr[1][11]~reg0  ; 1                 ; ON      ;
;      - outArr[1][12]~reg0  ; 1                 ; ON      ;
;      - outArr[1][13]~reg0  ; 1                 ; ON      ;
;      - outArr[1][14]~reg0  ; 1                 ; ON      ;
;      - outArr[1][15]~reg0  ; 1                 ; ON      ;
;      - outArr[1][16]~reg0  ; 1                 ; ON      ;
;      - outArr[1][17]~reg0  ; 1                 ; ON      ;
;      - outArr[1][18]~reg0  ; 1                 ; ON      ;
;      - outArr[1][19]~reg0  ; 1                 ; ON      ;
;      - outArr[1][20]~reg0  ; 1                 ; ON      ;
;      - outArr[1][21]~reg0  ; 1                 ; ON      ;
;      - outArr[1][22]~reg0  ; 1                 ; ON      ;
;      - outArr[1][23]~reg0  ; 1                 ; ON      ;
;      - outArr[1][24]~reg0  ; 1                 ; ON      ;
;      - outArr[1][25]~reg0  ; 1                 ; ON      ;
;      - outArr[1][26]~reg0  ; 1                 ; ON      ;
;      - outArr[1][27]~reg0  ; 1                 ; ON      ;
;      - outArr[1][28]~reg0  ; 1                 ; ON      ;
;      - outArr[1][29]~reg0  ; 1                 ; ON      ;
;      - outArr[1][30]~reg0  ; 1                 ; ON      ;
;      - outArr[1][31]~reg0  ; 1                 ; ON      ;
;      - outArr[0][0]~reg0   ; 1                 ; ON      ;
;      - outArr[0][1]~reg0   ; 1                 ; ON      ;
;      - outArr[0][2]~reg0   ; 1                 ; ON      ;
;      - outArr[0][3]~reg0   ; 1                 ; ON      ;
;      - outArr[0][4]~reg0   ; 1                 ; ON      ;
;      - outArr[0][5]~reg0   ; 1                 ; ON      ;
;      - outArr[0][6]~reg0   ; 1                 ; ON      ;
;      - outArr[0][7]~reg0   ; 1                 ; ON      ;
;      - outArr[0][8]~reg0   ; 1                 ; ON      ;
;      - outArr[0][9]~reg0   ; 1                 ; ON      ;
;      - outArr[0][10]~reg0  ; 1                 ; ON      ;
;      - outArr[0][11]~reg0  ; 1                 ; ON      ;
;      - outArr[0][12]~reg0  ; 1                 ; ON      ;
;      - outArr[0][13]~reg0  ; 1                 ; ON      ;
;      - outArr[0][14]~reg0  ; 1                 ; ON      ;
;      - outArr[0][15]~reg0  ; 1                 ; ON      ;
;      - outArr[0][16]~reg0  ; 1                 ; ON      ;
;      - outArr[0][17]~reg0  ; 1                 ; ON      ;
;      - outArr[0][18]~reg0  ; 1                 ; ON      ;
;      - outArr[0][19]~reg0  ; 1                 ; ON      ;
;      - outArr[0][20]~reg0  ; 1                 ; ON      ;
;      - outArr[0][21]~reg0  ; 1                 ; ON      ;
;      - outArr[0][22]~reg0  ; 1                 ; ON      ;
;      - outArr[0][23]~reg0  ; 1                 ; ON      ;
;      - outArr[0][24]~reg0  ; 1                 ; ON      ;
;      - outArr[0][25]~reg0  ; 1                 ; ON      ;
;      - outArr[0][26]~reg0  ; 1                 ; ON      ;
;      - outArr[0][27]~reg0  ; 1                 ; ON      ;
;      - outArr[0][28]~reg0  ; 1                 ; ON      ;
;      - outArr[0][29]~reg0  ; 1                 ; ON      ;
;      - outArr[0][30]~reg0  ; 1                 ; ON      ;
;      - outArr[0][31]~reg0  ; 1                 ; ON      ;
;      - blocking            ; 1                 ; ON      ;
;      - i[2]                ; 1                 ; ON      ;
;      - i[1]                ; 1                 ; ON      ;
;      - i[0]                ; 1                 ; ON      ;
;      - outArr[2][18]~4680  ; 1                 ; ON      ;
;      - localArr[7][1]      ; 1                 ; ON      ;
;      - localArr[7][2]      ; 1                 ; ON      ;
;      - localArr[7][3]      ; 1                 ; ON      ;
;      - localArr[7][4]      ; 1                 ; ON      ;
;      - localArr[7][5]      ; 1                 ; ON      ;
;      - localArr[7][6]      ; 1                 ; ON      ;
;      - localArr[7][7]      ; 1                 ; ON      ;
;      - localArr[7][8]      ; 1                 ; ON      ;
;      - localArr[7][9]      ; 1                 ; ON      ;
;      - localArr[7][10]     ; 1                 ; ON      ;
;      - localArr[7][11]     ; 1                 ; ON      ;
;      - localArr[7][12]     ; 1                 ; ON      ;
;      - localArr[7][13]     ; 1                 ; ON      ;
;      - localArr[7][14]     ; 1                 ; ON      ;
;      - localArr[7][15]     ; 1                 ; ON      ;
;      - localArr[7][16]     ; 1                 ; ON      ;
;      - localArr[7][17]     ; 1                 ; ON      ;
;      - localArr[7][18]     ; 1                 ; ON      ;
;      - localArr[7][19]     ; 1                 ; ON      ;
;      - localArr[7][20]     ; 1                 ; ON      ;
;      - localArr[7][21]     ; 1                 ; ON      ;
;      - localArr[7][22]     ; 1                 ; ON      ;
;      - localArr[7][23]     ; 1                 ; ON      ;
;      - localArr[7][24]     ; 1                 ; ON      ;
;      - localArr[7][25]     ; 1                 ; ON      ;
;      - localArr[7][26]     ; 1                 ; ON      ;
;      - localArr[7][27]     ; 1                 ; ON      ;
;      - localArr[7][28]     ; 1                 ; ON      ;
;      - localArr[7][29]     ; 1                 ; ON      ;
;      - localArr[7][30]     ; 1                 ; ON      ;
;      - localArr[7][31]     ; 1                 ; ON      ;
;      - localArr[6][0]      ; 1                 ; ON      ;
;      - localArr[6][1]      ; 1                 ; ON      ;
;      - localArr[6][2]      ; 1                 ; ON      ;
;      - localArr[6][3]      ; 1                 ; ON      ;
;      - localArr[6][4]      ; 1                 ; ON      ;
;      - localArr[6][5]      ; 1                 ; ON      ;
;      - localArr[6][6]      ; 1                 ; ON      ;
;      - localArr[6][7]      ; 1                 ; ON      ;
;      - localArr[6][8]      ; 1                 ; ON      ;
;      - localArr[6][9]      ; 1                 ; ON      ;
;      - localArr[6][10]     ; 1                 ; ON      ;
;      - localArr[6][11]     ; 1                 ; ON      ;
;      - localArr[6][12]     ; 1                 ; ON      ;
;      - localArr[6][13]     ; 1                 ; ON      ;
;      - localArr[6][14]     ; 1                 ; ON      ;
;      - localArr[6][15]     ; 1                 ; ON      ;
;      - localArr[6][16]     ; 1                 ; ON      ;
;      - localArr[6][17]     ; 1                 ; ON      ;
;      - localArr[6][18]     ; 1                 ; ON      ;
;      - localArr[6][19]     ; 1                 ; ON      ;
;      - localArr[6][20]     ; 1                 ; ON      ;
;      - localArr[6][21]     ; 1                 ; ON      ;
;      - localArr[6][22]     ; 1                 ; ON      ;
;      - localArr[6][23]     ; 1                 ; ON      ;
;      - localArr[6][24]     ; 1                 ; ON      ;
;      - localArr[6][25]     ; 1                 ; ON      ;
;      - localArr[6][26]     ; 1                 ; ON      ;
;      - localArr[6][27]     ; 1                 ; ON      ;
;      - localArr[6][28]     ; 1                 ; ON      ;
;      - localArr[6][29]     ; 1                 ; ON      ;
;      - localArr[6][30]     ; 1                 ; ON      ;
;      - localArr[6][31]     ; 1                 ; ON      ;
;      - localArr[5][0]      ; 1                 ; ON      ;
;      - localArr[5][1]      ; 1                 ; ON      ;
;      - localArr[5][2]      ; 1                 ; ON      ;
;      - localArr[5][3]      ; 1                 ; ON      ;
;      - localArr[5][4]      ; 1                 ; ON      ;
;      - localArr[5][5]      ; 1                 ; ON      ;
;      - localArr[5][6]      ; 1                 ; ON      ;
;      - localArr[5][7]      ; 1                 ; ON      ;
;      - localArr[5][8]      ; 1                 ; ON      ;
;      - localArr[5][9]      ; 1                 ; ON      ;
;      - localArr[5][10]     ; 1                 ; ON      ;
;      - localArr[5][11]     ; 1                 ; ON      ;
;      - localArr[5][12]     ; 1                 ; ON      ;
;      - localArr[5][13]     ; 1                 ; ON      ;
;      - localArr[5][14]     ; 1                 ; ON      ;
;      - localArr[5][15]     ; 1                 ; ON      ;
;      - localArr[5][16]     ; 1                 ; ON      ;
;      - localArr[5][17]     ; 1                 ; ON      ;
;      - localArr[5][18]     ; 1                 ; ON      ;
;      - localArr[5][19]     ; 1                 ; ON      ;
;      - localArr[5][20]     ; 1                 ; ON      ;
;      - localArr[5][21]     ; 1                 ; ON      ;
;      - localArr[5][22]     ; 1                 ; ON      ;
;      - localArr[5][23]     ; 1                 ; ON      ;
;      - localArr[5][24]     ; 1                 ; ON      ;
;      - localArr[5][25]     ; 1                 ; ON      ;
;      - localArr[5][26]     ; 1                 ; ON      ;
;      - localArr[5][27]     ; 1                 ; ON      ;
;      - localArr[5][28]     ; 1                 ; ON      ;
;      - localArr[5][29]     ; 1                 ; ON      ;
;      - localArr[5][30]     ; 1                 ; ON      ;
;      - localArr[5][31]     ; 1                 ; ON      ;
;      - localArr[4][0]      ; 1                 ; ON      ;
;      - localArr[4][1]      ; 1                 ; ON      ;
;      - localArr[4][2]      ; 1                 ; ON      ;
;      - localArr[4][3]      ; 1                 ; ON      ;
;      - localArr[4][4]      ; 1                 ; ON      ;
;      - localArr[4][5]      ; 1                 ; ON      ;
;      - localArr[4][6]      ; 1                 ; ON      ;
;      - localArr[4][7]      ; 1                 ; ON      ;
;      - localArr[4][8]      ; 1                 ; ON      ;
;      - localArr[4][9]      ; 1                 ; ON      ;
;      - localArr[4][10]     ; 1                 ; ON      ;
;      - localArr[4][11]     ; 1                 ; ON      ;
;      - localArr[4][12]     ; 1                 ; ON      ;
;      - localArr[4][13]     ; 1                 ; ON      ;
;      - localArr[4][14]     ; 1                 ; ON      ;
;      - localArr[4][15]     ; 1                 ; ON      ;
;      - localArr[4][16]     ; 1                 ; ON      ;
;      - localArr[4][17]     ; 1                 ; ON      ;
;      - localArr[4][18]     ; 1                 ; ON      ;
;      - localArr[4][19]     ; 1                 ; ON      ;
;      - localArr[4][20]     ; 1                 ; ON      ;
;      - localArr[4][21]     ; 1                 ; ON      ;
;      - localArr[4][22]     ; 1                 ; ON      ;
;      - localArr[4][23]     ; 1                 ; ON      ;
;      - localArr[4][24]     ; 1                 ; ON      ;
;      - localArr[4][25]     ; 1                 ; ON      ;
;      - localArr[4][26]     ; 1                 ; ON      ;
;      - localArr[4][27]     ; 1                 ; ON      ;
;      - localArr[4][28]     ; 1                 ; ON      ;
;      - localArr[4][29]     ; 1                 ; ON      ;
;      - localArr[4][30]     ; 1                 ; ON      ;
;      - localArr[4][31]     ; 1                 ; ON      ;
;      - localArr[3][0]      ; 1                 ; ON      ;
;      - localArr[3][1]      ; 1                 ; ON      ;
;      - localArr[3][2]      ; 1                 ; ON      ;
;      - localArr[3][3]      ; 1                 ; ON      ;
;      - localArr[3][4]      ; 1                 ; ON      ;
;      - localArr[3][5]      ; 1                 ; ON      ;
;      - localArr[3][6]      ; 1                 ; ON      ;
;      - localArr[3][7]      ; 1                 ; ON      ;
;      - localArr[3][8]      ; 1                 ; ON      ;
;      - localArr[3][9]      ; 1                 ; ON      ;
;      - localArr[3][10]     ; 1                 ; ON      ;
;      - localArr[3][11]     ; 1                 ; ON      ;
;      - localArr[3][12]     ; 1                 ; ON      ;
;      - localArr[3][13]     ; 1                 ; ON      ;
;      - localArr[3][14]     ; 1                 ; ON      ;
;      - localArr[3][15]     ; 1                 ; ON      ;
;      - localArr[3][16]     ; 1                 ; ON      ;
;      - localArr[3][17]     ; 1                 ; ON      ;
;      - localArr[3][18]     ; 1                 ; ON      ;
;      - localArr[3][19]     ; 1                 ; ON      ;
;      - localArr[3][20]     ; 1                 ; ON      ;
;      - localArr[3][21]     ; 1                 ; ON      ;
;      - localArr[3][22]     ; 1                 ; ON      ;
;      - localArr[3][23]     ; 1                 ; ON      ;
;      - localArr[3][24]     ; 1                 ; ON      ;
;      - localArr[3][25]     ; 1                 ; ON      ;
;      - localArr[3][26]     ; 1                 ; ON      ;
;      - localArr[3][27]     ; 1                 ; ON      ;
;      - localArr[3][28]     ; 1                 ; ON      ;
;      - localArr[3][29]     ; 1                 ; ON      ;
;      - localArr[3][30]     ; 1                 ; ON      ;
;      - localArr[3][31]     ; 1                 ; ON      ;
;      - localArr[2][0]      ; 1                 ; ON      ;
;      - localArr[2][1]      ; 1                 ; ON      ;
;      - localArr[2][2]      ; 1                 ; ON      ;
;      - localArr[2][3]      ; 1                 ; ON      ;
;      - localArr[2][4]      ; 1                 ; ON      ;
;      - localArr[2][5]      ; 1                 ; ON      ;
;      - localArr[2][6]      ; 1                 ; ON      ;
;      - localArr[2][7]      ; 1                 ; ON      ;
;      - localArr[2][8]      ; 1                 ; ON      ;
;      - localArr[2][9]      ; 1                 ; ON      ;
;      - localArr[2][10]     ; 1                 ; ON      ;
;      - localArr[2][11]     ; 1                 ; ON      ;
;      - localArr[2][12]     ; 1                 ; ON      ;
;      - localArr[2][13]     ; 1                 ; ON      ;
;      - localArr[2][14]     ; 1                 ; ON      ;
;      - localArr[2][15]     ; 1                 ; ON      ;
;      - localArr[2][16]     ; 1                 ; ON      ;
;      - localArr[2][17]     ; 1                 ; ON      ;
;      - localArr[2][18]     ; 1                 ; ON      ;
;      - localArr[2][19]     ; 1                 ; ON      ;
;      - localArr[2][20]     ; 1                 ; ON      ;
;      - localArr[2][21]     ; 1                 ; ON      ;
;      - localArr[2][22]     ; 1                 ; ON      ;
;      - localArr[2][23]     ; 1                 ; ON      ;
;      - localArr[2][24]     ; 1                 ; ON      ;
;      - localArr[2][25]     ; 1                 ; ON      ;
;      - localArr[2][26]     ; 1                 ; ON      ;
;      - localArr[2][27]     ; 1                 ; ON      ;
;      - localArr[2][28]     ; 1                 ; ON      ;
;      - localArr[2][29]     ; 1                 ; ON      ;
;      - localArr[2][30]     ; 1                 ; ON      ;
;      - localArr[2][31]     ; 1                 ; ON      ;
;      - localArr[1][0]      ; 1                 ; ON      ;
;      - localArr[1][1]      ; 1                 ; ON      ;
;      - localArr[1][2]      ; 1                 ; ON      ;
;      - localArr[1][3]      ; 1                 ; ON      ;
;      - localArr[1][4]      ; 1                 ; ON      ;
;      - localArr[1][5]      ; 1                 ; ON      ;
;      - localArr[1][6]      ; 1                 ; ON      ;
;      - localArr[1][7]      ; 1                 ; ON      ;
;      - localArr[1][8]      ; 1                 ; ON      ;
;      - localArr[1][9]      ; 1                 ; ON      ;
;      - localArr[1][10]     ; 1                 ; ON      ;
;      - localArr[1][11]     ; 1                 ; ON      ;
;      - localArr[1][12]     ; 1                 ; ON      ;
;      - localArr[1][13]     ; 1                 ; ON      ;
;      - localArr[1][14]     ; 1                 ; ON      ;
;      - localArr[1][15]     ; 1                 ; ON      ;
;      - localArr[1][16]     ; 1                 ; ON      ;
;      - localArr[1][17]     ; 1                 ; ON      ;
;      - localArr[1][18]     ; 1                 ; ON      ;
;      - localArr[1][19]     ; 1                 ; ON      ;
;      - localArr[1][20]     ; 1                 ; ON      ;
;      - localArr[1][21]     ; 1                 ; ON      ;
;      - localArr[1][22]     ; 1                 ; ON      ;
;      - localArr[1][23]     ; 1                 ; ON      ;
;      - localArr[1][24]     ; 1                 ; ON      ;
;      - localArr[1][25]     ; 1                 ; ON      ;
;      - localArr[1][26]     ; 1                 ; ON      ;
;      - localArr[1][27]     ; 1                 ; ON      ;
;      - localArr[1][28]     ; 1                 ; ON      ;
;      - localArr[1][29]     ; 1                 ; ON      ;
;      - localArr[1][30]     ; 1                 ; ON      ;
;      - localArr[1][31]     ; 1                 ; ON      ;
;      - localArr[0][0]      ; 1                 ; ON      ;
;      - localArr[0][1]      ; 1                 ; ON      ;
;      - localArr[0][2]      ; 1                 ; ON      ;
;      - localArr[0][3]      ; 1                 ; ON      ;
;      - localArr[0][4]      ; 1                 ; ON      ;
;      - localArr[0][5]      ; 1                 ; ON      ;
;      - localArr[0][6]      ; 1                 ; ON      ;
;      - localArr[0][7]      ; 1                 ; ON      ;
;      - localArr[0][8]      ; 1                 ; ON      ;
;      - localArr[0][9]      ; 1                 ; ON      ;
;      - localArr[0][10]     ; 1                 ; ON      ;
;      - localArr[0][11]     ; 1                 ; ON      ;
;      - localArr[0][12]     ; 1                 ; ON      ;
;      - localArr[0][13]     ; 1                 ; ON      ;
;      - localArr[0][14]     ; 1                 ; ON      ;
;      - localArr[0][15]     ; 1                 ; ON      ;
;      - localArr[0][16]     ; 1                 ; ON      ;
;      - localArr[0][17]     ; 1                 ; ON      ;
;      - localArr[0][18]     ; 1                 ; ON      ;
;      - localArr[0][19]     ; 1                 ; ON      ;
;      - localArr[0][20]     ; 1                 ; ON      ;
;      - localArr[0][21]     ; 1                 ; ON      ;
;      - localArr[0][22]     ; 1                 ; ON      ;
;      - localArr[0][23]     ; 1                 ; ON      ;
;      - localArr[0][24]     ; 1                 ; ON      ;
;      - localArr[0][25]     ; 1                 ; ON      ;
;      - localArr[0][26]     ; 1                 ; ON      ;
;      - localArr[0][27]     ; 1                 ; ON      ;
;      - localArr[0][28]     ; 1                 ; ON      ;
;      - localArr[0][29]     ; 1                 ; ON      ;
;      - localArr[0][30]     ; 1                 ; ON      ;
;      - localArr[0][31]     ; 1                 ; ON      ;
;      - j[2]                ; 1                 ; ON      ;
;      - j[0]                ; 1                 ; ON      ;
;      - j[1]                ; 1                 ; ON      ;
;      - j[3]                ; 1                 ; ON      ;
;      - localArr[7][0]~3962 ; 1                 ; ON      ;
;      - j[2]~230            ; 1                 ; ON      ;
;      - i[2]~130            ; 1                 ; ON      ;
;      - localArr[6][0]~3963 ; 1                 ; ON      ;
;      - localArr[6][0]~3964 ; 1                 ; ON      ;
;      - localArr[5][0]~3966 ; 1                 ; ON      ;
;      - localArr[4][0]~3967 ; 1                 ; ON      ;
;      - localArr[4][0]~3968 ; 1                 ; ON      ;
;      - localArr[3][0]~3970 ; 1                 ; ON      ;
;      - localArr[2][0]~3971 ; 1                 ; ON      ;
;      - localArr[2][0]~3972 ; 1                 ; ON      ;
;      - localArr[1][0]~3973 ; 1                 ; ON      ;
;      - localArr[0][0]~3974 ; 1                 ; ON      ;
; clk                        ;                   ;         ;
; inArr[7][0]                ;                   ;         ;
;      - localArr[7][0]      ; 0                 ; ON      ;
; inArr[7][1]                ;                   ;         ;
;      - localArr[7][1]      ; 1                 ; ON      ;
; inArr[7][2]                ;                   ;         ;
;      - localArr[7][2]      ; 1                 ; ON      ;
; inArr[7][3]                ;                   ;         ;
;      - localArr[7][3]      ; 0                 ; ON      ;
; inArr[7][4]                ;                   ;         ;
;      - localArr[7][4]      ; 1                 ; ON      ;
; inArr[7][5]                ;                   ;         ;
;      - localArr[7][5]      ; 0                 ; ON      ;
; inArr[7][6]                ;                   ;         ;
;      - localArr[7][6]      ; 0                 ; ON      ;
; inArr[7][7]                ;                   ;         ;
;      - localArr[7][7]      ; 1                 ; ON      ;
; inArr[7][8]                ;                   ;         ;
;      - localArr[7][8]      ; 0                 ; ON      ;
; inArr[7][9]                ;                   ;         ;
;      - localArr[7][9]      ; 0                 ; ON      ;
; inArr[7][10]               ;                   ;         ;
;      - localArr[7][10]     ; 1                 ; ON      ;
; inArr[7][11]               ;                   ;         ;
;      - localArr[7][11]     ; 1                 ; ON      ;
; inArr[7][12]               ;                   ;         ;
;      - localArr[7][12]     ; 0                 ; ON      ;
; inArr[7][13]               ;                   ;         ;
;      - localArr[7][13]     ; 1                 ; ON      ;
; inArr[7][14]               ;                   ;         ;
;      - localArr[7][14]     ; 0                 ; ON      ;
; inArr[7][15]               ;                   ;         ;
;      - localArr[7][15]     ; 0                 ; ON      ;
; inArr[7][16]               ;                   ;         ;
;      - localArr[7][16]     ; 1                 ; ON      ;
; inArr[7][17]               ;                   ;         ;
;      - localArr[7][17]     ; 0                 ; ON      ;
; inArr[7][18]               ;                   ;         ;
;      - localArr[7][18]     ; 0                 ; ON      ;
; inArr[7][19]               ;                   ;         ;
;      - localArr[7][19]     ; 0                 ; ON      ;
; inArr[7][20]               ;                   ;         ;
;      - localArr[7][20]     ; 1                 ; ON      ;
; inArr[7][21]               ;                   ;         ;
;      - localArr[7][21]     ; 1                 ; ON      ;
; inArr[7][22]               ;                   ;         ;
;      - localArr[7][22]     ; 1                 ; ON      ;
; inArr[7][23]               ;                   ;         ;
;      - localArr[7][23]     ; 0                 ; ON      ;
; inArr[7][24]               ;                   ;         ;
;      - localArr[7][24]     ; 0                 ; ON      ;
; inArr[7][25]               ;                   ;         ;
;      - localArr[7][25]     ; 1                 ; ON      ;
; inArr[7][26]               ;                   ;         ;
;      - localArr[7][26]     ; 1                 ; ON      ;
; inArr[7][27]               ;                   ;         ;
;      - localArr[7][27]     ; 0                 ; ON      ;
; inArr[7][28]               ;                   ;         ;
;      - localArr[7][28]     ; 1                 ; ON      ;
; inArr[7][29]               ;                   ;         ;
;      - localArr[7][29]     ; 1                 ; ON      ;
; inArr[7][30]               ;                   ;         ;
;      - localArr[7][30]     ; 0                 ; ON      ;
; inArr[7][31]               ;                   ;         ;
;      - localArr[7][31]     ; 0                 ; ON      ;
; inArr[6][0]                ;                   ;         ;
;      - localArr[6][0]      ; 0                 ; ON      ;
; inArr[6][1]                ;                   ;         ;
;      - localArr[6][1]      ; 0                 ; ON      ;
; inArr[6][2]                ;                   ;         ;
;      - localArr[6][2]      ; 0                 ; ON      ;
; inArr[6][3]                ;                   ;         ;
;      - localArr[6][3]      ; 0                 ; ON      ;
; inArr[6][4]                ;                   ;         ;
;      - localArr[6][4]      ; 1                 ; ON      ;
; inArr[6][5]                ;                   ;         ;
;      - localArr[6][5]      ; 0                 ; ON      ;
; inArr[6][6]                ;                   ;         ;
;      - localArr[6][6]      ; 0                 ; ON      ;
; inArr[6][7]                ;                   ;         ;
;      - localArr[6][7]      ; 0                 ; ON      ;
; inArr[6][8]                ;                   ;         ;
;      - localArr[6][8]      ; 1                 ; ON      ;
; inArr[6][9]                ;                   ;         ;
;      - localArr[6][9]      ; 1                 ; ON      ;
; inArr[6][10]               ;                   ;         ;
;      - localArr[6][10]     ; 0                 ; ON      ;
; inArr[6][11]               ;                   ;         ;
;      - localArr[6][11]     ; 0                 ; ON      ;
; inArr[6][12]               ;                   ;         ;
;      - localArr[6][12]     ; 0                 ; ON      ;
; inArr[6][13]               ;                   ;         ;
;      - localArr[6][13]     ; 1                 ; ON      ;
; inArr[6][14]               ;                   ;         ;
;      - localArr[6][14]     ; 1                 ; ON      ;
; inArr[6][15]               ;                   ;         ;
;      - localArr[6][15]     ; 1                 ; ON      ;
; inArr[6][16]               ;                   ;         ;
;      - localArr[6][16]     ; 0                 ; ON      ;
; inArr[6][17]               ;                   ;         ;
;      - localArr[6][17]     ; 0                 ; ON      ;
; inArr[6][18]               ;                   ;         ;
;      - localArr[6][18]     ; 1                 ; ON      ;
; inArr[6][19]               ;                   ;         ;
;      - localArr[6][19]     ; 1                 ; ON      ;
; inArr[6][20]               ;                   ;         ;
;      - localArr[6][20]     ; 0                 ; ON      ;
; inArr[6][21]               ;                   ;         ;
;      - localArr[6][21]     ; 0                 ; ON      ;
; inArr[6][22]               ;                   ;         ;
;      - localArr[6][22]     ; 1                 ; ON      ;
; inArr[6][23]               ;                   ;         ;
;      - localArr[6][23]     ; 1                 ; ON      ;
; inArr[6][24]               ;                   ;         ;
;      - localArr[6][24]     ; 0                 ; ON      ;
; inArr[6][25]               ;                   ;         ;
;      - localArr[6][25]     ; 0                 ; ON      ;
; inArr[6][26]               ;                   ;         ;
;      - localArr[6][26]     ; 1                 ; ON      ;
; inArr[6][27]               ;                   ;         ;
;      - localArr[6][27]     ; 1                 ; ON      ;
; inArr[6][28]               ;                   ;         ;
;      - localArr[6][28]     ; 0                 ; ON      ;
; inArr[6][29]               ;                   ;         ;
;      - localArr[6][29]     ; 1                 ; ON      ;
; inArr[6][30]               ;                   ;         ;
;      - localArr[6][30]     ; 0                 ; ON      ;
; inArr[6][31]               ;                   ;         ;
;      - localArr[6][31]     ; 1                 ; ON      ;
; inArr[5][0]                ;                   ;         ;
;      - localArr[5][0]      ; 1                 ; ON      ;
; inArr[5][1]                ;                   ;         ;
;      - localArr[5][1]      ; 0                 ; ON      ;
; inArr[5][2]                ;                   ;         ;
;      - localArr[5][2]      ; 1                 ; ON      ;
; inArr[5][3]                ;                   ;         ;
;      - localArr[5][3]      ; 0                 ; ON      ;
; inArr[5][4]                ;                   ;         ;
;      - localArr[5][4]      ; 1                 ; ON      ;
; inArr[5][5]                ;                   ;         ;
;      - localArr[5][5]      ; 1                 ; ON      ;
; inArr[5][6]                ;                   ;         ;
;      - localArr[5][6]      ; 0                 ; ON      ;
; inArr[5][7]                ;                   ;         ;
;      - localArr[5][7]      ; 0                 ; ON      ;
; inArr[5][8]                ;                   ;         ;
;      - localArr[5][8]      ; 0                 ; ON      ;
; inArr[5][9]                ;                   ;         ;
;      - localArr[5][9]      ; 0                 ; ON      ;
; inArr[5][10]               ;                   ;         ;
;      - localArr[5][10]     ; 0                 ; ON      ;
; inArr[5][11]               ;                   ;         ;
;      - localArr[5][11]     ; 0                 ; ON      ;
; inArr[5][12]               ;                   ;         ;
;      - localArr[5][12]     ; 0                 ; ON      ;
; inArr[5][13]               ;                   ;         ;
;      - localArr[5][13]     ; 1                 ; ON      ;
; inArr[5][14]               ;                   ;         ;
;      - localArr[5][14]     ; 0                 ; ON      ;
; inArr[5][15]               ;                   ;         ;
;      - localArr[5][15]     ; 0                 ; ON      ;
; inArr[5][16]               ;                   ;         ;
;      - localArr[5][16]     ; 1                 ; ON      ;
; inArr[5][17]               ;                   ;         ;
;      - localArr[5][17]     ; 1                 ; ON      ;
; inArr[5][18]               ;                   ;         ;
;      - localArr[5][18]     ; 1                 ; ON      ;
; inArr[5][19]               ;                   ;         ;
;      - localArr[5][19]     ; 1                 ; ON      ;
; inArr[5][20]               ;                   ;         ;
;      - localArr[5][20]     ; 1                 ; ON      ;
; inArr[5][21]               ;                   ;         ;
;      - localArr[5][21]     ; 1                 ; ON      ;
; inArr[5][22]               ;                   ;         ;
;      - localArr[5][22]     ; 1                 ; ON      ;
; inArr[5][23]               ;                   ;         ;
;      - localArr[5][23]     ; 1                 ; ON      ;
; inArr[5][24]               ;                   ;         ;
;      - localArr[5][24]     ; 0                 ; ON      ;
; inArr[5][25]               ;                   ;         ;
;      - localArr[5][25]     ; 0                 ; ON      ;
; inArr[5][26]               ;                   ;         ;
;      - localArr[5][26]     ; 1                 ; ON      ;
; inArr[5][27]               ;                   ;         ;
;      - localArr[5][27]     ; 1                 ; ON      ;
; inArr[5][28]               ;                   ;         ;
;      - localArr[5][28]     ; 1                 ; ON      ;
; inArr[5][29]               ;                   ;         ;
;      - localArr[5][29]     ; 0                 ; ON      ;
; inArr[5][30]               ;                   ;         ;
;      - localArr[5][30]     ; 0                 ; ON      ;
; inArr[5][31]               ;                   ;         ;
;      - localArr[5][31]     ; 0                 ; ON      ;
; inArr[4][0]                ;                   ;         ;
;      - localArr[4][0]      ; 1                 ; ON      ;
; inArr[4][1]                ;                   ;         ;
;      - localArr[4][1]      ; 0                 ; ON      ;
; inArr[4][2]                ;                   ;         ;
;      - localArr[4][2]      ; 0                 ; ON      ;
; inArr[4][3]                ;                   ;         ;
;      - localArr[4][3]      ; 1                 ; ON      ;
; inArr[4][4]                ;                   ;         ;
;      - localArr[4][4]      ; 0                 ; ON      ;
; inArr[4][5]                ;                   ;         ;
;      - localArr[4][5]      ; 1                 ; ON      ;
; inArr[4][6]                ;                   ;         ;
;      - localArr[4][6]      ; 1                 ; ON      ;
; inArr[4][7]                ;                   ;         ;
;      - localArr[4][7]      ; 1                 ; ON      ;
; inArr[4][8]                ;                   ;         ;
;      - localArr[4][8]      ; 0                 ; ON      ;
; inArr[4][9]                ;                   ;         ;
;      - localArr[4][9]      ; 1                 ; ON      ;
; inArr[4][10]               ;                   ;         ;
;      - localArr[4][10]     ; 0                 ; ON      ;
; inArr[4][11]               ;                   ;         ;
;      - localArr[4][11]     ; 1                 ; ON      ;
; inArr[4][12]               ;                   ;         ;
;      - localArr[4][12]     ; 1                 ; ON      ;
; inArr[4][13]               ;                   ;         ;
;      - localArr[4][13]     ; 1                 ; ON      ;
; inArr[4][14]               ;                   ;         ;
;      - localArr[4][14]     ; 1                 ; ON      ;
; inArr[4][15]               ;                   ;         ;
;      - localArr[4][15]     ; 1                 ; ON      ;
; inArr[4][16]               ;                   ;         ;
;      - localArr[4][16]     ; 1                 ; ON      ;
; inArr[4][17]               ;                   ;         ;
;      - localArr[4][17]     ; 1                 ; ON      ;
; inArr[4][18]               ;                   ;         ;
;      - localArr[4][18]     ; 0                 ; ON      ;
; inArr[4][19]               ;                   ;         ;
;      - localArr[4][19]     ; 1                 ; ON      ;
; inArr[4][20]               ;                   ;         ;
;      - localArr[4][20]     ; 0                 ; ON      ;
; inArr[4][21]               ;                   ;         ;
;      - localArr[4][21]     ; 0                 ; ON      ;
; inArr[4][22]               ;                   ;         ;
;      - localArr[4][22]     ; 0                 ; ON      ;
; inArr[4][23]               ;                   ;         ;
;      - localArr[4][23]     ; 1                 ; ON      ;
; inArr[4][24]               ;                   ;         ;
;      - localArr[4][24]     ; 1                 ; ON      ;
; inArr[4][25]               ;                   ;         ;
;      - localArr[4][25]     ; 1                 ; ON      ;
; inArr[4][26]               ;                   ;         ;
;      - localArr[4][26]     ; 0                 ; ON      ;
; inArr[4][27]               ;                   ;         ;
;      - localArr[4][27]     ; 0                 ; ON      ;
; inArr[4][28]               ;                   ;         ;
;      - localArr[4][28]     ; 1                 ; ON      ;
; inArr[4][29]               ;                   ;         ;
;      - localArr[4][29]     ; 0                 ; ON      ;
; inArr[4][30]               ;                   ;         ;
;      - localArr[4][30]     ; 1                 ; ON      ;
; inArr[4][31]               ;                   ;         ;
;      - localArr[4][31]     ; 1                 ; ON      ;
; inArr[3][0]                ;                   ;         ;
;      - localArr[3][0]      ; 1                 ; ON      ;
; inArr[3][1]                ;                   ;         ;
;      - localArr[3][1]      ; 0                 ; ON      ;
; inArr[3][2]                ;                   ;         ;
;      - localArr[3][2]      ; 0                 ; ON      ;
; inArr[3][3]                ;                   ;         ;
;      - localArr[3][3]      ; 0                 ; ON      ;
; inArr[3][4]                ;                   ;         ;
;      - localArr[3][4]      ; 0                 ; ON      ;
; inArr[3][5]                ;                   ;         ;
;      - localArr[3][5]      ; 0                 ; ON      ;
; inArr[3][6]                ;                   ;         ;
;      - localArr[3][6]      ; 0                 ; ON      ;
; inArr[3][7]                ;                   ;         ;
;      - localArr[3][7]      ; 0                 ; ON      ;
; inArr[3][8]                ;                   ;         ;
;      - localArr[3][8]      ; 0                 ; ON      ;
; inArr[3][9]                ;                   ;         ;
;      - localArr[3][9]      ; 1                 ; ON      ;
; inArr[3][10]               ;                   ;         ;
;      - localArr[3][10]     ; 1                 ; ON      ;
; inArr[3][11]               ;                   ;         ;
;      - localArr[3][11]     ; 0                 ; ON      ;
; inArr[3][12]               ;                   ;         ;
;      - localArr[3][12]     ; 0                 ; ON      ;
; inArr[3][13]               ;                   ;         ;
;      - localArr[3][13]     ; 1                 ; ON      ;
; inArr[3][14]               ;                   ;         ;
;      - localArr[3][14]     ; 1                 ; ON      ;
; inArr[3][15]               ;                   ;         ;
;      - localArr[3][15]     ; 1                 ; ON      ;
; inArr[3][16]               ;                   ;         ;
;      - localArr[3][16]     ; 1                 ; ON      ;
; inArr[3][17]               ;                   ;         ;
;      - localArr[3][17]     ; 1                 ; ON      ;
; inArr[3][18]               ;                   ;         ;
;      - localArr[3][18]     ; 0                 ; ON      ;
; inArr[3][19]               ;                   ;         ;
;      - localArr[3][19]     ; 1                 ; ON      ;
; inArr[3][20]               ;                   ;         ;
;      - localArr[3][20]     ; 1                 ; ON      ;
; inArr[3][21]               ;                   ;         ;
;      - localArr[3][21]     ; 0                 ; ON      ;
; inArr[3][22]               ;                   ;         ;
;      - localArr[3][22]     ; 0                 ; ON      ;
; inArr[3][23]               ;                   ;         ;
;      - localArr[3][23]     ; 0                 ; ON      ;
; inArr[3][24]               ;                   ;         ;
;      - localArr[3][24]     ; 1                 ; ON      ;
; inArr[3][25]               ;                   ;         ;
;      - localArr[3][25]     ; 1                 ; ON      ;
; inArr[3][26]               ;                   ;         ;
;      - localArr[3][26]     ; 1                 ; ON      ;
; inArr[3][27]               ;                   ;         ;
;      - localArr[3][27]     ; 0                 ; ON      ;
; inArr[3][28]               ;                   ;         ;
;      - localArr[3][28]     ; 1                 ; ON      ;
; inArr[3][29]               ;                   ;         ;
;      - localArr[3][29]     ; 0                 ; ON      ;
; inArr[3][30]               ;                   ;         ;
;      - localArr[3][30]     ; 1                 ; ON      ;
; inArr[3][31]               ;                   ;         ;
;      - localArr[3][31]     ; 0                 ; ON      ;
; inArr[2][0]                ;                   ;         ;
;      - localArr[2][0]      ; 0                 ; ON      ;
; inArr[2][1]                ;                   ;         ;
;      - localArr[2][1]      ; 1                 ; ON      ;
; inArr[2][2]                ;                   ;         ;
;      - localArr[2][2]      ; 0                 ; ON      ;
; inArr[2][3]                ;                   ;         ;
;      - localArr[2][3]      ; 1                 ; ON      ;
; inArr[2][4]                ;                   ;         ;
;      - localArr[2][4]      ; 0                 ; ON      ;
; inArr[2][5]                ;                   ;         ;
;      - localArr[2][5]      ; 0                 ; ON      ;
; inArr[2][6]                ;                   ;         ;
;      - localArr[2][6]      ; 1                 ; ON      ;
; inArr[2][7]                ;                   ;         ;
;      - localArr[2][7]      ; 1                 ; ON      ;
; inArr[2][8]                ;                   ;         ;
;      - localArr[2][8]      ; 0                 ; ON      ;
; inArr[2][9]                ;                   ;         ;
;      - localArr[2][9]      ; 1                 ; ON      ;
; inArr[2][10]               ;                   ;         ;
;      - localArr[2][10]     ; 0                 ; ON      ;
; inArr[2][11]               ;                   ;         ;
;      - localArr[2][11]     ; 0                 ; ON      ;
; inArr[2][12]               ;                   ;         ;
;      - localArr[2][12]     ; 1                 ; ON      ;
; inArr[2][13]               ;                   ;         ;
;      - localArr[2][13]     ; 1                 ; ON      ;
; inArr[2][14]               ;                   ;         ;
;      - localArr[2][14]     ; 0                 ; ON      ;
; inArr[2][15]               ;                   ;         ;
;      - localArr[2][15]     ; 1                 ; ON      ;
; inArr[2][16]               ;                   ;         ;
;      - localArr[2][16]     ; 0                 ; ON      ;
; inArr[2][17]               ;                   ;         ;
;      - localArr[2][17]     ; 0                 ; ON      ;
; inArr[2][18]               ;                   ;         ;
;      - localArr[2][18]     ; 0                 ; ON      ;
; inArr[2][19]               ;                   ;         ;
;      - localArr[2][19]     ; 0                 ; ON      ;
; inArr[2][20]               ;                   ;         ;
;      - localArr[2][20]     ; 0                 ; ON      ;
; inArr[2][21]               ;                   ;         ;
;      - localArr[2][21]     ; 0                 ; ON      ;
; inArr[2][22]               ;                   ;         ;
;      - localArr[2][22]     ; 0                 ; ON      ;
; inArr[2][23]               ;                   ;         ;
;      - localArr[2][23]     ; 0                 ; ON      ;
; inArr[2][24]               ;                   ;         ;
;      - localArr[2][24]     ; 1                 ; ON      ;
; inArr[2][25]               ;                   ;         ;
;      - localArr[2][25]     ; 1                 ; ON      ;
; inArr[2][26]               ;                   ;         ;
;      - localArr[2][26]     ; 1                 ; ON      ;
; inArr[2][27]               ;                   ;         ;
;      - localArr[2][27]     ; 1                 ; ON      ;
; inArr[2][28]               ;                   ;         ;
;      - localArr[2][28]     ; 0                 ; ON      ;
; inArr[2][29]               ;                   ;         ;
;      - localArr[2][29]     ; 1                 ; ON      ;
; inArr[2][30]               ;                   ;         ;
;      - localArr[2][30]     ; 1                 ; ON      ;
; inArr[2][31]               ;                   ;         ;
;      - localArr[2][31]     ; 0                 ; ON      ;
; inArr[1][0]                ;                   ;         ;
;      - localArr[1][0]      ; 1                 ; ON      ;
; inArr[1][1]                ;                   ;         ;
;      - localArr[1][1]      ; 1                 ; ON      ;
; inArr[1][2]                ;                   ;         ;
;      - localArr[1][2]      ; 0                 ; ON      ;
; inArr[1][3]                ;                   ;         ;
;      - localArr[1][3]      ; 1                 ; ON      ;
; inArr[1][4]                ;                   ;         ;
;      - localArr[1][4]      ; 0                 ; ON      ;
; inArr[1][5]                ;                   ;         ;
;      - localArr[1][5]      ; 1                 ; ON      ;
; inArr[1][6]                ;                   ;         ;
;      - localArr[1][6]      ; 0                 ; ON      ;
; inArr[1][7]                ;                   ;         ;
;      - localArr[1][7]      ; 1                 ; ON      ;
; inArr[1][8]                ;                   ;         ;
;      - localArr[1][8]      ; 1                 ; ON      ;
; inArr[1][9]                ;                   ;         ;
;      - localArr[1][9]      ; 0                 ; ON      ;
; inArr[1][10]               ;                   ;         ;
;      - localArr[1][10]     ; 1                 ; ON      ;
; inArr[1][11]               ;                   ;         ;
;      - localArr[1][11]     ; 0                 ; ON      ;
; inArr[1][12]               ;                   ;         ;
;      - localArr[1][12]     ; 1                 ; ON      ;
; inArr[1][13]               ;                   ;         ;
;      - localArr[1][13]     ; 0                 ; ON      ;
; inArr[1][14]               ;                   ;         ;
;      - localArr[1][14]     ; 0                 ; ON      ;
; inArr[1][15]               ;                   ;         ;
;      - localArr[1][15]     ; 0                 ; ON      ;
; inArr[1][16]               ;                   ;         ;
;      - localArr[1][16]     ; 1                 ; ON      ;
; inArr[1][17]               ;                   ;         ;
;      - localArr[1][17]     ; 0                 ; ON      ;
; inArr[1][18]               ;                   ;         ;
;      - localArr[1][18]     ; 1                 ; ON      ;
; inArr[1][19]               ;                   ;         ;
;      - localArr[1][19]     ; 0                 ; ON      ;
; inArr[1][20]               ;                   ;         ;
;      - localArr[1][20]     ; 0                 ; ON      ;
; inArr[1][21]               ;                   ;         ;
;      - localArr[1][21]     ; 1                 ; ON      ;
; inArr[1][22]               ;                   ;         ;
;      - localArr[1][22]     ; 0                 ; ON      ;
; inArr[1][23]               ;                   ;         ;
;      - localArr[1][23]     ; 1                 ; ON      ;
; inArr[1][24]               ;                   ;         ;
;      - localArr[1][24]     ; 1                 ; ON      ;
; inArr[1][25]               ;                   ;         ;
;      - localArr[1][25]     ; 0                 ; ON      ;
; inArr[1][26]               ;                   ;         ;
;      - localArr[1][26]     ; 1                 ; ON      ;
; inArr[1][27]               ;                   ;         ;
;      - localArr[1][27]     ; 0                 ; ON      ;
; inArr[1][28]               ;                   ;         ;
;      - localArr[1][28]     ; 0                 ; ON      ;
; inArr[1][29]               ;                   ;         ;
;      - localArr[1][29]     ; 0                 ; ON      ;
; inArr[1][30]               ;                   ;         ;
;      - localArr[1][30]     ; 1                 ; ON      ;
; inArr[1][31]               ;                   ;         ;
;      - localArr[1][31]     ; 1                 ; ON      ;
; inArr[0][0]                ;                   ;         ;
;      - localArr[0][0]      ; 0                 ; ON      ;
; inArr[0][1]                ;                   ;         ;
;      - localArr[0][1]      ; 0                 ; ON      ;
; inArr[0][2]                ;                   ;         ;
;      - localArr[0][2]      ; 1                 ; ON      ;
; inArr[0][3]                ;                   ;         ;
;      - localArr[0][3]      ; 1                 ; ON      ;
; inArr[0][4]                ;                   ;         ;
;      - localArr[0][4]      ; 0                 ; ON      ;
; inArr[0][5]                ;                   ;         ;
;      - localArr[0][5]      ; 1                 ; ON      ;
; inArr[0][6]                ;                   ;         ;
;      - localArr[0][6]      ; 1                 ; ON      ;
; inArr[0][7]                ;                   ;         ;
;      - localArr[0][7]      ; 1                 ; ON      ;
; inArr[0][8]                ;                   ;         ;
;      - localArr[0][8]      ; 1                 ; ON      ;
; inArr[0][9]                ;                   ;         ;
;      - localArr[0][9]      ; 0                 ; ON      ;
; inArr[0][10]               ;                   ;         ;
;      - localArr[0][10]     ; 0                 ; ON      ;
; inArr[0][11]               ;                   ;         ;
;      - localArr[0][11]     ; 1                 ; ON      ;
; inArr[0][12]               ;                   ;         ;
;      - localArr[0][12]     ; 1                 ; ON      ;
; inArr[0][13]               ;                   ;         ;
;      - localArr[0][13]     ; 1                 ; ON      ;
; inArr[0][14]               ;                   ;         ;
;      - localArr[0][14]     ; 1                 ; ON      ;
; inArr[0][15]               ;                   ;         ;
;      - localArr[0][15]     ; 0                 ; ON      ;
; inArr[0][16]               ;                   ;         ;
;      - localArr[0][16]     ; 1                 ; ON      ;
; inArr[0][17]               ;                   ;         ;
;      - localArr[0][17]     ; 0                 ; ON      ;
; inArr[0][18]               ;                   ;         ;
;      - localArr[0][18]     ; 0                 ; ON      ;
; inArr[0][19]               ;                   ;         ;
;      - localArr[0][19]     ; 0                 ; ON      ;
; inArr[0][20]               ;                   ;         ;
;      - localArr[0][20]     ; 1                 ; ON      ;
; inArr[0][21]               ;                   ;         ;
;      - localArr[0][21]     ; 0                 ; ON      ;
; inArr[0][22]               ;                   ;         ;
;      - localArr[0][22]     ; 1                 ; ON      ;
; inArr[0][23]               ;                   ;         ;
;      - localArr[0][23]     ; 1                 ; ON      ;
; inArr[0][24]               ;                   ;         ;
;      - localArr[0][24]     ; 1                 ; ON      ;
; inArr[0][25]               ;                   ;         ;
;      - localArr[0][25]     ; 0                 ; ON      ;
; inArr[0][26]               ;                   ;         ;
;      - localArr[0][26]     ; 0                 ; ON      ;
; inArr[0][27]               ;                   ;         ;
;      - localArr[0][27]     ; 1                 ; ON      ;
; inArr[0][28]               ;                   ;         ;
;      - localArr[0][28]     ; 1                 ; ON      ;
; inArr[0][29]               ;                   ;         ;
;      - localArr[0][29]     ; 0                 ; ON      ;
; inArr[0][30]               ;                   ;         ;
;      - localArr[0][30]     ; 1                 ; ON      ;
; inArr[0][31]               ;                   ;         ;
;      - localArr[0][31]     ; 0                 ; ON      ;
+----------------------------+-------------------+---------+


+----------------------------------------------------------------------------------------------------------------------------+
; Control Signals                                                                                                            ;
+---------------------+---------------+---------+-------------------------+--------+----------------------+------------------+
; Name                ; Location      ; Fan-Out ; Usage                   ; Global ; Global Resource Used ; Global Line Name ;
+---------------------+---------------+---------+-------------------------+--------+----------------------+------------------+
; clk                 ; PIN_P2        ; 522     ; Clock                   ; yes    ; Global clock         ; GCLK11           ;
; i[2]~130            ; LC_X36_Y32_N2 ; 3       ; Clock enable            ; no     ; --                   ; --               ;
; j[2]~230            ; LC_X35_Y32_N1 ; 5       ; Clock enable            ; no     ; --                   ; --               ;
; localArr[0][0]~3974 ; LC_X35_Y33_N5 ; 32      ; Clock enable            ; no     ; --                   ; --               ;
; localArr[1][0]~3973 ; LC_X34_Y31_N0 ; 32      ; Clock enable            ; no     ; --                   ; --               ;
; localArr[2][0]~3972 ; LC_X34_Y31_N9 ; 32      ; Clock enable            ; no     ; --                   ; --               ;
; localArr[3][0]~3970 ; LC_X34_Y31_N7 ; 32      ; Clock enable            ; no     ; --                   ; --               ;
; localArr[4][0]~3968 ; LC_X34_Y31_N2 ; 32      ; Clock enable            ; no     ; --                   ; --               ;
; localArr[5][0]~3966 ; LC_X34_Y31_N3 ; 32      ; Clock enable            ; no     ; --                   ; --               ;
; localArr[6][0]~3964 ; LC_X34_Y31_N5 ; 32      ; Clock enable            ; no     ; --                   ; --               ;
; localArr[7][0]~3962 ; LC_X34_Y31_N8 ; 32      ; Clock enable            ; no     ; --                   ; --               ;
; outArr[2][18]~4680  ; LC_X35_Y32_N5 ; 256     ; Clock enable            ; no     ; --                   ; --               ;
; reset               ; PIN_C15       ; 268     ; Sync. clear, Sync. load ; no     ; --                   ; --               ;
; start               ; PIN_B15       ; 535     ; Sync. clear, Sync. load ; no     ; --                   ; --               ;
+---------------------+---------------+---------+-------------------------+--------+----------------------+------------------+


+---------------------------------------------------------------------+
; Global & Other Fast Signals                                         ;
+------+----------+---------+----------------------+------------------+
; Name ; Location ; Fan-Out ; Global Resource Used ; Global Line Name ;
+------+----------+---------+----------------------+------------------+
; clk  ; PIN_P2   ; 522     ; Global clock         ; GCLK11           ;
+------+----------+---------+----------------------+------------------+


+---------------------------------+
; Non-Global High Fan-Out Signals ;
+---------------------+-----------+
; Name                ; Fan-Out   ;
+---------------------+-----------+
; start               ; 535       ;
; reset               ; 268       ;
; outArr[2][18]~4680  ; 256       ;
; j[1]                ; 115       ;
; j[2]                ; 115       ;
; add~239             ; 97        ;
; add~238             ; 96        ;
; j[0]                ; 81        ;
; localArr[0][0]~3974 ; 32        ;
; Decoder~188         ; 32        ;
; localArr[1][0]~3973 ; 32        ;
; Decoder~187         ; 32        ;
; localArr[2][0]~3972 ; 32        ;
; Decoder~186         ; 32        ;
; localArr[3][0]~3970 ; 32        ;
; Decoder~185         ; 32        ;
; localArr[4][0]~3968 ; 32        ;
; Decoder~184         ; 32        ;
; localArr[5][0]~3966 ; 32        ;
; Decoder~183         ; 32        ;
; localArr[6][0]~3964 ; 32        ;
; Decoder~182         ; 32        ;
; localArr[7][0]~3962 ; 32        ;
; Decoder~181         ; 32        ;
; Mux~2639            ; 9         ;
; Mux~2634            ; 9         ;
; Mux~2629            ; 9         ;
; Mux~2624            ; 9         ;
; Mux~2619            ; 9         ;
; Mux~2614            ; 9         ;
; Mux~2609            ; 9         ;
; Mux~2604            ; 9         ;
; Mux~2599            ; 9         ;
; Mux~2594            ; 9         ;
; Mux~2589            ; 9         ;
; Mux~2584            ; 9         ;
; Mux~2579            ; 9         ;
; Mux~2574            ; 9         ;
; Mux~2569            ; 9         ;
; Mux~2564            ; 9         ;
; Mux~2559            ; 9         ;
; Mux~2554            ; 9         ;
; Mux~2549            ; 9         ;
; Mux~2544            ; 9         ;
; Mux~2539            ; 9         ;
; Mux~2534            ; 9         ;
; Mux~2529            ; 9         ;
; Mux~2524            ; 9         ;
; Mux~2519            ; 9         ;
; Mux~2514            ; 9         ;
+---------------------+-----------+


+-------------------------------------------------------+
; Interconnect Usage Summary                            ;
+-----------------------------+-------------------------+
; Interconnect Resource Type  ; Usage                   ;
+-----------------------------+-------------------------+
; C16 interconnects           ; 422 / 3,623 ( 11 % )    ;
; C4 interconnects            ; 944 / 52,540 ( 1 % )    ;
; C8 interconnects            ; 297 / 11,932 ( 2 % )    ;
; DIFFIOCLKs                  ; 0 / 16 ( 0 % )          ;
; DQS bus muxes               ; 0 / 83 ( 0 % )          ;
; DQS-16 I/O buses            ; 0 / 7 ( 0 % )           ;
; DQS-32 I/O buses            ; 0 / 4 ( 0 % )           ;
; DQS-8 I/O buses             ; 0 / 20 ( 0 % )          ;
; Direct links                ; 72 / 76,620 ( < 1 % )   ;
; Fast regional clocks        ; 0 / 8 ( 0 % )           ;
; Global clocks               ; 1 / 16 ( 6 % )          ;
; I/O buses                   ; 63 / 276 ( 22 % )       ;
; LUT chains                  ; 37 / 16,614 ( < 1 % )   ;
; Local routing interconnects ; 303 / 18,460 ( 1 % )    ;
; R24 interconnects           ; 489 / 3,690 ( 13 % )    ;
; R4 interconnects            ; 1,193 / 105,440 ( 1 % ) ;
; R8 interconnects            ; 312 / 17,424 ( 1 % )    ;
; Regional clocks             ; 0 / 16 ( 0 % )          ;
+-----------------------------+-------------------------+


+----------------------------------------------------------------------------+
; LAB Logic Elements                                                         ;
+--------------------------------------------+-------------------------------+
; Number of Logic Elements  (Average = 8.50) ; Number of LABs  (Total = 107) ;
+--------------------------------------------+-------------------------------+
; 1                                          ; 1                             ;
; 2                                          ; 2                             ;
; 3                                          ; 0                             ;
; 4                                          ; 1                             ;
; 5                                          ; 1                             ;
; 6                                          ; 26                            ;
; 7                                          ; 2                             ;
; 8                                          ; 7                             ;
; 9                                          ; 1                             ;
; 10                                         ; 66                            ;
+--------------------------------------------+-------------------------------+


+--------------------------------------------------------------------+
; LAB-wide Signals                                                   ;
+------------------------------------+-------------------------------+
; LAB-wide Signals  (Average = 2.65) ; Number of LABs  (Total = 107) ;
+------------------------------------+-------------------------------+
; 1 Clock                            ; 105                           ;
; 1 Clock enable                     ; 101                           ;
; 1 Sync. load                       ; 77                            ;
; 2 Clock enables                    ; 1                             ;
+------------------------------------+-------------------------------+


+-----------------------------------------------------------------------------+
; LAB Signals Sourced                                                         ;
+---------------------------------------------+-------------------------------+
; Number of Signals Sourced  (Average = 8.21) ; Number of LABs  (Total = 107) ;
+---------------------------------------------+-------------------------------+
; 0                                           ; 2                             ;
; 1                                           ; 1                             ;
; 2                                           ; 2                             ;
; 3                                           ; 0                             ;
; 4                                           ; 2                             ;
; 5                                           ; 2                             ;
; 6                                           ; 26                            ;
; 7                                           ; 2                             ;
; 8                                           ; 7                             ;
; 9                                           ; 1                             ;
; 10                                          ; 62                            ;
+---------------------------------------------+-------------------------------+


+---------------------------------------------------------------------------------+
; LAB Signals Sourced Out                                                         ;
+-------------------------------------------------+-------------------------------+
; Number of Signals Sourced Out  (Average = 6.05) ; Number of LABs  (Total = 107) ;
+-------------------------------------------------+-------------------------------+
; 0                                               ; 2                             ;
; 1                                               ; 1                             ;
; 2                                               ; 3                             ;
; 3                                               ; 30                            ;
; 4                                               ; 2                             ;
; 5                                               ; 3                             ;
; 6                                               ; 28                            ;
; 7                                               ; 2                             ;
; 8                                               ; 7                             ;
; 9                                               ; 1                             ;
; 10                                              ; 28                            ;
+-------------------------------------------------+-------------------------------+


+------------------------------------------------------------------------------+
; LAB Distinct Inputs                                                          ;
+----------------------------------------------+-------------------------------+
; Number of Distinct Inputs  (Average = 18.31) ; Number of LABs  (Total = 107) ;
+----------------------------------------------+-------------------------------+
; 0                                            ; 0                             ;
; 1                                            ; 0                             ;
; 2                                            ; 0                             ;
; 3                                            ; 1                             ;
; 4                                            ; 0                             ;
; 5                                            ; 0                             ;
; 6                                            ; 0                             ;
; 7                                            ; 0                             ;
; 8                                            ; 1                             ;
; 9                                            ; 0                             ;
; 10                                           ; 2                             ;
; 11                                           ; 0                             ;
; 12                                           ; 1                             ;
; 13                                           ; 0                             ;
; 14                                           ; 25                            ;
; 15                                           ; 0                             ;
; 16                                           ; 1                             ;
; 17                                           ; 1                             ;
; 18                                           ; 30                            ;
; 19                                           ; 0                             ;
; 20                                           ; 1                             ;
; 21                                           ; 3                             ;
; 22                                           ; 34                            ;
; 23                                           ; 6                             ;
; 24                                           ; 1                             ;
+----------------------------------------------+-------------------------------+


+-----------------+
; Fitter Messages ;
+-----------------+
Info: *******************************************************************
Info: Running Quartus II Fitter
    Info: Version 5.0 Build 148 04/26/2005 SJ Full Version
    Info: Processing started: Mon Mar 07 19:29:10 2022
Info: Command: quartus_fit --read_settings_files=off --write_settings_files=off lab5_q -c insertSort
Info: Auto device selection -- successful I/O standard check for EP1S20F780C5
Info: Auto device selection -- successful PCI I/O clamp diode check for EP1S20F780C5
Info: Automatically selected device EP1S20F780C5 for design insertSort
Info: Fitting design with smaller device may be possible, but smaller device must be specified
Info: Fitter is performing an Auto Fit compilation, which may decrease Fitter effort to reduce compilation time
Info: Device migration not selected. If you intend to use device migration later, you may need to change the pin assignments as they may be incompatible with other devices. 
    Info: Device EP1S10F780C5 is compatible
    Info: Device EP1S10F780C5ES is compatible
    Info: Device EP1S25F780C5 is compatible
    Info: Device EP1S30F780C5 is compatible
    Info: Device EP1S30F780C5_HARDCOPY_FPGA_PROTOTYPE is compatible
    Info: Device EP1S40F780C5 is compatible
    Info: Device EP1S40F780C5_HARDCOPY_FPGA_PROTOTYPE is compatible
Info: No exact pin location assignment(s) for 517 pins of 517 total pins
    Info: Pin outArr[7][0] not assigned to an exact location on the device
    Info: Pin outArr[7][1] not assigned to an exact location on the device
    Info: Pin outArr[7][2] not assigned to an exact location on the device
    Info: Pin outArr[7][3] not assigned to an exact location on the device
    Info: Pin outArr[7][4] not assigned to an exact location on the device
    Info: Pin outArr[7][5] not assigned to an exact location on the device
    Info: Pin outArr[7][6] not assigned to an exact location on the device
    Info: Pin outArr[7][7] not assigned to an exact location on the device
    Info: Pin outArr[7][8] not assigned to an exact location on the device
    Info: Pin outArr[7][9] not assigned to an exact location on the device
    Info: Pin outArr[7][10] not assigned to an exact location on the device
    Info: Pin outArr[7][11] not assigned to an exact location on the device
    Info: Pin outArr[7][12] not assigned to an exact location on the device
    Info: Pin outArr[7][13] not assigned to an exact location on the device
    Info: Pin outArr[7][14] not assigned to an exact location on the device
    Info: Pin outArr[7][15] not assigned to an exact location on the device
    Info: Pin outArr[7][16] not assigned to an exact location on the device
    Info: Pin outArr[7][17] not assigned to an exact location on the device
    Info: Pin outArr[7][18] not assigned to an exact location on the device
    Info: Pin outArr[7][19] not assigned to an exact location on the device
    Info: Pin outArr[7][20] not assigned to an exact location on the device
    Info: Pin outArr[7][21] not assigned to an exact location on the device
    Info: Pin outArr[7][22] not assigned to an exact location on the device
    Info: Pin outArr[7][23] not assigned to an exact location on the device
    Info: Pin outArr[7][24] not assigned to an exact location on the device
    Info: Pin outArr[7][25] not assigned to an exact location on the device
    Info: Pin outArr[7][26] not assigned to an exact location on the device
    Info: Pin outArr[7][27] not assigned to an exact location on the device
    Info: Pin outArr[7][28] not assigned to an exact location on the device
    Info: Pin outArr[7][29] not assigned to an exact location on the device
    Info: Pin outArr[7][30] not assigned to an exact location on the device
    Info: Pin outArr[7][31] not assigned to an exact location on the device
    Info: Pin outArr[6][0] not assigned to an exact location on the device
    Info: Pin outArr[6][1] not assigned to an exact location on the device
    Info: Pin outArr[6][2] not assigned to an exact location on the device
    Info: Pin outArr[6][3] not assigned to an exact location on the device
    Info: Pin outArr[6][4] not assigned to an exact location on the device
    Info: Pin outArr[6][5] not assigned to an exact location on the device
    Info: Pin outArr[6][6] not assigned to an exact location on the device
    Info: Pin outArr[6][7] not assigned to an exact location on the device
    Info: Pin outArr[6][8] not assigned to an exact location on the device
    Info: Pin outArr[6][9] not assigned to an exact location on the device
    Info: Pin outArr[6][10] not assigned to an exact location on the device
    Info: Pin outArr[6][11] not assigned to an exact location on the device
    Info: Pin outArr[6][12] not assigned to an exact location on the device
    Info: Pin outArr[6][13] not assigned to an exact location on the device
    Info: Pin outArr[6][14] not assigned to an exact location on the device
    Info: Pin outArr[6][15] not assigned to an exact location on the device
    Info: Pin outArr[6][16] not assigned to an exact location on the device
    Info: Pin outArr[6][17] not assigned to an exact location on the device
    Info: Pin outArr[6][18] not assigned to an exact location on the device
    Info: Pin outArr[6][19] not assigned to an exact location on the device
    Info: Pin outArr[6][20] not assigned to an exact location on the device
    Info: Pin outArr[6][21] not assigned to an exact location on the device
    Info: Pin outArr[6][22] not assigned to an exact location on the device
    Info: Pin outArr[6][23] not assigned to an exact location on the device
    Info: Pin outArr[6][24] not assigned to an exact location on the device
    Info: Pin outArr[6][25] not assigned to an exact location on the device
    Info: Pin outArr[6][26] not assigned to an exact location on the device
    Info: Pin outArr[6][27] not assigned to an exact location on the device
    Info: Pin outArr[6][28] not assigned to an exact location on the device
    Info: Pin outArr[6][29] not assigned to an exact location on the device
    Info: Pin outArr[6][30] not assigned to an exact location on the device
    Info: Pin outArr[6][31] not assigned to an exact location on the device
    Info: Pin outArr[5][0] not assigned to an exact location on the device
    Info: Pin outArr[5][1] not assigned to an exact location on the device
    Info: Pin outArr[5][2] not assigned to an exact location on the device
    Info: Pin outArr[5][3] not assigned to an exact location on the device
    Info: Pin outArr[5][4] not assigned to an exact location on the device
    Info: Pin outArr[5][5] not assigned to an exact location on the device
    Info: Pin outArr[5][6] not assigned to an exact location on the device
    Info: Pin outArr[5][7] not assigned to an exact location on the device
    Info: Pin outArr[5][8] not assigned to an exact location on the device
    Info: Pin outArr[5][9] not assigned to an exact location on the device
    Info: Pin outArr[5][10] not assigned to an exact location on the device
    Info: Pin outArr[5][11] not assigned to an exact location on the device
    Info: Pin outArr[5][12] not assigned to an exact location on the device
    Info: Pin outArr[5][13] not assigned to an exact location on the device
    Info: Pin outArr[5][14] not assigned to an exact location on the device
    Info: Pin outArr[5][15] not assigned to an exact location on the device
    Info: Pin outArr[5][16] not assigned to an exact location on the device
    Info: Pin outArr[5][17] not assigned to an exact location on the device
    Info: Pin outArr[5][18] not assigned to an exact location on the device
    Info: Pin outArr[5][19] not assigned to an exact location on the device
    Info: Pin outArr[5][20] not assigned to an exact location on the device
    Info: Pin outArr[5][21] not assigned to an exact location on the device
    Info: Pin outArr[5][22] not assigned to an exact location on the device
    Info: Pin outArr[5][23] not assigned to an exact location on the device
    Info: Pin outArr[5][24] not assigned to an exact location on the device
    Info: Pin outArr[5][25] not assigned to an exact location on the device
    Info: Pin outArr[5][26] not assigned to an exact location on the device
    Info: Pin outArr[5][27] not assigned to an exact location on the device
    Info: Pin outArr[5][28] not assigned to an exact location on the device
    Info: Pin outArr[5][29] not assigned to an exact location on the device
    Info: Pin outArr[5][30] not assigned to an exact location on the device
    Info: Pin outArr[5][31] not assigned to an exact location on the device
    Info: Pin outArr[4][0] not assigned to an exact location on the device
    Info: Pin outArr[4][1] not assigned to an exact location on the device
    Info: Pin outArr[4][2] not assigned to an exact location on the device
    Info: Pin outArr[4][3] not assigned to an exact location on the device
    Info: Pin outArr[4][4] not assigned to an exact location on the device
    Info: Pin outArr[4][5] not assigned to an exact location on the device
    Info: Pin outArr[4][6] not assigned to an exact location on the device
    Info: Pin outArr[4][7] not assigned to an exact location on the device
    Info: Pin outArr[4][8] not assigned to an exact location on the device
    Info: Pin outArr[4][9] not assigned to an exact location on the device
    Info: Pin outArr[4][10] not assigned to an exact location on the device
    Info: Pin outArr[4][11] not assigned to an exact location on the device
    Info: Pin outArr[4][12] not assigned to an exact location on the device
    Info: Pin outArr[4][13] not assigned to an exact location on the device
    Info: Pin outArr[4][14] not assigned to an exact location on the device
    Info: Pin outArr[4][15] not assigned to an exact location on the device
    Info: Pin outArr[4][16] not assigned to an exact location on the device
    Info: Pin outArr[4][17] not assigned to an exact location on the device
    Info: Pin outArr[4][18] not assigned to an exact location on the device
    Info: Pin outArr[4][19] not assigned to an exact location on the device
    Info: Pin outArr[4][20] not assigned to an exact location on the device
    Info: Pin outArr[4][21] not assigned to an exact location on the device
    Info: Pin outArr[4][22] not assigned to an exact location on the device
    Info: Pin outArr[4][23] not assigned to an exact location on the device
    Info: Pin outArr[4][24] not assigned to an exact location on the device
    Info: Pin outArr[4][25] not assigned to an exact location on the device
    Info: Pin outArr[4][26] not assigned to an exact location on the device
    Info: Pin outArr[4][27] not assigned to an exact location on the device
    Info: Pin outArr[4][28] not assigned to an exact location on the device
    Info: Pin outArr[4][29] not assigned to an exact location on the device
    Info: Pin outArr[4][30] not assigned to an exact location on the device
    Info: Pin outArr[4][31] not assigned to an exact location on the device
    Info: Pin outArr[3][0] not assigned to an exact location on the device
    Info: Pin outArr[3][1] not assigned to an exact location on the device
    Info: Pin outArr[3][2] not assigned to an exact location on the device
    Info: Pin outArr[3][3] not assigned to an exact location on the device
    Info: Pin outArr[3][4] not assigned to an exact location on the device
    Info: Pin outArr[3][5] not assigned to an exact location on the device
    Info: Pin outArr[3][6] not assigned to an exact location on the device
    Info: Pin outArr[3][7] not assigned to an exact location on the device
    Info: Pin outArr[3][8] not assigned to an exact location on the device
    Info: Pin outArr[3][9] not assigned to an exact location on the device
    Info: Pin outArr[3][10] not assigned to an exact location on the device
    Info: Pin outArr[3][11] not assigned to an exact location on the device
    Info: Pin outArr[3][12] not assigned to an exact location on the device
    Info: Pin outArr[3][13] not assigned to an exact location on the device
    Info: Pin outArr[3][14] not assigned to an exact location on the device
    Info: Pin outArr[3][15] not assigned to an exact location on the device
    Info: Pin outArr[3][16] not assigned to an exact location on the device
    Info: Pin outArr[3][17] not assigned to an exact location on the device
    Info: Pin outArr[3][18] not assigned to an exact location on the device
    Info: Pin outArr[3][19] not assigned to an exact location on the device
    Info: Pin outArr[3][20] not assigned to an exact location on the device
    Info: Pin outArr[3][21] not assigned to an exact location on the device
    Info: Pin outArr[3][22] not assigned to an exact location on the device
    Info: Pin outArr[3][23] not assigned to an exact location on the device
    Info: Pin outArr[3][24] not assigned to an exact location on the device
    Info: Pin outArr[3][25] not assigned to an exact location on the device
    Info: Pin outArr[3][26] not assigned to an exact location on the device
    Info: Pin outArr[3][27] not assigned to an exact location on the device
    Info: Pin outArr[3][28] not assigned to an exact location on the device
    Info: Pin outArr[3][29] not assigned to an exact location on the device
    Info: Pin outArr[3][30] not assigned to an exact location on the device
    Info: Pin outArr[3][31] not assigned to an exact location on the device
    Info: Pin outArr[2][0] not assigned to an exact location on the device
    Info: Pin outArr[2][1] not assigned to an exact location on the device
    Info: Pin outArr[2][2] not assigned to an exact location on the device
    Info: Pin outArr[2][3] not assigned to an exact location on the device
    Info: Pin outArr[2][4] not assigned to an exact location on the device
    Info: Pin outArr[2][5] not assigned to an exact location on the device
    Info: Pin outArr[2][6] not assigned to an exact location on the device
    Info: Pin outArr[2][7] not assigned to an exact location on the device
    Info: Pin outArr[2][8] not assigned to an exact location on the device
    Info: Pin outArr[2][9] not assigned to an exact location on the device
    Info: Pin outArr[2][10] not assigned to an exact location on the device
    Info: Pin outArr[2][11] not assigned to an exact location on the device
    Info: Pin outArr[2][12] not assigned to an exact location on the device
    Info: Pin outArr[2][13] not assigned to an exact location on the device
    Info: Pin outArr[2][14] not assigned to an exact location on the device
    Info: Pin outArr[2][15] not assigned to an exact location on the device
    Info: Pin outArr[2][16] not assigned to an exact location on the device
    Info: Pin outArr[2][17] not assigned to an exact location on the device
    Info: Pin outArr[2][18] not assigned to an exact location on the device
    Info: Pin outArr[2][19] not assigned to an exact location on the device
    Info: Pin outArr[2][20] not assigned to an exact location on the device
    Info: Pin outArr[2][21] not assigned to an exact location on the device
    Info: Pin outArr[2][22] not assigned to an exact location on the device
    Info: Pin outArr[2][23] not assigned to an exact location on the device
    Info: Pin outArr[2][24] not assigned to an exact location on the device
    Info: Pin outArr[2][25] not assigned to an exact location on the device
    Info: Pin outArr[2][26] not assigned to an exact location on the device
    Info: Pin outArr[2][27] not assigned to an exact location on the device
    Info: Pin outArr[2][28] not assigned to an exact location on the device
    Info: Pin outArr[2][29] not assigned to an exact location on the device
    Info: Pin outArr[2][30] not assigned to an exact location on the device
    Info: Pin outArr[2][31] not assigned to an exact location on the device
    Info: Pin outArr[1][0] not assigned to an exact location on the device
    Info: Pin outArr[1][1] not assigned to an exact location on the device
    Info: Pin outArr[1][2] not assigned to an exact location on the device
    Info: Pin outArr[1][3] not assigned to an exact location on the device
    Info: Pin outArr[1][4] not assigned to an exact location on the device
    Info: Pin outArr[1][5] not assigned to an exact location on the device
    Info: Pin outArr[1][6] not assigned to an exact location on the device
    Info: Pin outArr[1][7] not assigned to an exact location on the device
    Info: Pin outArr[1][8] not assigned to an exact location on the device
    Info: Pin outArr[1][9] not assigned to an exact location on the device
    Info: Pin outArr[1][10] not assigned to an exact location on the device
    Info: Pin outArr[1][11] not assigned to an exact location on the device
    Info: Pin outArr[1][12] not assigned to an exact location on the device
    Info: Pin outArr[1][13] not assigned to an exact location on the device
    Info: Pin outArr[1][14] not assigned to an exact location on the device
    Info: Pin outArr[1][15] not assigned to an exact location on the device
    Info: Pin outArr[1][16] not assigned to an exact location on the device
    Info: Pin outArr[1][17] not assigned to an exact location on the device
    Info: Pin outArr[1][18] not assigned to an exact location on the device
    Info: Pin outArr[1][19] not assigned to an exact location on the device
    Info: Pin outArr[1][20] not assigned to an exact location on the device
    Info: Pin outArr[1][21] not assigned to an exact location on the device
    Info: Pin outArr[1][22] not assigned to an exact location on the device
    Info: Pin outArr[1][23] not assigned to an exact location on the device
    Info: Pin outArr[1][24] not assigned to an exact location on the device
    Info: Pin outArr[1][25] not assigned to an exact location on the device
    Info: Pin outArr[1][26] not assigned to an exact location on the device
    Info: Pin outArr[1][27] not assigned to an exact location on the device
    Info: Pin outArr[1][28] not assigned to an exact location on the device
    Info: Pin outArr[1][29] not assigned to an exact location on the device
    Info: Pin outArr[1][30] not assigned to an exact location on the device
    Info: Pin outArr[1][31] not assigned to an exact location on the device
    Info: Pin outArr[0][0] not assigned to an exact location on the device
    Info: Pin outArr[0][1] not assigned to an exact location on the device
    Info: Pin outArr[0][2] not assigned to an exact location on the device
    Info: Pin outArr[0][3] not assigned to an exact location on the device
    Info: Pin outArr[0][4] not assigned to an exact location on the device
    Info: Pin outArr[0][5] not assigned to an exact location on the device
    Info: Pin outArr[0][6] not assigned to an exact location on the device
    Info: Pin outArr[0][7] not assigned to an exact location on the device
    Info: Pin outArr[0][8] not assigned to an exact location on the device
    Info: Pin outArr[0][9] not assigned to an exact location on the device
    Info: Pin outArr[0][10] not assigned to an exact location on the device
    Info: Pin outArr[0][11] not assigned to an exact location on the device
    Info: Pin outArr[0][12] not assigned to an exact location on the device
    Info: Pin outArr[0][13] not assigned to an exact location on the device
    Info: Pin outArr[0][14] not assigned to an exact location on the device
    Info: Pin outArr[0][15] not assigned to an exact location on the device
    Info: Pin outArr[0][16] not assigned to an exact location on the device
    Info: Pin outArr[0][17] not assigned to an exact location on the device
    Info: Pin outArr[0][18] not assigned to an exact location on the device
    Info: Pin outArr[0][19] not assigned to an exact location on the device
    Info: Pin outArr[0][20] not assigned to an exact location on the device
    Info: Pin outArr[0][21] not assigned to an exact location on the device
    Info: Pin outArr[0][22] not assigned to an exact location on the device
    Info: Pin outArr[0][23] not assigned to an exact location on the device
    Info: Pin outArr[0][24] not assigned to an exact location on the device
    Info: Pin outArr[0][25] not assigned to an exact location on the device
    Info: Pin outArr[0][26] not assigned to an exact location on the device
    Info: Pin outArr[0][27] not assigned to an exact location on the device
    Info: Pin outArr[0][28] not assigned to an exact location on the device
    Info: Pin outArr[0][29] not assigned to an exact location on the device
    Info: Pin outArr[0][30] not assigned to an exact location on the device
    Info: Pin outArr[0][31] not assigned to an exact location on the device
    Info: Pin done not assigned to an exact location on the device
    Info: Pin working not assigned to an exact location on the device
    Info: Pin reset not assigned to an exact location on the device
    Info: Pin start not assigned to an exact location on the device
    Info: Pin clk not assigned to an exact location on the device
    Info: Pin inArr[7][0] not assigned to an exact location on the device
    Info: Pin inArr[7][1] not assigned to an exact location on the device
    Info: Pin inArr[7][2] not assigned to an exact location on the device
    Info: Pin inArr[7][3] not assigned to an exact location on the device
    Info: Pin inArr[7][4] not assigned to an exact location on the device
    Info: Pin inArr[7][5] not assigned to an exact location on the device
    Info: Pin inArr[7][6] not assigned to an exact location on the device
    Info: Pin inArr[7][7] not assigned to an exact location on the device
    Info: Pin inArr[7][8] not assigned to an exact location on the device
    Info: Pin inArr[7][9] not assigned to an exact location on the device
    Info: Pin inArr[7][10] not assigned to an exact location on the device
    Info: Pin inArr[7][11] not assigned to an exact location on the device
    Info: Pin inArr[7][12] not assigned to an exact location on the device
    Info: Pin inArr[7][13] not assigned to an exact location on the device
    Info: Pin inArr[7][14] not assigned to an exact location on the device
    Info: Pin inArr[7][15] not assigned to an exact location on the device
    Info: Pin inArr[7][16] not assigned to an exact location on the device
    Info: Pin inArr[7][17] not assigned to an exact location on the device
    Info: Pin inArr[7][18] not assigned to an exact location on the device
    Info: Pin inArr[7][19] not assigned to an exact location on the device
    Info: Pin inArr[7][20] not assigned to an exact location on the device
    Info: Pin inArr[7][21] not assigned to an exact location on the device
    Info: Pin inArr[7][22] not assigned to an exact location on the device
    Info: Pin inArr[7][23] not assigned to an exact location on the device
    Info: Pin inArr[7][24] not assigned to an exact location on the device
    Info: Pin inArr[7][25] not assigned to an exact location on the device
    Info: Pin inArr[7][26] not assigned to an exact location on the device
    Info: Pin inArr[7][27] not assigned to an exact location on the device
    Info: Pin inArr[7][28] not assigned to an exact location on the device
    Info: Pin inArr[7][29] not assigned to an exact location on the device
    Info: Pin inArr[7][30] not assigned to an exact location on the device
    Info: Pin inArr[7][31] not assigned to an exact location on the device
    Info: Pin inArr[6][0] not assigned to an exact location on the device
    Info: Pin inArr[6][1] not assigned to an exact location on the device
    Info: Pin inArr[6][2] not assigned to an exact location on the device
    Info: Pin inArr[6][3] not assigned to an exact location on the device
    Info: Pin inArr[6][4] not assigned to an exact location on the device
    Info: Pin inArr[6][5] not assigned to an exact location on the device
    Info: Pin inArr[6][6] not assigned to an exact location on the device
    Info: Pin inArr[6][7] not assigned to an exact location on the device
    Info: Pin inArr[6][8] not assigned to an exact location on the device
    Info: Pin inArr[6][9] not assigned to an exact location on the device
    Info: Pin inArr[6][10] not assigned to an exact location on the device
    Info: Pin inArr[6][11] not assigned to an exact location on the device
    Info: Pin inArr[6][12] not assigned to an exact location on the device
    Info: Pin inArr[6][13] not assigned to an exact location on the device
    Info: Pin inArr[6][14] not assigned to an exact location on the device
    Info: Pin inArr[6][15] not assigned to an exact location on the device
    Info: Pin inArr[6][16] not assigned to an exact location on the device
    Info: Pin inArr[6][17] not assigned to an exact location on the device
    Info: Pin inArr[6][18] not assigned to an exact location on the device
    Info: Pin inArr[6][19] not assigned to an exact location on the device
    Info: Pin inArr[6][20] not assigned to an exact location on the device
    Info: Pin inArr[6][21] not assigned to an exact location on the device
    Info: Pin inArr[6][22] not assigned to an exact location on the device
    Info: Pin inArr[6][23] not assigned to an exact location on the device
    Info: Pin inArr[6][24] not assigned to an exact location on the device
    Info: Pin inArr[6][25] not assigned to an exact location on the device
    Info: Pin inArr[6][26] not assigned to an exact location on the device
    Info: Pin inArr[6][27] not assigned to an exact location on the device
    Info: Pin inArr[6][28] not assigned to an exact location on the device
    Info: Pin inArr[6][29] not assigned to an exact location on the device
    Info: Pin inArr[6][30] not assigned to an exact location on the device
    Info: Pin inArr[6][31] not assigned to an exact location on the device
    Info: Pin inArr[5][0] not assigned to an exact location on the device
    Info: Pin inArr[5][1] not assigned to an exact location on the device
    Info: Pin inArr[5][2] not assigned to an exact location on the device
    Info: Pin inArr[5][3] not assigned to an exact location on the device
    Info: Pin inArr[5][4] not assigned to an exact location on the device
    Info: Pin inArr[5][5] not assigned to an exact location on the device
    Info: Pin inArr[5][6] not assigned to an exact location on the device
    Info: Pin inArr[5][7] not assigned to an exact location on the device
    Info: Pin inArr[5][8] not assigned to an exact location on the device
    Info: Pin inArr[5][9] not assigned to an exact location on the device
    Info: Pin inArr[5][10] not assigned to an exact location on the device
    Info: Pin inArr[5][11] not assigned to an exact location on the device
    Info: Pin inArr[5][12] not assigned to an exact location on the device
    Info: Pin inArr[5][13] not assigned to an exact location on the device
    Info: Pin inArr[5][14] not assigned to an exact location on the device
    Info: Pin inArr[5][15] not assigned to an exact location on the device
    Info: Pin inArr[5][16] not assigned to an exact location on the device
    Info: Pin inArr[5][17] not assigned to an exact location on the device
    Info: Pin inArr[5][18] not assigned to an exact location on the device
    Info: Pin inArr[5][19] not assigned to an exact location on the device
    Info: Pin inArr[5][20] not assigned to an exact location on the device
    Info: Pin inArr[5][21] not assigned to an exact location on the device
    Info: Pin inArr[5][22] not assigned to an exact location on the device
    Info: Pin inArr[5][23] not assigned to an exact location on the device
    Info: Pin inArr[5][24] not assigned to an exact location on the device
    Info: Pin inArr[5][25] not assigned to an exact location on the device
    Info: Pin inArr[5][26] not assigned to an exact location on the device
    Info: Pin inArr[5][27] not assigned to an exact location on the device
    Info: Pin inArr[5][28] not assigned to an exact location on the device
    Info: Pin inArr[5][29] not assigned to an exact location on the device
    Info: Pin inArr[5][30] not assigned to an exact location on the device
    Info: Pin inArr[5][31] not assigned to an exact location on the device
    Info: Pin inArr[4][0] not assigned to an exact location on the device
    Info: Pin inArr[4][1] not assigned to an exact location on the device
    Info: Pin inArr[4][2] not assigned to an exact location on the device
    Info: Pin inArr[4][3] not assigned to an exact location on the device
    Info: Pin inArr[4][4] not assigned to an exact location on the device
    Info: Pin inArr[4][5] not assigned to an exact location on the device
    Info: Pin inArr[4][6] not assigned to an exact location on the device
    Info: Pin inArr[4][7] not assigned to an exact location on the device
    Info: Pin inArr[4][8] not assigned to an exact location on the device
    Info: Pin inArr[4][9] not assigned to an exact location on the device
    Info: Pin inArr[4][10] not assigned to an exact location on the device
    Info: Pin inArr[4][11] not assigned to an exact location on the device
    Info: Pin inArr[4][12] not assigned to an exact location on the device
    Info: Pin inArr[4][13] not assigned to an exact location on the device
    Info: Pin inArr[4][14] not assigned to an exact location on the device
    Info: Pin inArr[4][15] not assigned to an exact location on the device
    Info: Pin inArr[4][16] not assigned to an exact location on the device
    Info: Pin inArr[4][17] not assigned to an exact location on the device
    Info: Pin inArr[4][18] not assigned to an exact location on the device
    Info: Pin inArr[4][19] not assigned to an exact location on the device
    Info: Pin inArr[4][20] not assigned to an exact location on the device
    Info: Pin inArr[4][21] not assigned to an exact location on the device
    Info: Pin inArr[4][22] not assigned to an exact location on the device
    Info: Pin inArr[4][23] not assigned to an exact location on the device
    Info: Pin inArr[4][24] not assigned to an exact location on the device
    Info: Pin inArr[4][25] not assigned to an exact location on the device
    Info: Pin inArr[4][26] not assigned to an exact location on the device
    Info: Pin inArr[4][27] not assigned to an exact location on the device
    Info: Pin inArr[4][28] not assigned to an exact location on the device
    Info: Pin inArr[4][29] not assigned to an exact location on the device
    Info: Pin inArr[4][30] not assigned to an exact location on the device
    Info: Pin inArr[4][31] not assigned to an exact location on the device
    Info: Pin inArr[3][0] not assigned to an exact location on the device
    Info: Pin inArr[3][1] not assigned to an exact location on the device
    Info: Pin inArr[3][2] not assigned to an exact location on the device
    Info: Pin inArr[3][3] not assigned to an exact location on the device
    Info: Pin inArr[3][4] not assigned to an exact location on the device
    Info: Pin inArr[3][5] not assigned to an exact location on the device
    Info: Pin inArr[3][6] not assigned to an exact location on the device
    Info: Pin inArr[3][7] not assigned to an exact location on the device
    Info: Pin inArr[3][8] not assigned to an exact location on the device
    Info: Pin inArr[3][9] not assigned to an exact location on the device
    Info: Pin inArr[3][10] not assigned to an exact location on the device
    Info: Pin inArr[3][11] not assigned to an exact location on the device
    Info: Pin inArr[3][12] not assigned to an exact location on the device
    Info: Pin inArr[3][13] not assigned to an exact location on the device
    Info: Pin inArr[3][14] not assigned to an exact location on the device
    Info: Pin inArr[3][15] not assigned to an exact location on the device
    Info: Pin inArr[3][16] not assigned to an exact location on the device
    Info: Pin inArr[3][17] not assigned to an exact location on the device
    Info: Pin inArr[3][18] not assigned to an exact location on the device
    Info: Pin inArr[3][19] not assigned to an exact location on the device
    Info: Pin inArr[3][20] not assigned to an exact location on the device
    Info: Pin inArr[3][21] not assigned to an exact location on the device
    Info: Pin inArr[3][22] not assigned to an exact location on the device
    Info: Pin inArr[3][23] not assigned to an exact location on the device
    Info: Pin inArr[3][24] not assigned to an exact location on the device
    Info: Pin inArr[3][25] not assigned to an exact location on the device
    Info: Pin inArr[3][26] not assigned to an exact location on the device
    Info: Pin inArr[3][27] not assigned to an exact location on the device
    Info: Pin inArr[3][28] not assigned to an exact location on the device
    Info: Pin inArr[3][29] not assigned to an exact location on the device
    Info: Pin inArr[3][30] not assigned to an exact location on the device
    Info: Pin inArr[3][31] not assigned to an exact location on the device
    Info: Pin inArr[2][0] not assigned to an exact location on the device
    Info: Pin inArr[2][1] not assigned to an exact location on the device
    Info: Pin inArr[2][2] not assigned to an exact location on the device
    Info: Pin inArr[2][3] not assigned to an exact location on the device
    Info: Pin inArr[2][4] not assigned to an exact location on the device
    Info: Pin inArr[2][5] not assigned to an exact location on the device
    Info: Pin inArr[2][6] not assigned to an exact location on the device
    Info: Pin inArr[2][7] not assigned to an exact location on the device
    Info: Pin inArr[2][8] not assigned to an exact location on the device
    Info: Pin inArr[2][9] not assigned to an exact location on the device
    Info: Pin inArr[2][10] not assigned to an exact location on the device
    Info: Pin inArr[2][11] not assigned to an exact location on the device
    Info: Pin inArr[2][12] not assigned to an exact location on the device
    Info: Pin inArr[2][13] not assigned to an exact location on the device
    Info: Pin inArr[2][14] not assigned to an exact location on the device
    Info: Pin inArr[2][15] not assigned to an exact location on the device
    Info: Pin inArr[2][16] not assigned to an exact location on the device
    Info: Pin inArr[2][17] not assigned to an exact location on the device
    Info: Pin inArr[2][18] not assigned to an exact location on the device
    Info: Pin inArr[2][19] not assigned to an exact location on the device
    Info: Pin inArr[2][20] not assigned to an exact location on the device
    Info: Pin inArr[2][21] not assigned to an exact location on the device
    Info: Pin inArr[2][22] not assigned to an exact location on the device
    Info: Pin inArr[2][23] not assigned to an exact location on the device
    Info: Pin inArr[2][24] not assigned to an exact location on the device
    Info: Pin inArr[2][25] not assigned to an exact location on the device
    Info: Pin inArr[2][26] not assigned to an exact location on the device
    Info: Pin inArr[2][27] not assigned to an exact location on the device
    Info: Pin inArr[2][28] not assigned to an exact location on the device
    Info: Pin inArr[2][29] not assigned to an exact location on the device
    Info: Pin inArr[2][30] not assigned to an exact location on the device
    Info: Pin inArr[2][31] not assigned to an exact location on the device
    Info: Pin inArr[1][0] not assigned to an exact location on the device
    Info: Pin inArr[1][1] not assigned to an exact location on the device
    Info: Pin inArr[1][2] not assigned to an exact location on the device
    Info: Pin inArr[1][3] not assigned to an exact location on the device
    Info: Pin inArr[1][4] not assigned to an exact location on the device
    Info: Pin inArr[1][5] not assigned to an exact location on the device
    Info: Pin inArr[1][6] not assigned to an exact location on the device
    Info: Pin inArr[1][7] not assigned to an exact location on the device
    Info: Pin inArr[1][8] not assigned to an exact location on the device
    Info: Pin inArr[1][9] not assigned to an exact location on the device
    Info: Pin inArr[1][10] not assigned to an exact location on the device
    Info: Pin inArr[1][11] not assigned to an exact location on the device
    Info: Pin inArr[1][12] not assigned to an exact location on the device
    Info: Pin inArr[1][13] not assigned to an exact location on the device
    Info: Pin inArr[1][14] not assigned to an exact location on the device
    Info: Pin inArr[1][15] not assigned to an exact location on the device
    Info: Pin inArr[1][16] not assigned to an exact location on the device
    Info: Pin inArr[1][17] not assigned to an exact location on the device
    Info: Pin inArr[1][18] not assigned to an exact location on the device
    Info: Pin inArr[1][19] not assigned to an exact location on the device
    Info: Pin inArr[1][20] not assigned to an exact location on the device
    Info: Pin inArr[1][21] not assigned to an exact location on the device
    Info: Pin inArr[1][22] not assigned to an exact location on the device
    Info: Pin inArr[1][23] not assigned to an exact location on the device
    Info: Pin inArr[1][24] not assigned to an exact location on the device
    Info: Pin inArr[1][25] not assigned to an exact location on the device
    Info: Pin inArr[1][26] not assigned to an exact location on the device
    Info: Pin inArr[1][27] not assigned to an exact location on the device
    Info: Pin inArr[1][28] not assigned to an exact location on the device
    Info: Pin inArr[1][29] not assigned to an exact location on the device
    Info: Pin inArr[1][30] not assigned to an exact location on the device
    Info: Pin inArr[1][31] not assigned to an exact location on the device
    Info: Pin inArr[0][0] not assigned to an exact location on the device
    Info: Pin inArr[0][1] not assigned to an exact location on the device
    Info: Pin inArr[0][2] not assigned to an exact location on the device
    Info: Pin inArr[0][3] not assigned to an exact location on the device
    Info: Pin inArr[0][4] not assigned to an exact location on the device
    Info: Pin inArr[0][5] not assigned to an exact location on the device
    Info: Pin inArr[0][6] not assigned to an exact location on the device
    Info: Pin inArr[0][7] not assigned to an exact location on the device
    Info: Pin inArr[0][8] not assigned to an exact location on the device
    Info: Pin inArr[0][9] not assigned to an exact location on the device
    Info: Pin inArr[0][10] not assigned to an exact location on the device
    Info: Pin inArr[0][11] not assigned to an exact location on the device
    Info: Pin inArr[0][12] not assigned to an exact location on the device
    Info: Pin inArr[0][13] not assigned to an exact location on the device
    Info: Pin inArr[0][14] not assigned to an exact location on the device
    Info: Pin inArr[0][15] not assigned to an exact location on the device
    Info: Pin inArr[0][16] not assigned to an exact location on the device
    Info: Pin inArr[0][17] not assigned to an exact location on the device
    Info: Pin inArr[0][18] not assigned to an exact location on the device
    Info: Pin inArr[0][19] not assigned to an exact location on the device
    Info: Pin inArr[0][20] not assigned to an exact location on the device
    Info: Pin inArr[0][21] not assigned to an exact location on the device
    Info: Pin inArr[0][22] not assigned to an exact location on the device
    Info: Pin inArr[0][23] not assigned to an exact location on the device
    Info: Pin inArr[0][24] not assigned to an exact location on the device
    Info: Pin inArr[0][25] not assigned to an exact location on the device
    Info: Pin inArr[0][26] not assigned to an exact location on the device
    Info: Pin inArr[0][27] not assigned to an exact location on the device
    Info: Pin inArr[0][28] not assigned to an exact location on the device
    Info: Pin inArr[0][29] not assigned to an exact location on the device
    Info: Pin inArr[0][30] not assigned to an exact location on the device
    Info: Pin inArr[0][31] not assigned to an exact location on the device
Info: Timing requirements not specified -- optimizing circuit to achieve the following default global requirements
    Info: Assuming a global fmax requirement of 1 MHz
    Info: Not setting a global tsu requirement
    Info: Not setting a global tco requirement
    Info: Not setting a global tpd requirement
Info: Performing register packing on registers with non-logic cell location assignments
Info: Completed register packing on registers with non-logic cell location assignments
Info: Completed User Assigned Global Signals Promotion Operation
Info: Automatically promoted signal "clk" to use Global clock in PIN P2
Info: Completed Auto Global Promotion Operation
Info: Starting register packing
Info: Started Fast Input/Output/OE register processing
Info: Finished Fast Input/Output/OE register processing
Info: Start inferring scan chains for DSP blocks
Info: Inferring scan chains for DSP blocks is complete
Info: Fitter is using Normal packing mode for logic elements with Auto setting for Auto Packed Registers logic option
Info: Moving registers into I/O cells, LUTs, RAM blocks, and DSP blocks to improve timing and density
Info: Finished moving registers into LUTs, I/O cells, DSP blocks, and RAM blocks
Info: Finished register packing
Info: Statistics of I/O pins that need to be placed that use the same VCCIO and VREF, before I/O pin placement
    Info: Number of I/O pins in group: 516 (unused VREF, 3.30 VCCIO, 258 input, 258 output, 0 bidirectional)
        Info: I/O standards used: LVTTL.
Info: I/O bank details before I/O pin placement
    Info: Statistics of I/O banks
        Info: I/O bank number 1 does not use VREF pins and has unused VCCIO pins. 0 total pin(s) used --  68 pins available
        Info: I/O bank number 2 does not use VREF pins and has unused VCCIO pins. 0 total pin(s) used --  72 pins available
        Info: I/O bank number 3 does not use VREF pins and has unused VCCIO pins. 0 total pin(s) used --  70 pins available
        Info: I/O bank number 4 does not use VREF pins and has unused VCCIO pins. 1 total pin(s) used --  72 pins available
        Info: I/O bank number 5 does not use VREF pins and has unused VCCIO pins. 1 total pin(s) used --  71 pins available
        Info: I/O bank number 6 does not use VREF pins and has unused VCCIO pins. 0 total pin(s) used --  68 pins available
        Info: I/O bank number 7 does not use VREF pins and has unused VCCIO pins. 0 total pin(s) used --  73 pins available
        Info: I/O bank number 8 does not use VREF pins and has unused VCCIO pins. 0 total pin(s) used --  70 pins available
        Info: I/O bank number 9 does not use VREF pins and has unused VCCIO pins. 0 total pin(s) used --  6 pins available
        Info: I/O bank number 10 does not use VREF pins and has unused VCCIO pins. 0 total pin(s) used --  4 pins available
        Info: I/O bank number 11 does not use VREF pins and has unused VCCIO pins. 0 total pin(s) used --  6 pins available
        Info: I/O bank number 12 does not use VREF pins and has unused VCCIO pins. 0 total pin(s) used --  4 pins available
Info: Fitter placement preparation operations beginning
Info: Fitter placement preparation operations ending: elapsed time is 00:00:00
Info: Fitter placement operations beginning
Info: Fitter placement was successful
Info: Estimated most critical path is register to register delay of 9.645 ns
    Info: 1: + IC(0.000 ns) + CELL(0.000 ns) = 0.000 ns; Loc. = LAB_X36_Y35; Fanout = 115; REG Node = 'j[2]'
    Info: 2: + IC(0.404 ns) + CELL(0.280 ns) = 0.684 ns; Loc. = LAB_X37_Y35; Fanout = 96; COMB Node = 'add~238'
    Info: 3: + IC(1.034 ns) + CELL(0.366 ns) = 2.084 ns; Loc. = LAB_X30_Y37; Fanout = 1; COMB Node = 'Mux~2380'
    Info: 4: + IC(0.285 ns) + CELL(0.183 ns) = 2.552 ns; Loc. = LAB_X30_Y37; Fanout = 1; COMB Node = 'Mux~2381'
    Info: 5: + IC(0.102 ns) + CELL(0.366 ns) = 3.020 ns; Loc. = LAB_X30_Y37; Fanout = 10; COMB Node = 'Mux~2384'
    Info: 6: + IC(1.199 ns) + CELL(0.443 ns) = 4.662 ns; Loc. = LAB_X33_Y33; Fanout = 1; COMB Node = 'LessThan~610'
    Info: 7: + IC(0.000 ns) + CELL(0.058 ns) = 4.720 ns; Loc. = LAB_X33_Y33; Fanout = 1; COMB Node = 'LessThan~605'
    Info: 8: + IC(0.000 ns) + CELL(0.058 ns) = 4.778 ns; Loc. = LAB_X33_Y33; Fanout = 1; COMB Node = 'LessThan~600'
    Info: 9: + IC(0.000 ns) + CELL(0.058 ns) = 4.836 ns; Loc. = LAB_X33_Y33; Fanout = 1; COMB Node = 'LessThan~595'
    Info: 10: + IC(0.000 ns) + CELL(0.214 ns) = 5.050 ns; Loc. = LAB_X33_Y33; Fanout = 1; COMB Node = 'LessThan~590'
    Info: 11: + IC(0.000 ns) + CELL(0.098 ns) = 5.148 ns; Loc. = LAB_X33_Y33; Fanout = 1; COMB Node = 'LessThan~565'
    Info: 12: + IC(0.000 ns) + CELL(0.098 ns) = 5.246 ns; Loc. = LAB_X33_Y32; Fanout = 1; COMB Node = 'LessThan~540'
    Info: 13: + IC(0.000 ns) + CELL(0.098 ns) = 5.344 ns; Loc. = LAB_X33_Y32; Fanout = 1; COMB Node = 'LessThan~515'
    Info: 14: + IC(0.000 ns) + CELL(0.098 ns) = 5.442 ns; Loc. = LAB_X33_Y31; Fanout = 1; COMB Node = 'LessThan~490'
    Info: 15: + IC(0.000 ns) + CELL(0.469 ns) = 5.911 ns; Loc. = LAB_X33_Y31; Fanout = 6; COMB Node = 'LessThan~483'
    Info: 16: + IC(0.279 ns) + CELL(0.366 ns) = 6.556 ns; Loc. = LAB_X34_Y31; Fanout = 7; COMB Node = 'localArr[7][18]~3960'
    Info: 17: + IC(0.844 ns) + CELL(0.280 ns) = 7.680 ns; Loc. = LAB_X35_Y33; Fanout = 32; COMB Node = 'localArr[0][0]~3974'
    Info: 18: + IC(1.260 ns) + CELL(0.705 ns) = 9.645 ns; Loc. = LAB_X33_Y28; Fanout = 3; REG Node = 'localArr[0][9]'
    Info: Total cell delay = 4.238 ns ( 43.94 % )
    Info: Total interconnect delay = 5.407 ns ( 56.06 % )
Info: Fitter placement operations ending: elapsed time is 00:00:01
Info: Fitter routing operations beginning
Info: Average interconnect usage is 3% of the available device resources. Peak interconnect usage is 11%.
Info: Fitter routing operations ending: elapsed time is 00:00:01
Info: Fitter performed an Auto Fit compilation. Optimizations were skipped to reduce compilation time.
Info: Completed Fixed Delay Chain Operation
Info: Started post-fitting delay annotation
Info: Delay annotation completed successfully
Info: Completed Auto Delay Chain Operation
Info: Quartus II Fitter was successful. 0 errors, 0 warnings
    Info: Processing ended: Mon Mar 07 19:29:20 2022
    Info: Elapsed time: 00:00:11


