Timing Analyzer report for insertSort
Mon Mar 07 19:29:24 2022
Version 5.0 Build 148 04/26/2005 SJ Full Version


---------------------
; Table of Contents ;
---------------------
  1. Legal Notice
  2. Timing Analyzer Summary
  3. Timing Analyzer Settings
  4. Clock Settings Summary
  5. Clock Setup: 'clk'
  6. tsu
  7. tco
  8. th
  9. Timing Analyzer Messages



----------------
; Legal Notice ;
----------------
Copyright (C) 1991-2005 Altera Corporation
Your use of Altera Corporation's design tools, logic functions 
and other software and tools, and its AMPP partner logic       
functions, and any output files any of the foregoing           
(including device programming or simulation files), and any    
associated documentation or information are expressly subject  
to the terms and conditions of the Altera Program License      
Subscription Agreement, Altera MegaCore Function License       
Agreement, or other applicable license agreement, including,   
without limitation, that your use is for the sole purpose of   
programming logic devices manufactured by Altera and sold by   
Altera or its authorized distributors.  Please refer to the    
applicable agreement for further details.



+-----------------------------------------------------------------------------------------------------------------------------------------------------------------------+
; Timing Analyzer Summary                                                                                                                                               ;
+------------------------------+-------+---------------+----------------------------------+--------------------+-----------------+------------+----------+--------------+
; Type                         ; Slack ; Required Time ; Actual Time                      ; From               ; To              ; From Clock ; To Clock ; Failed Paths ;
+------------------------------+-------+---------------+----------------------------------+--------------------+-----------------+------------+----------+--------------+
; Worst-case tsu               ; N/A   ; None          ; 7.041 ns                         ; start              ; localArr[4][24] ;            ; clk      ; 0            ;
; Worst-case tco               ; N/A   ; None          ; 8.875 ns                         ; outArr[6][26]~reg0 ; outArr[6][26]   ; clk        ;          ; 0            ;
; Worst-case th                ; N/A   ; None          ; -1.929 ns                        ; inArr[1][7]        ; localArr[1][7]  ;            ; clk      ; 0            ;
; Clock Setup: 'clk'           ; N/A   ; None          ; 79.16 MHz ( period = 12.633 ns ) ; j[2]               ; localArr[1][0]  ; clk        ; clk      ; 0            ;
; Total number of failed paths ;       ;               ;                                  ;                    ;                 ;            ;          ; 0            ;
+------------------------------+-------+---------------+----------------------------------+--------------------+-----------------+------------+----------+--------------+


+------------------------------------------------------------------------------------------------------+
; Timing Analyzer Settings                                                                             ;
+-------------------------------------------------------+--------------------+------+----+-------------+
; Option                                                ; Setting            ; From ; To ; Entity Name ;
+-------------------------------------------------------+--------------------+------+----+-------------+
; Device Name                                           ; EP1S20F780C5       ;      ;    ;             ;
; Timing Models                                         ; Final              ;      ;    ;             ;
; Number of source nodes to report per destination node ; 10                 ;      ;    ;             ;
; Number of destination nodes to report                 ; 10                 ;      ;    ;             ;
; Number of paths to report                             ; 200                ;      ;    ;             ;
; Report Minimum Timing Checks                          ; Off                ;      ;    ;             ;
; Use Fast Timing Models                                ; Off                ;      ;    ;             ;
; Report IO Paths Separately                            ; Off                ;      ;    ;             ;
; Default hold multicycle                               ; Same as Multicycle ;      ;    ;             ;
; Cut paths between unrelated clock domains             ; On                 ;      ;    ;             ;
; Cut off read during write signal paths                ; On                 ;      ;    ;             ;
; Cut off feedback from I/O pins                        ; On                 ;      ;    ;             ;
; Report Combined Fast/Slow Timing                      ; Off                ;      ;    ;             ;
; Ignore Clock Settings                                 ; Off                ;      ;    ;             ;
; Analyze latches as synchronous elements               ; Off                ;      ;    ;             ;
; Enable Recovery/Removal analysis                      ; Off                ;      ;    ;             ;
; Enable Clock Latency                                  ; Off                ;      ;    ;             ;
+-------------------------------------------------------+--------------------+------+----+-------------+


+------------------------------------------------------------------------------------------------------------------------------------------------------------------------------------+
; Clock Settings Summary                                                                                                                                                             ;
+-----------------+--------------------+----------+------------------+---------------+--------------+----------+-----------------------+---------------------+--------+--------------+
; Clock Node Name ; Clock Setting Name ; Type     ; Fmax Requirement ; Early Latency ; Late Latency ; Based on ; Multiply Base Fmax by ; Divide Base Fmax by ; Offset ; Phase offset ;
+-----------------+--------------------+----------+------------------+---------------+--------------+----------+-----------------------+---------------------+--------+--------------+
; clk             ;                    ; User Pin ; NONE             ; 0.000 ns      ; 0.000 ns     ; NONE     ; N/A                   ; N/A                 ; N/A    ;              ;
+-----------------+--------------------+----------+------------------+---------------+--------------+----------+-----------------------+---------------------+--------+--------------+


+------------------------------------------------------------------------------------------------------------------------------------------------------------------------------------------------------------------------------------+
; Clock Setup: 'clk'                                                                                                                                                                                                                 ;
+-----------------------------------------+-----------------------------------------------------+------+-----------------+------------+----------+-----------------------------+---------------------------+-------------------------+
; Slack                                   ; Actual fmax (period)                                ; From ; To              ; From Clock ; To Clock ; Required Setup Relationship ; Required Longest P2P Time ; Actual Longest P2P Time ;
+-----------------------------------------+-----------------------------------------------------+------+-----------------+------------+----------+-----------------------------+---------------------------+-------------------------+
; N/A                                     ; 79.16 MHz ( period = 12.633 ns )                    ; j[2] ; localArr[1][0]  ; clk        ; clk      ; None                        ; None                      ; 12.460 ns               ;
; N/A                                     ; 79.34 MHz ( period = 12.604 ns )                    ; j[2] ; localArr[5][27] ; clk        ; clk      ; None                        ; None                      ; 12.417 ns               ;
; N/A                                     ; 80.61 MHz ( period = 12.405 ns )                    ; j[2] ; localArr[5][5]  ; clk        ; clk      ; None                        ; None                      ; 12.207 ns               ;
; N/A                                     ; 80.72 MHz ( period = 12.389 ns )                    ; j[2] ; localArr[5][6]  ; clk        ; clk      ; None                        ; None                      ; 12.196 ns               ;
; N/A                                     ; 80.76 MHz ( period = 12.383 ns )                    ; j[2] ; localArr[5][8]  ; clk        ; clk      ; None                        ; None                      ; 12.179 ns               ;
; N/A                                     ; 80.78 MHz ( period = 12.379 ns )                    ; j[2] ; localArr[5][7]  ; clk        ; clk      ; None                        ; None                      ; 12.181 ns               ;
; N/A                                     ; 80.83 MHz ( period = 12.372 ns )                    ; j[2] ; localArr[5][17] ; clk        ; clk      ; None                        ; None                      ; 12.179 ns               ;
; N/A                                     ; 80.86 MHz ( period = 12.367 ns )                    ; j[2] ; localArr[5][16] ; clk        ; clk      ; None                        ; None                      ; 12.163 ns               ;
; N/A                                     ; 80.90 MHz ( period = 12.361 ns )                    ; j[2] ; localArr[5][29] ; clk        ; clk      ; None                        ; None                      ; 12.166 ns               ;
; N/A                                     ; 81.08 MHz ( period = 12.334 ns )                    ; j[2] ; localArr[5][21] ; clk        ; clk      ; None                        ; None                      ; 12.180 ns               ;
; N/A                                     ; 81.09 MHz ( period = 12.332 ns )                    ; j[2] ; localArr[5][19] ; clk        ; clk      ; None                        ; None                      ; 12.178 ns               ;
; N/A                                     ; 81.10 MHz ( period = 12.330 ns )                    ; j[2] ; localArr[5][18] ; clk        ; clk      ; None                        ; None                      ; 12.171 ns               ;
; N/A                                     ; 81.15 MHz ( period = 12.323 ns )                    ; j[2] ; localArr[5][22] ; clk        ; clk      ; None                        ; None                      ; 12.164 ns               ;
; N/A                                     ; 81.27 MHz ( period = 12.305 ns )                    ; j[2] ; localArr[5][24] ; clk        ; clk      ; None                        ; None                      ; 12.146 ns               ;
; N/A                                     ; 81.29 MHz ( period = 12.301 ns )                    ; j[2] ; localArr[5][23] ; clk        ; clk      ; None                        ; None                      ; 12.142 ns               ;
; N/A                                     ; 81.54 MHz ( period = 12.264 ns )                    ; j[0] ; localArr[1][0]  ; clk        ; clk      ; None                        ; None                      ; 12.091 ns               ;
; N/A                                     ; 81.73 MHz ( period = 12.235 ns )                    ; j[0] ; localArr[5][27] ; clk        ; clk      ; None                        ; None                      ; 12.048 ns               ;
; N/A                                     ; 81.89 MHz ( period = 12.211 ns )                    ; j[2] ; localArr[1][2]  ; clk        ; clk      ; None                        ; None                      ; 12.045 ns               ;
; N/A                                     ; 81.89 MHz ( period = 12.211 ns )                    ; j[2] ; localArr[1][1]  ; clk        ; clk      ; None                        ; None                      ; 12.045 ns               ;
; N/A                                     ; 81.97 MHz ( period = 12.200 ns )                    ; j[2] ; localArr[1][26] ; clk        ; clk      ; None                        ; None                      ; 12.046 ns               ;
; N/A                                     ; 81.97 MHz ( period = 12.200 ns )                    ; j[2] ; localArr[1][25] ; clk        ; clk      ; None                        ; None                      ; 12.046 ns               ;
; N/A                                     ; 81.97 MHz ( period = 12.200 ns )                    ; j[2] ; localArr[1][24] ; clk        ; clk      ; None                        ; None                      ; 12.046 ns               ;
; N/A                                     ; 81.97 MHz ( period = 12.200 ns )                    ; j[2] ; localArr[1][23] ; clk        ; clk      ; None                        ; None                      ; 12.046 ns               ;
; N/A                                     ; 81.97 MHz ( period = 12.200 ns )                    ; j[2] ; localArr[1][22] ; clk        ; clk      ; None                        ; None                      ; 12.046 ns               ;
; N/A                                     ; 81.97 MHz ( period = 12.200 ns )                    ; j[2] ; localArr[1][21] ; clk        ; clk      ; None                        ; None                      ; 12.046 ns               ;
; N/A                                     ; 82.18 MHz ( period = 12.169 ns )                    ; j[2] ; localArr[5][3]  ; clk        ; clk      ; None                        ; None                      ; 11.965 ns               ;
; N/A                                     ; 82.70 MHz ( period = 12.092 ns )                    ; j[2] ; localArr[5][20] ; clk        ; clk      ; None                        ; None                      ; 11.938 ns               ;
; N/A                                     ; 82.74 MHz ( period = 12.086 ns )                    ; j[2] ; localArr[6][21] ; clk        ; clk      ; None                        ; None                      ; 11.888 ns               ;
; N/A                                     ; 82.74 MHz ( period = 12.086 ns )                    ; j[2] ; localArr[6][20] ; clk        ; clk      ; None                        ; None                      ; 11.888 ns               ;
; N/A                                     ; 82.74 MHz ( period = 12.086 ns )                    ; j[2] ; localArr[6][19] ; clk        ; clk      ; None                        ; None                      ; 11.888 ns               ;
; N/A                                     ; 82.74 MHz ( period = 12.086 ns )                    ; j[2] ; localArr[6][18] ; clk        ; clk      ; None                        ; None                      ; 11.888 ns               ;
; N/A                                     ; 82.74 MHz ( period = 12.086 ns )                    ; j[2] ; localArr[6][17] ; clk        ; clk      ; None                        ; None                      ; 11.888 ns               ;
; N/A                                     ; 82.74 MHz ( period = 12.086 ns )                    ; j[2] ; localArr[6][16] ; clk        ; clk      ; None                        ; None                      ; 11.888 ns               ;
; N/A                                     ; 82.86 MHz ( period = 12.068 ns )                    ; j[2] ; localArr[4][24] ; clk        ; clk      ; None                        ; None                      ; 11.919 ns               ;
; N/A                                     ; 82.86 MHz ( period = 12.068 ns )                    ; j[2] ; localArr[4][23] ; clk        ; clk      ; None                        ; None                      ; 11.919 ns               ;
; N/A                                     ; 82.86 MHz ( period = 12.068 ns )                    ; j[2] ; localArr[4][22] ; clk        ; clk      ; None                        ; None                      ; 11.919 ns               ;
; N/A                                     ; 82.86 MHz ( period = 12.068 ns )                    ; j[2] ; localArr[4][21] ; clk        ; clk      ; None                        ; None                      ; 11.919 ns               ;
; N/A                                     ; 83.00 MHz ( period = 12.048 ns )                    ; j[2] ; localArr[4][20] ; clk        ; clk      ; None                        ; None                      ; 11.899 ns               ;
; N/A                                     ; 83.00 MHz ( period = 12.048 ns )                    ; j[2] ; localArr[4][19] ; clk        ; clk      ; None                        ; None                      ; 11.899 ns               ;
; N/A                                     ; 83.00 MHz ( period = 12.048 ns )                    ; j[2] ; localArr[4][18] ; clk        ; clk      ; None                        ; None                      ; 11.899 ns               ;
; N/A                                     ; 83.00 MHz ( period = 12.048 ns )                    ; j[2] ; localArr[4][17] ; clk        ; clk      ; None                        ; None                      ; 11.899 ns               ;
; N/A                                     ; 83.07 MHz ( period = 12.038 ns )                    ; j[2] ; localArr[4][8]  ; clk        ; clk      ; None                        ; None                      ; 11.840 ns               ;
; N/A                                     ; 83.07 MHz ( period = 12.038 ns )                    ; j[2] ; localArr[4][7]  ; clk        ; clk      ; None                        ; None                      ; 11.840 ns               ;
; N/A                                     ; 83.07 MHz ( period = 12.038 ns )                    ; j[2] ; localArr[4][6]  ; clk        ; clk      ; None                        ; None                      ; 11.840 ns               ;
; N/A                                     ; 83.07 MHz ( period = 12.038 ns )                    ; j[2] ; localArr[4][5]  ; clk        ; clk      ; None                        ; None                      ; 11.840 ns               ;
; N/A                                     ; 83.08 MHz ( period = 12.036 ns )                    ; j[0] ; localArr[5][5]  ; clk        ; clk      ; None                        ; None                      ; 11.838 ns               ;
; N/A                                     ; 83.19 MHz ( period = 12.021 ns )                    ; j[2] ; localArr[1][20] ; clk        ; clk      ; None                        ; None                      ; 11.833 ns               ;
; N/A                                     ; 83.19 MHz ( period = 12.021 ns )                    ; j[2] ; localArr[1][19] ; clk        ; clk      ; None                        ; None                      ; 11.833 ns               ;
; N/A                                     ; 83.19 MHz ( period = 12.021 ns )                    ; j[2] ; localArr[1][18] ; clk        ; clk      ; None                        ; None                      ; 11.833 ns               ;
; N/A                                     ; 83.19 MHz ( period = 12.021 ns )                    ; j[2] ; localArr[1][17] ; clk        ; clk      ; None                        ; None                      ; 11.833 ns               ;
; N/A                                     ; 83.19 MHz ( period = 12.021 ns )                    ; j[2] ; localArr[1][16] ; clk        ; clk      ; None                        ; None                      ; 11.833 ns               ;
; N/A                                     ; 83.19 MHz ( period = 12.021 ns )                    ; j[2] ; localArr[1][15] ; clk        ; clk      ; None                        ; None                      ; 11.833 ns               ;
; N/A                                     ; 83.19 MHz ( period = 12.020 ns )                    ; j[0] ; localArr[5][6]  ; clk        ; clk      ; None                        ; None                      ; 11.827 ns               ;
; N/A                                     ; 83.24 MHz ( period = 12.014 ns )                    ; j[0] ; localArr[5][8]  ; clk        ; clk      ; None                        ; None                      ; 11.810 ns               ;
; N/A                                     ; 83.26 MHz ( period = 12.010 ns )                    ; j[0] ; localArr[5][7]  ; clk        ; clk      ; None                        ; None                      ; 11.812 ns               ;
; N/A                                     ; 83.31 MHz ( period = 12.003 ns )                    ; j[0] ; localArr[5][17] ; clk        ; clk      ; None                        ; None                      ; 11.810 ns               ;
; N/A                                     ; 83.35 MHz ( period = 11.998 ns )                    ; j[2] ; localArr[0][14] ; clk        ; clk      ; None                        ; None                      ; 11.780 ns               ;
; N/A                                     ; 83.35 MHz ( period = 11.998 ns )                    ; j[2] ; localArr[0][13] ; clk        ; clk      ; None                        ; None                      ; 11.780 ns               ;
; N/A                                     ; 83.35 MHz ( period = 11.998 ns )                    ; j[2] ; localArr[0][12] ; clk        ; clk      ; None                        ; None                      ; 11.780 ns               ;
; N/A                                     ; 83.35 MHz ( period = 11.998 ns )                    ; j[2] ; localArr[0][11] ; clk        ; clk      ; None                        ; None                      ; 11.780 ns               ;
; N/A                                     ; 83.35 MHz ( period = 11.998 ns )                    ; j[2] ; localArr[0][10] ; clk        ; clk      ; None                        ; None                      ; 11.780 ns               ;
; N/A                                     ; 83.35 MHz ( period = 11.998 ns )                    ; j[2] ; localArr[0][9]  ; clk        ; clk      ; None                        ; None                      ; 11.780 ns               ;
; N/A                                     ; 83.35 MHz ( period = 11.998 ns )                    ; j[0] ; localArr[5][16] ; clk        ; clk      ; None                        ; None                      ; 11.794 ns               ;
; N/A                                     ; 83.39 MHz ( period = 11.992 ns )                    ; j[0] ; localArr[5][29] ; clk        ; clk      ; None                        ; None                      ; 11.797 ns               ;
; N/A                                     ; 83.39 MHz ( period = 11.992 ns )                    ; j[2] ; localArr[5][4]  ; clk        ; clk      ; None                        ; None                      ; 11.780 ns               ;
; N/A                                     ; 83.55 MHz ( period = 11.969 ns )                    ; j[2] ; localArr[5][1]  ; clk        ; clk      ; None                        ; None                      ; 11.757 ns               ;
; N/A                                     ; 83.58 MHz ( period = 11.965 ns )                    ; j[0] ; localArr[5][21] ; clk        ; clk      ; None                        ; None                      ; 11.811 ns               ;
; N/A                                     ; 83.59 MHz ( period = 11.963 ns )                    ; j[0] ; localArr[5][19] ; clk        ; clk      ; None                        ; None                      ; 11.809 ns               ;
; N/A                                     ; 83.61 MHz ( period = 11.961 ns )                    ; j[0] ; localArr[5][18] ; clk        ; clk      ; None                        ; None                      ; 11.802 ns               ;
; N/A                                     ; 83.65 MHz ( period = 11.954 ns )                    ; j[0] ; localArr[5][22] ; clk        ; clk      ; None                        ; None                      ; 11.795 ns               ;
; N/A                                     ; 83.68 MHz ( period = 11.951 ns )                    ; j[2] ; localArr[5][10] ; clk        ; clk      ; None                        ; None                      ; 11.729 ns               ;
; N/A                                     ; 83.78 MHz ( period = 11.936 ns )                    ; j[0] ; localArr[5][24] ; clk        ; clk      ; None                        ; None                      ; 11.777 ns               ;
; N/A                                     ; 83.79 MHz ( period = 11.934 ns )                    ; j[2] ; localArr[5][14] ; clk        ; clk      ; None                        ; None                      ; 11.700 ns               ;
; N/A                                     ; 83.81 MHz ( period = 11.932 ns )                    ; j[0] ; localArr[5][23] ; clk        ; clk      ; None                        ; None                      ; 11.773 ns               ;
; N/A                                     ; 83.82 MHz ( period = 11.930 ns )                    ; j[2] ; localArr[1][8]  ; clk        ; clk      ; None                        ; None                      ; 11.742 ns               ;
; N/A                                     ; 83.82 MHz ( period = 11.930 ns )                    ; j[2] ; localArr[1][7]  ; clk        ; clk      ; None                        ; None                      ; 11.742 ns               ;
; N/A                                     ; 83.82 MHz ( period = 11.930 ns )                    ; j[2] ; localArr[1][6]  ; clk        ; clk      ; None                        ; None                      ; 11.742 ns               ;
; N/A                                     ; 83.82 MHz ( period = 11.930 ns )                    ; j[2] ; localArr[1][5]  ; clk        ; clk      ; None                        ; None                      ; 11.742 ns               ;
; N/A                                     ; 83.82 MHz ( period = 11.930 ns )                    ; j[2] ; localArr[1][4]  ; clk        ; clk      ; None                        ; None                      ; 11.742 ns               ;
; N/A                                     ; 83.82 MHz ( period = 11.930 ns )                    ; j[2] ; localArr[1][3]  ; clk        ; clk      ; None                        ; None                      ; 11.742 ns               ;
; N/A                                     ; 83.85 MHz ( period = 11.926 ns )                    ; j[2] ; localArr[5][15] ; clk        ; clk      ; None                        ; None                      ; 11.694 ns               ;
; N/A                                     ; 83.86 MHz ( period = 11.924 ns )                    ; j[2] ; localArr[5][9]  ; clk        ; clk      ; None                        ; None                      ; 11.699 ns               ;
; N/A                                     ; 83.93 MHz ( period = 11.915 ns )                    ; j[2] ; localArr[5][25] ; clk        ; clk      ; None                        ; None                      ; 11.749 ns               ;
; N/A                                     ; 83.96 MHz ( period = 11.910 ns )                    ; j[2] ; localArr[5][13] ; clk        ; clk      ; None                        ; None                      ; 11.685 ns               ;
; N/A                                     ; 83.98 MHz ( period = 11.908 ns )                    ; j[2] ; localArr[5][2]  ; clk        ; clk      ; None                        ; None                      ; 11.742 ns               ;
; N/A                                     ; 84.22 MHz ( period = 11.874 ns )                    ; j[2] ; localArr[0][8]  ; clk        ; clk      ; None                        ; None                      ; 11.681 ns               ;
; N/A                                     ; 84.22 MHz ( period = 11.874 ns )                    ; j[2] ; localArr[0][7]  ; clk        ; clk      ; None                        ; None                      ; 11.681 ns               ;
; N/A                                     ; 84.22 MHz ( period = 11.874 ns )                    ; j[2] ; localArr[0][6]  ; clk        ; clk      ; None                        ; None                      ; 11.681 ns               ;
; N/A                                     ; 84.22 MHz ( period = 11.874 ns )                    ; j[2] ; localArr[0][5]  ; clk        ; clk      ; None                        ; None                      ; 11.681 ns               ;
; N/A                                     ; 84.22 MHz ( period = 11.874 ns )                    ; j[2] ; localArr[0][4]  ; clk        ; clk      ; None                        ; None                      ; 11.681 ns               ;
; N/A                                     ; 84.22 MHz ( period = 11.874 ns )                    ; j[2] ; localArr[0][3]  ; clk        ; clk      ; None                        ; None                      ; 11.681 ns               ;
; N/A                                     ; 84.37 MHz ( period = 11.852 ns )                    ; j[2] ; localArr[5][30] ; clk        ; clk      ; None                        ; None                      ; 11.669 ns               ;
; N/A                                     ; 84.45 MHz ( period = 11.842 ns )                    ; j[0] ; localArr[1][2]  ; clk        ; clk      ; None                        ; None                      ; 11.676 ns               ;
; N/A                                     ; 84.45 MHz ( period = 11.842 ns )                    ; j[0] ; localArr[1][1]  ; clk        ; clk      ; None                        ; None                      ; 11.676 ns               ;
; N/A                                     ; 84.46 MHz ( period = 11.840 ns )                    ; j[2] ; localArr[0][20] ; clk        ; clk      ; None                        ; None                      ; 11.628 ns               ;
; N/A                                     ; 84.46 MHz ( period = 11.840 ns )                    ; j[2] ; localArr[0][19] ; clk        ; clk      ; None                        ; None                      ; 11.628 ns               ;
; N/A                                     ; 84.46 MHz ( period = 11.840 ns )                    ; j[2] ; localArr[0][18] ; clk        ; clk      ; None                        ; None                      ; 11.628 ns               ;
; N/A                                     ; 84.46 MHz ( period = 11.840 ns )                    ; j[2] ; localArr[0][17] ; clk        ; clk      ; None                        ; None                      ; 11.628 ns               ;
; N/A                                     ; 84.46 MHz ( period = 11.840 ns )                    ; j[2] ; localArr[0][16] ; clk        ; clk      ; None                        ; None                      ; 11.628 ns               ;
; N/A                                     ; 84.46 MHz ( period = 11.840 ns )                    ; j[2] ; localArr[0][15] ; clk        ; clk      ; None                        ; None                      ; 11.628 ns               ;
; N/A                                     ; 84.52 MHz ( period = 11.831 ns )                    ; j[0] ; localArr[1][26] ; clk        ; clk      ; None                        ; None                      ; 11.677 ns               ;
; N/A                                     ; 84.52 MHz ( period = 11.831 ns )                    ; j[0] ; localArr[1][25] ; clk        ; clk      ; None                        ; None                      ; 11.677 ns               ;
; N/A                                     ; 84.52 MHz ( period = 11.831 ns )                    ; j[0] ; localArr[1][24] ; clk        ; clk      ; None                        ; None                      ; 11.677 ns               ;
; N/A                                     ; 84.52 MHz ( period = 11.831 ns )                    ; j[0] ; localArr[1][23] ; clk        ; clk      ; None                        ; None                      ; 11.677 ns               ;
; N/A                                     ; 84.52 MHz ( period = 11.831 ns )                    ; j[0] ; localArr[1][22] ; clk        ; clk      ; None                        ; None                      ; 11.677 ns               ;
; N/A                                     ; 84.52 MHz ( period = 11.831 ns )                    ; j[0] ; localArr[1][21] ; clk        ; clk      ; None                        ; None                      ; 11.677 ns               ;
; N/A                                     ; 84.63 MHz ( period = 11.816 ns )                    ; j[2] ; localArr[1][14] ; clk        ; clk      ; None                        ; None                      ; 11.591 ns               ;
; N/A                                     ; 84.63 MHz ( period = 11.816 ns )                    ; j[2] ; localArr[1][13] ; clk        ; clk      ; None                        ; None                      ; 11.591 ns               ;
; N/A                                     ; 84.63 MHz ( period = 11.816 ns )                    ; j[2] ; localArr[1][12] ; clk        ; clk      ; None                        ; None                      ; 11.591 ns               ;
; N/A                                     ; 84.63 MHz ( period = 11.816 ns )                    ; j[2] ; localArr[1][11] ; clk        ; clk      ; None                        ; None                      ; 11.591 ns               ;
; N/A                                     ; 84.63 MHz ( period = 11.816 ns )                    ; j[2] ; localArr[1][10] ; clk        ; clk      ; None                        ; None                      ; 11.591 ns               ;
; N/A                                     ; 84.63 MHz ( period = 11.816 ns )                    ; j[2] ; localArr[1][9]  ; clk        ; clk      ; None                        ; None                      ; 11.591 ns               ;
; N/A                                     ; 84.75 MHz ( period = 11.800 ns )                    ; j[0] ; localArr[5][3]  ; clk        ; clk      ; None                        ; None                      ; 11.596 ns               ;
; N/A                                     ; 84.90 MHz ( period = 11.778 ns )                    ; j[2] ; localArr[5][12] ; clk        ; clk      ; None                        ; None                      ; 11.534 ns               ;
; N/A                                     ; 84.93 MHz ( period = 11.775 ns )                    ; j[1] ; localArr[1][0]  ; clk        ; clk      ; None                        ; None                      ; 11.602 ns               ;
; N/A                                     ; 85.14 MHz ( period = 11.746 ns )                    ; j[1] ; localArr[5][27] ; clk        ; clk      ; None                        ; None                      ; 11.559 ns               ;
; N/A                                     ; 85.30 MHz ( period = 11.723 ns )                    ; j[0] ; localArr[5][20] ; clk        ; clk      ; None                        ; None                      ; 11.569 ns               ;
; N/A                                     ; 85.35 MHz ( period = 11.717 ns )                    ; j[0] ; localArr[6][21] ; clk        ; clk      ; None                        ; None                      ; 11.519 ns               ;
; N/A                                     ; 85.35 MHz ( period = 11.717 ns )                    ; j[0] ; localArr[6][20] ; clk        ; clk      ; None                        ; None                      ; 11.519 ns               ;
; N/A                                     ; 85.35 MHz ( period = 11.717 ns )                    ; j[0] ; localArr[6][19] ; clk        ; clk      ; None                        ; None                      ; 11.519 ns               ;
; N/A                                     ; 85.35 MHz ( period = 11.717 ns )                    ; j[0] ; localArr[6][18] ; clk        ; clk      ; None                        ; None                      ; 11.519 ns               ;
; N/A                                     ; 85.35 MHz ( period = 11.717 ns )                    ; j[0] ; localArr[6][17] ; clk        ; clk      ; None                        ; None                      ; 11.519 ns               ;
; N/A                                     ; 85.35 MHz ( period = 11.717 ns )                    ; j[0] ; localArr[6][16] ; clk        ; clk      ; None                        ; None                      ; 11.519 ns               ;
; N/A                                     ; 85.48 MHz ( period = 11.699 ns )                    ; j[0] ; localArr[4][24] ; clk        ; clk      ; None                        ; None                      ; 11.550 ns               ;
; N/A                                     ; 85.48 MHz ( period = 11.699 ns )                    ; j[0] ; localArr[4][23] ; clk        ; clk      ; None                        ; None                      ; 11.550 ns               ;
; N/A                                     ; 85.48 MHz ( period = 11.699 ns )                    ; j[0] ; localArr[4][22] ; clk        ; clk      ; None                        ; None                      ; 11.550 ns               ;
; N/A                                     ; 85.48 MHz ( period = 11.699 ns )                    ; j[0] ; localArr[4][21] ; clk        ; clk      ; None                        ; None                      ; 11.550 ns               ;
; N/A                                     ; 85.55 MHz ( period = 11.689 ns )                    ; j[2] ; localArr[0][31] ; clk        ; clk      ; None                        ; None                      ; 11.494 ns               ;
; N/A                                     ; 85.55 MHz ( period = 11.689 ns )                    ; j[2] ; localArr[0][30] ; clk        ; clk      ; None                        ; None                      ; 11.494 ns               ;
; N/A                                     ; 85.55 MHz ( period = 11.689 ns )                    ; j[2] ; localArr[0][29] ; clk        ; clk      ; None                        ; None                      ; 11.494 ns               ;
; N/A                                     ; 85.55 MHz ( period = 11.689 ns )                    ; j[2] ; localArr[0][28] ; clk        ; clk      ; None                        ; None                      ; 11.494 ns               ;
; N/A                                     ; 85.62 MHz ( period = 11.679 ns )                    ; j[0] ; localArr[4][20] ; clk        ; clk      ; None                        ; None                      ; 11.530 ns               ;
; N/A                                     ; 85.62 MHz ( period = 11.679 ns )                    ; j[0] ; localArr[4][19] ; clk        ; clk      ; None                        ; None                      ; 11.530 ns               ;
; N/A                                     ; 85.62 MHz ( period = 11.679 ns )                    ; j[0] ; localArr[4][18] ; clk        ; clk      ; None                        ; None                      ; 11.530 ns               ;
; N/A                                     ; 85.62 MHz ( period = 11.679 ns )                    ; j[0] ; localArr[4][17] ; clk        ; clk      ; None                        ; None                      ; 11.530 ns               ;
; N/A                                     ; 85.70 MHz ( period = 11.669 ns )                    ; j[0] ; localArr[4][8]  ; clk        ; clk      ; None                        ; None                      ; 11.471 ns               ;
; N/A                                     ; 85.70 MHz ( period = 11.669 ns )                    ; j[0] ; localArr[4][7]  ; clk        ; clk      ; None                        ; None                      ; 11.471 ns               ;
; N/A                                     ; 85.70 MHz ( period = 11.669 ns )                    ; j[0] ; localArr[4][6]  ; clk        ; clk      ; None                        ; None                      ; 11.471 ns               ;
; N/A                                     ; 85.70 MHz ( period = 11.669 ns )                    ; j[0] ; localArr[4][5]  ; clk        ; clk      ; None                        ; None                      ; 11.471 ns               ;
; N/A                                     ; 85.82 MHz ( period = 11.652 ns )                    ; j[0] ; localArr[1][20] ; clk        ; clk      ; None                        ; None                      ; 11.464 ns               ;
; N/A                                     ; 85.82 MHz ( period = 11.652 ns )                    ; j[0] ; localArr[1][19] ; clk        ; clk      ; None                        ; None                      ; 11.464 ns               ;
; N/A                                     ; 85.82 MHz ( period = 11.652 ns )                    ; j[0] ; localArr[1][18] ; clk        ; clk      ; None                        ; None                      ; 11.464 ns               ;
; N/A                                     ; 85.82 MHz ( period = 11.652 ns )                    ; j[0] ; localArr[1][17] ; clk        ; clk      ; None                        ; None                      ; 11.464 ns               ;
; N/A                                     ; 85.82 MHz ( period = 11.652 ns )                    ; j[0] ; localArr[1][16] ; clk        ; clk      ; None                        ; None                      ; 11.464 ns               ;
; N/A                                     ; 85.82 MHz ( period = 11.652 ns )                    ; j[0] ; localArr[1][15] ; clk        ; clk      ; None                        ; None                      ; 11.464 ns               ;
; N/A                                     ; 85.90 MHz ( period = 11.641 ns )                    ; j[2] ; localArr[3][31] ; clk        ; clk      ; None                        ; None                      ; 11.407 ns               ;
; N/A                                     ; 85.90 MHz ( period = 11.641 ns )                    ; j[2] ; localArr[3][30] ; clk        ; clk      ; None                        ; None                      ; 11.407 ns               ;
; N/A                                     ; 85.99 MHz ( period = 11.629 ns )                    ; j[0] ; localArr[0][14] ; clk        ; clk      ; None                        ; None                      ; 11.411 ns               ;
; N/A                                     ; 85.99 MHz ( period = 11.629 ns )                    ; j[0] ; localArr[0][13] ; clk        ; clk      ; None                        ; None                      ; 11.411 ns               ;
; N/A                                     ; 85.99 MHz ( period = 11.629 ns )                    ; j[0] ; localArr[0][12] ; clk        ; clk      ; None                        ; None                      ; 11.411 ns               ;
; N/A                                     ; 85.99 MHz ( period = 11.629 ns )                    ; j[0] ; localArr[0][11] ; clk        ; clk      ; None                        ; None                      ; 11.411 ns               ;
; N/A                                     ; 85.99 MHz ( period = 11.629 ns )                    ; j[0] ; localArr[0][10] ; clk        ; clk      ; None                        ; None                      ; 11.411 ns               ;
; N/A                                     ; 85.99 MHz ( period = 11.629 ns )                    ; j[0] ; localArr[0][9]  ; clk        ; clk      ; None                        ; None                      ; 11.411 ns               ;
; N/A                                     ; 86.04 MHz ( period = 11.623 ns )                    ; j[0] ; localArr[5][4]  ; clk        ; clk      ; None                        ; None                      ; 11.411 ns               ;
; N/A                                     ; 86.21 MHz ( period = 11.600 ns )                    ; j[0] ; localArr[5][1]  ; clk        ; clk      ; None                        ; None                      ; 11.388 ns               ;
; N/A                                     ; 86.22 MHz ( period = 11.598 ns )                    ; j[2] ; localArr[4][28] ; clk        ; clk      ; None                        ; None                      ; 11.411 ns               ;
; N/A                                     ; 86.22 MHz ( period = 11.598 ns )                    ; j[2] ; localArr[4][27] ; clk        ; clk      ; None                        ; None                      ; 11.411 ns               ;
; N/A                                     ; 86.22 MHz ( period = 11.598 ns )                    ; j[2] ; localArr[4][26] ; clk        ; clk      ; None                        ; None                      ; 11.411 ns               ;
; N/A                                     ; 86.22 MHz ( period = 11.598 ns )                    ; j[2] ; localArr[4][25] ; clk        ; clk      ; None                        ; None                      ; 11.411 ns               ;
; N/A                                     ; 86.28 MHz ( period = 11.590 ns )                    ; j[2] ; localArr[6][27] ; clk        ; clk      ; None                        ; None                      ; 11.397 ns               ;
; N/A                                     ; 86.28 MHz ( period = 11.590 ns )                    ; j[2] ; localArr[6][26] ; clk        ; clk      ; None                        ; None                      ; 11.397 ns               ;
; N/A                                     ; 86.28 MHz ( period = 11.590 ns )                    ; j[2] ; localArr[6][25] ; clk        ; clk      ; None                        ; None                      ; 11.397 ns               ;
; N/A                                     ; 86.28 MHz ( period = 11.590 ns )                    ; j[2] ; localArr[6][24] ; clk        ; clk      ; None                        ; None                      ; 11.397 ns               ;
; N/A                                     ; 86.28 MHz ( period = 11.590 ns )                    ; j[2] ; localArr[6][23] ; clk        ; clk      ; None                        ; None                      ; 11.397 ns               ;
; N/A                                     ; 86.28 MHz ( period = 11.590 ns )                    ; j[2] ; localArr[6][22] ; clk        ; clk      ; None                        ; None                      ; 11.397 ns               ;
; N/A                                     ; 86.34 MHz ( period = 11.582 ns )                    ; j[0] ; localArr[5][10] ; clk        ; clk      ; None                        ; None                      ; 11.360 ns               ;
; N/A                                     ; 86.36 MHz ( period = 11.579 ns )                    ; j[2] ; localArr[5][11] ; clk        ; clk      ; None                        ; None                      ; 11.335 ns               ;
; N/A                                     ; 86.47 MHz ( period = 11.565 ns )                    ; j[0] ; localArr[5][14] ; clk        ; clk      ; None                        ; None                      ; 11.331 ns               ;
; N/A                                     ; 86.48 MHz ( period = 11.563 ns )                    ; j[2] ; localArr[7][17] ; clk        ; clk      ; None                        ; None                      ; 11.341 ns               ;
; N/A                                     ; 86.48 MHz ( period = 11.563 ns )                    ; j[2] ; localArr[7][16] ; clk        ; clk      ; None                        ; None                      ; 11.341 ns               ;
; N/A                                     ; 86.48 MHz ( period = 11.563 ns )                    ; j[2] ; localArr[7][15] ; clk        ; clk      ; None                        ; None                      ; 11.341 ns               ;
; N/A                                     ; 86.48 MHz ( period = 11.563 ns )                    ; j[2] ; localArr[7][14] ; clk        ; clk      ; None                        ; None                      ; 11.341 ns               ;
; N/A                                     ; 86.48 MHz ( period = 11.563 ns )                    ; j[2] ; localArr[7][13] ; clk        ; clk      ; None                        ; None                      ; 11.341 ns               ;
; N/A                                     ; 86.48 MHz ( period = 11.563 ns )                    ; j[2] ; localArr[7][12] ; clk        ; clk      ; None                        ; None                      ; 11.341 ns               ;
; N/A                                     ; 86.49 MHz ( period = 11.562 ns )                    ; j[2] ; localArr[0][27] ; clk        ; clk      ; None                        ; None                      ; 11.389 ns               ;
; N/A                                     ; 86.49 MHz ( period = 11.562 ns )                    ; j[2] ; localArr[0][25] ; clk        ; clk      ; None                        ; None                      ; 11.389 ns               ;
; N/A                                     ; 86.49 MHz ( period = 11.562 ns )                    ; j[2] ; localArr[0][24] ; clk        ; clk      ; None                        ; None                      ; 11.389 ns               ;
; N/A                                     ; 86.49 MHz ( period = 11.562 ns )                    ; j[2] ; localArr[0][23] ; clk        ; clk      ; None                        ; None                      ; 11.389 ns               ;
; N/A                                     ; 86.49 MHz ( period = 11.562 ns )                    ; j[2] ; localArr[0][22] ; clk        ; clk      ; None                        ; None                      ; 11.389 ns               ;
; N/A                                     ; 86.49 MHz ( period = 11.562 ns )                    ; j[2] ; localArr[0][21] ; clk        ; clk      ; None                        ; None                      ; 11.389 ns               ;
; N/A                                     ; 86.49 MHz ( period = 11.562 ns )                    ; j[2] ; localArr[4][12] ; clk        ; clk      ; None                        ; None                      ; 11.337 ns               ;
; N/A                                     ; 86.49 MHz ( period = 11.562 ns )                    ; j[2] ; localArr[4][11] ; clk        ; clk      ; None                        ; None                      ; 11.337 ns               ;
; N/A                                     ; 86.49 MHz ( period = 11.562 ns )                    ; j[2] ; localArr[4][10] ; clk        ; clk      ; None                        ; None                      ; 11.337 ns               ;
; N/A                                     ; 86.49 MHz ( period = 11.562 ns )                    ; j[2] ; localArr[4][9]  ; clk        ; clk      ; None                        ; None                      ; 11.337 ns               ;
; N/A                                     ; 86.50 MHz ( period = 11.561 ns )                    ; j[0] ; localArr[1][8]  ; clk        ; clk      ; None                        ; None                      ; 11.373 ns               ;
; N/A                                     ; 86.50 MHz ( period = 11.561 ns )                    ; j[0] ; localArr[1][7]  ; clk        ; clk      ; None                        ; None                      ; 11.373 ns               ;
; N/A                                     ; 86.50 MHz ( period = 11.561 ns )                    ; j[0] ; localArr[1][6]  ; clk        ; clk      ; None                        ; None                      ; 11.373 ns               ;
; N/A                                     ; 86.50 MHz ( period = 11.561 ns )                    ; j[0] ; localArr[1][5]  ; clk        ; clk      ; None                        ; None                      ; 11.373 ns               ;
; N/A                                     ; 86.50 MHz ( period = 11.561 ns )                    ; j[0] ; localArr[1][4]  ; clk        ; clk      ; None                        ; None                      ; 11.373 ns               ;
; N/A                                     ; 86.50 MHz ( period = 11.561 ns )                    ; j[0] ; localArr[1][3]  ; clk        ; clk      ; None                        ; None                      ; 11.373 ns               ;
; N/A                                     ; 86.53 MHz ( period = 11.557 ns )                    ; j[0] ; localArr[5][15] ; clk        ; clk      ; None                        ; None                      ; 11.325 ns               ;
; N/A                                     ; 86.54 MHz ( period = 11.555 ns )                    ; j[0] ; localArr[5][9]  ; clk        ; clk      ; None                        ; None                      ; 11.330 ns               ;
; N/A                                     ; 86.60 MHz ( period = 11.547 ns )                    ; j[1] ; localArr[5][5]  ; clk        ; clk      ; None                        ; None                      ; 11.349 ns               ;
; N/A                                     ; 86.61 MHz ( period = 11.546 ns )                    ; j[2] ; localArr[5][26] ; clk        ; clk      ; None                        ; None                      ; 11.302 ns               ;
; N/A                                     ; 86.61 MHz ( period = 11.546 ns )                    ; j[0] ; localArr[5][25] ; clk        ; clk      ; None                        ; None                      ; 11.380 ns               ;
; N/A                                     ; 86.65 MHz ( period = 11.541 ns )                    ; j[0] ; localArr[5][13] ; clk        ; clk      ; None                        ; None                      ; 11.316 ns               ;
; N/A                                     ; 86.66 MHz ( period = 11.539 ns )                    ; j[0] ; localArr[5][2]  ; clk        ; clk      ; None                        ; None                      ; 11.373 ns               ;
; N/A                                     ; 86.69 MHz ( period = 11.535 ns )                    ; j[2] ; localArr[4][3]  ; clk        ; clk      ; None                        ; None                      ; 11.313 ns               ;
; N/A                                     ; 86.69 MHz ( period = 11.535 ns )                    ; j[2] ; localArr[4][2]  ; clk        ; clk      ; None                        ; None                      ; 11.313 ns               ;
; N/A                                     ; 86.69 MHz ( period = 11.535 ns )                    ; j[2] ; localArr[4][1]  ; clk        ; clk      ; None                        ; None                      ; 11.313 ns               ;
; Timing analysis restricted to 200 rows. ; To change the limit use Settings (Assignments menu) ;      ;                 ;            ;          ;                             ;                           ;                         ;
+-----------------------------------------+-----------------------------------------------------+------+-----------------+------------+----------+-----------------------------+---------------------------+-------------------------+


+----------------------------------------------------------------------------------------------------------------------------------------------------+
; tsu                                                                                                                                                ;
+-----------------------------------------+-----------------------------------------------------+------------+-------+--------------------+----------+
; Slack                                   ; Required tsu                                        ; Actual tsu ; From  ; To                 ; To Clock ;
+-----------------------------------------+-----------------------------------------------------+------------+-------+--------------------+----------+
; N/A                                     ; None                                                ; 7.041 ns   ; start ; localArr[4][21]    ; clk      ;
; N/A                                     ; None                                                ; 7.041 ns   ; start ; localArr[4][22]    ; clk      ;
; N/A                                     ; None                                                ; 7.041 ns   ; start ; localArr[4][23]    ; clk      ;
; N/A                                     ; None                                                ; 7.041 ns   ; start ; localArr[4][24]    ; clk      ;
; N/A                                     ; None                                                ; 7.021 ns   ; start ; localArr[4][17]    ; clk      ;
; N/A                                     ; None                                                ; 7.021 ns   ; start ; localArr[4][18]    ; clk      ;
; N/A                                     ; None                                                ; 7.021 ns   ; start ; localArr[4][19]    ; clk      ;
; N/A                                     ; None                                                ; 7.021 ns   ; start ; localArr[4][20]    ; clk      ;
; N/A                                     ; None                                                ; 7.011 ns   ; start ; localArr[4][5]     ; clk      ;
; N/A                                     ; None                                                ; 7.011 ns   ; start ; localArr[4][6]     ; clk      ;
; N/A                                     ; None                                                ; 7.011 ns   ; start ; localArr[4][7]     ; clk      ;
; N/A                                     ; None                                                ; 7.011 ns   ; start ; localArr[4][8]     ; clk      ;
; N/A                                     ; None                                                ; 6.783 ns   ; start ; outArr[7][0]~reg0  ; clk      ;
; N/A                                     ; None                                                ; 6.783 ns   ; start ; outArr[7][1]~reg0  ; clk      ;
; N/A                                     ; None                                                ; 6.783 ns   ; start ; outArr[7][2]~reg0  ; clk      ;
; N/A                                     ; None                                                ; 6.783 ns   ; start ; outArr[7][3]~reg0  ; clk      ;
; N/A                                     ; None                                                ; 6.783 ns   ; start ; outArr[7][4]~reg0  ; clk      ;
; N/A                                     ; None                                                ; 6.783 ns   ; start ; outArr[7][5]~reg0  ; clk      ;
; N/A                                     ; None                                                ; 6.783 ns   ; start ; outArr[7][6]~reg0  ; clk      ;
; N/A                                     ; None                                                ; 6.783 ns   ; start ; outArr[7][7]~reg0  ; clk      ;
; N/A                                     ; None                                                ; 6.783 ns   ; start ; outArr[7][8]~reg0  ; clk      ;
; N/A                                     ; None                                                ; 6.783 ns   ; start ; outArr[0][29]~reg0 ; clk      ;
; N/A                                     ; None                                                ; 6.754 ns   ; start ; localArr[6][16]    ; clk      ;
; N/A                                     ; None                                                ; 6.754 ns   ; start ; localArr[6][17]    ; clk      ;
; N/A                                     ; None                                                ; 6.754 ns   ; start ; localArr[6][18]    ; clk      ;
; N/A                                     ; None                                                ; 6.754 ns   ; start ; localArr[6][19]    ; clk      ;
; N/A                                     ; None                                                ; 6.754 ns   ; start ; localArr[6][20]    ; clk      ;
; N/A                                     ; None                                                ; 6.754 ns   ; start ; localArr[6][21]    ; clk      ;
; N/A                                     ; None                                                ; 6.693 ns   ; reset ; outArr[7][0]~reg0  ; clk      ;
; N/A                                     ; None                                                ; 6.693 ns   ; reset ; outArr[7][1]~reg0  ; clk      ;
; N/A                                     ; None                                                ; 6.693 ns   ; reset ; outArr[7][2]~reg0  ; clk      ;
; N/A                                     ; None                                                ; 6.693 ns   ; reset ; outArr[7][3]~reg0  ; clk      ;
; N/A                                     ; None                                                ; 6.693 ns   ; reset ; outArr[7][4]~reg0  ; clk      ;
; N/A                                     ; None                                                ; 6.693 ns   ; reset ; outArr[7][5]~reg0  ; clk      ;
; N/A                                     ; None                                                ; 6.693 ns   ; reset ; outArr[7][6]~reg0  ; clk      ;
; N/A                                     ; None                                                ; 6.693 ns   ; reset ; outArr[7][7]~reg0  ; clk      ;
; N/A                                     ; None                                                ; 6.693 ns   ; reset ; outArr[7][8]~reg0  ; clk      ;
; N/A                                     ; None                                                ; 6.693 ns   ; reset ; outArr[0][29]~reg0 ; clk      ;
; N/A                                     ; None                                                ; 6.580 ns   ; start ; localArr[2][5]     ; clk      ;
; N/A                                     ; None                                                ; 6.580 ns   ; start ; localArr[2][6]     ; clk      ;
; N/A                                     ; None                                                ; 6.580 ns   ; start ; localArr[2][7]     ; clk      ;
; N/A                                     ; None                                                ; 6.580 ns   ; start ; localArr[2][8]     ; clk      ;
; N/A                                     ; None                                                ; 6.580 ns   ; start ; localArr[2][9]     ; clk      ;
; N/A                                     ; None                                                ; 6.580 ns   ; start ; localArr[2][24]    ; clk      ;
; N/A                                     ; None                                                ; 6.571 ns   ; start ; localArr[4][25]    ; clk      ;
; N/A                                     ; None                                                ; 6.571 ns   ; start ; localArr[4][26]    ; clk      ;
; N/A                                     ; None                                                ; 6.571 ns   ; start ; localArr[4][27]    ; clk      ;
; N/A                                     ; None                                                ; 6.571 ns   ; start ; localArr[4][28]    ; clk      ;
; N/A                                     ; None                                                ; 6.535 ns   ; start ; localArr[4][9]     ; clk      ;
; N/A                                     ; None                                                ; 6.535 ns   ; start ; localArr[4][10]    ; clk      ;
; N/A                                     ; None                                                ; 6.535 ns   ; start ; localArr[4][11]    ; clk      ;
; N/A                                     ; None                                                ; 6.535 ns   ; start ; localArr[4][12]    ; clk      ;
; N/A                                     ; None                                                ; 6.508 ns   ; start ; localArr[4][0]     ; clk      ;
; N/A                                     ; None                                                ; 6.508 ns   ; start ; localArr[4][1]     ; clk      ;
; N/A                                     ; None                                                ; 6.508 ns   ; start ; localArr[4][2]     ; clk      ;
; N/A                                     ; None                                                ; 6.508 ns   ; start ; localArr[4][3]     ; clk      ;
; N/A                                     ; None                                                ; 6.508 ns   ; start ; localArr[4][4]     ; clk      ;
; N/A                                     ; None                                                ; 6.495 ns   ; start ; localArr[4][13]    ; clk      ;
; N/A                                     ; None                                                ; 6.495 ns   ; start ; localArr[4][14]    ; clk      ;
; N/A                                     ; None                                                ; 6.495 ns   ; start ; localArr[4][15]    ; clk      ;
; N/A                                     ; None                                                ; 6.495 ns   ; start ; localArr[4][16]    ; clk      ;
; N/A                                     ; None                                                ; 6.491 ns   ; start ; localArr[2][10]    ; clk      ;
; N/A                                     ; None                                                ; 6.491 ns   ; start ; localArr[2][11]    ; clk      ;
; N/A                                     ; None                                                ; 6.491 ns   ; start ; localArr[2][12]    ; clk      ;
; N/A                                     ; None                                                ; 6.491 ns   ; start ; localArr[2][13]    ; clk      ;
; N/A                                     ; None                                                ; 6.491 ns   ; start ; localArr[2][14]    ; clk      ;
; N/A                                     ; None                                                ; 6.491 ns   ; start ; localArr[2][15]    ; clk      ;
; N/A                                     ; None                                                ; 6.452 ns   ; start ; localArr[2][21]    ; clk      ;
; N/A                                     ; None                                                ; 6.452 ns   ; start ; localArr[2][22]    ; clk      ;
; N/A                                     ; None                                                ; 6.452 ns   ; start ; localArr[2][26]    ; clk      ;
; N/A                                     ; None                                                ; 6.452 ns   ; start ; localArr[2][27]    ; clk      ;
; N/A                                     ; None                                                ; 6.452 ns   ; start ; localArr[2][28]    ; clk      ;
; N/A                                     ; None                                                ; 6.452 ns   ; start ; localArr[2][29]    ; clk      ;
; N/A                                     ; None                                                ; 6.431 ns   ; start ; localArr[1][0]     ; clk      ;
; N/A                                     ; None                                                ; 6.410 ns   ; start ; outArr[7][9]~reg0  ; clk      ;
; N/A                                     ; None                                                ; 6.410 ns   ; start ; outArr[7][10]~reg0 ; clk      ;
; N/A                                     ; None                                                ; 6.410 ns   ; start ; outArr[7][11]~reg0 ; clk      ;
; N/A                                     ; None                                                ; 6.410 ns   ; start ; outArr[7][12]~reg0 ; clk      ;
; N/A                                     ; None                                                ; 6.410 ns   ; start ; outArr[7][13]~reg0 ; clk      ;
; N/A                                     ; None                                                ; 6.410 ns   ; start ; outArr[7][14]~reg0 ; clk      ;
; N/A                                     ; None                                                ; 6.410 ns   ; start ; outArr[7][15]~reg0 ; clk      ;
; N/A                                     ; None                                                ; 6.410 ns   ; start ; outArr[7][16]~reg0 ; clk      ;
; N/A                                     ; None                                                ; 6.410 ns   ; start ; outArr[7][17]~reg0 ; clk      ;
; N/A                                     ; None                                                ; 6.410 ns   ; start ; outArr[0][30]~reg0 ; clk      ;
; N/A                                     ; None                                                ; 6.404 ns   ; start ; localArr[2][30]    ; clk      ;
; N/A                                     ; None                                                ; 6.404 ns   ; start ; localArr[2][31]    ; clk      ;
; N/A                                     ; None                                                ; 6.399 ns   ; start ; localArr[5][27]    ; clk      ;
; N/A                                     ; None                                                ; 6.329 ns   ; start ; localArr[2][0]     ; clk      ;
; N/A                                     ; None                                                ; 6.329 ns   ; start ; localArr[2][1]     ; clk      ;
; N/A                                     ; None                                                ; 6.329 ns   ; start ; localArr[2][2]     ; clk      ;
; N/A                                     ; None                                                ; 6.329 ns   ; start ; localArr[2][3]     ; clk      ;
; N/A                                     ; None                                                ; 6.329 ns   ; start ; localArr[2][4]     ; clk      ;
; N/A                                     ; None                                                ; 6.329 ns   ; start ; localArr[2][25]    ; clk      ;
; N/A                                     ; None                                                ; 6.320 ns   ; reset ; outArr[7][9]~reg0  ; clk      ;
; N/A                                     ; None                                                ; 6.320 ns   ; reset ; outArr[7][10]~reg0 ; clk      ;
; N/A                                     ; None                                                ; 6.320 ns   ; reset ; outArr[7][11]~reg0 ; clk      ;
; N/A                                     ; None                                                ; 6.320 ns   ; reset ; outArr[7][12]~reg0 ; clk      ;
; N/A                                     ; None                                                ; 6.320 ns   ; reset ; outArr[7][13]~reg0 ; clk      ;
; N/A                                     ; None                                                ; 6.320 ns   ; reset ; outArr[7][14]~reg0 ; clk      ;
; N/A                                     ; None                                                ; 6.320 ns   ; reset ; outArr[7][15]~reg0 ; clk      ;
; N/A                                     ; None                                                ; 6.320 ns   ; reset ; outArr[7][16]~reg0 ; clk      ;
; N/A                                     ; None                                                ; 6.320 ns   ; reset ; outArr[7][17]~reg0 ; clk      ;
; N/A                                     ; None                                                ; 6.320 ns   ; reset ; outArr[0][30]~reg0 ; clk      ;
; N/A                                     ; None                                                ; 6.297 ns   ; start ; localArr[2][16]    ; clk      ;
; N/A                                     ; None                                                ; 6.297 ns   ; start ; localArr[2][17]    ; clk      ;
; N/A                                     ; None                                                ; 6.297 ns   ; start ; localArr[2][18]    ; clk      ;
; N/A                                     ; None                                                ; 6.297 ns   ; start ; localArr[2][19]    ; clk      ;
; N/A                                     ; None                                                ; 6.297 ns   ; start ; localArr[2][20]    ; clk      ;
; N/A                                     ; None                                                ; 6.297 ns   ; start ; localArr[2][23]    ; clk      ;
; N/A                                     ; None                                                ; 6.258 ns   ; start ; localArr[6][22]    ; clk      ;
; N/A                                     ; None                                                ; 6.258 ns   ; start ; localArr[6][23]    ; clk      ;
; N/A                                     ; None                                                ; 6.258 ns   ; start ; localArr[6][24]    ; clk      ;
; N/A                                     ; None                                                ; 6.258 ns   ; start ; localArr[6][25]    ; clk      ;
; N/A                                     ; None                                                ; 6.258 ns   ; start ; localArr[6][26]    ; clk      ;
; N/A                                     ; None                                                ; 6.258 ns   ; start ; localArr[6][27]    ; clk      ;
; N/A                                     ; None                                                ; 6.200 ns   ; start ; localArr[5][5]     ; clk      ;
; N/A                                     ; None                                                ; 6.184 ns   ; start ; localArr[5][6]     ; clk      ;
; N/A                                     ; None                                                ; 6.178 ns   ; start ; localArr[5][8]     ; clk      ;
; N/A                                     ; None                                                ; 6.178 ns   ; start ; i[1]               ; clk      ;
; N/A                                     ; None                                                ; 6.178 ns   ; start ; i[2]               ; clk      ;
; N/A                                     ; None                                                ; 6.178 ns   ; start ; i[0]               ; clk      ;
; N/A                                     ; None                                                ; 6.174 ns   ; start ; localArr[5][7]     ; clk      ;
; N/A                                     ; None                                                ; 6.167 ns   ; start ; localArr[5][17]    ; clk      ;
; N/A                                     ; None                                                ; 6.162 ns   ; start ; localArr[5][16]    ; clk      ;
; N/A                                     ; None                                                ; 6.156 ns   ; start ; localArr[5][29]    ; clk      ;
; N/A                                     ; None                                                ; 6.147 ns   ; start ; localArr[6][4]     ; clk      ;
; N/A                                     ; None                                                ; 6.147 ns   ; start ; localArr[6][5]     ; clk      ;
; N/A                                     ; None                                                ; 6.147 ns   ; start ; localArr[6][6]     ; clk      ;
; N/A                                     ; None                                                ; 6.147 ns   ; start ; localArr[6][7]     ; clk      ;
; N/A                                     ; None                                                ; 6.147 ns   ; start ; localArr[6][8]     ; clk      ;
; N/A                                     ; None                                                ; 6.147 ns   ; start ; localArr[6][9]     ; clk      ;
; N/A                                     ; None                                                ; 6.138 ns   ; start ; localArr[6][10]    ; clk      ;
; N/A                                     ; None                                                ; 6.138 ns   ; start ; localArr[6][11]    ; clk      ;
; N/A                                     ; None                                                ; 6.138 ns   ; start ; localArr[6][12]    ; clk      ;
; N/A                                     ; None                                                ; 6.138 ns   ; start ; localArr[6][13]    ; clk      ;
; N/A                                     ; None                                                ; 6.138 ns   ; start ; localArr[6][14]    ; clk      ;
; N/A                                     ; None                                                ; 6.138 ns   ; start ; localArr[6][15]    ; clk      ;
; N/A                                     ; None                                                ; 6.138 ns   ; start ; outArr[1][3]~reg0  ; clk      ;
; N/A                                     ; None                                                ; 6.138 ns   ; start ; outArr[1][4]~reg0  ; clk      ;
; N/A                                     ; None                                                ; 6.138 ns   ; start ; outArr[1][5]~reg0  ; clk      ;
; N/A                                     ; None                                                ; 6.138 ns   ; start ; outArr[1][6]~reg0  ; clk      ;
; N/A                                     ; None                                                ; 6.138 ns   ; start ; outArr[1][7]~reg0  ; clk      ;
; N/A                                     ; None                                                ; 6.138 ns   ; start ; outArr[1][8]~reg0  ; clk      ;
; N/A                                     ; None                                                ; 6.138 ns   ; start ; outArr[1][9]~reg0  ; clk      ;
; N/A                                     ; None                                                ; 6.138 ns   ; start ; outArr[1][10]~reg0 ; clk      ;
; N/A                                     ; None                                                ; 6.138 ns   ; start ; outArr[1][11]~reg0 ; clk      ;
; N/A                                     ; None                                                ; 6.138 ns   ; start ; outArr[1][12]~reg0 ; clk      ;
; N/A                                     ; None                                                ; 6.131 ns   ; start ; localArr[4][29]    ; clk      ;
; N/A                                     ; None                                                ; 6.131 ns   ; start ; localArr[4][30]    ; clk      ;
; N/A                                     ; None                                                ; 6.131 ns   ; start ; localArr[4][31]    ; clk      ;
; N/A                                     ; None                                                ; 6.129 ns   ; start ; localArr[5][21]    ; clk      ;
; N/A                                     ; None                                                ; 6.127 ns   ; start ; localArr[5][19]    ; clk      ;
; N/A                                     ; None                                                ; 6.125 ns   ; start ; localArr[5][18]    ; clk      ;
; N/A                                     ; None                                                ; 6.118 ns   ; start ; localArr[5][22]    ; clk      ;
; N/A                                     ; None                                                ; 6.100 ns   ; start ; localArr[5][24]    ; clk      ;
; N/A                                     ; None                                                ; 6.096 ns   ; start ; localArr[5][23]    ; clk      ;
; N/A                                     ; None                                                ; 6.079 ns   ; reset ; i[1]               ; clk      ;
; N/A                                     ; None                                                ; 6.079 ns   ; reset ; i[2]               ; clk      ;
; N/A                                     ; None                                                ; 6.079 ns   ; reset ; i[0]               ; clk      ;
; N/A                                     ; None                                                ; 6.060 ns   ; start ; localArr[6][28]    ; clk      ;
; N/A                                     ; None                                                ; 6.060 ns   ; start ; localArr[6][29]    ; clk      ;
; N/A                                     ; None                                                ; 6.060 ns   ; start ; localArr[6][30]    ; clk      ;
; N/A                                     ; None                                                ; 6.060 ns   ; start ; localArr[6][31]    ; clk      ;
; N/A                                     ; None                                                ; 6.048 ns   ; reset ; outArr[1][3]~reg0  ; clk      ;
; N/A                                     ; None                                                ; 6.048 ns   ; reset ; outArr[1][4]~reg0  ; clk      ;
; N/A                                     ; None                                                ; 6.048 ns   ; reset ; outArr[1][5]~reg0  ; clk      ;
; N/A                                     ; None                                                ; 6.048 ns   ; reset ; outArr[1][6]~reg0  ; clk      ;
; N/A                                     ; None                                                ; 6.048 ns   ; reset ; outArr[1][7]~reg0  ; clk      ;
; N/A                                     ; None                                                ; 6.048 ns   ; reset ; outArr[1][8]~reg0  ; clk      ;
; N/A                                     ; None                                                ; 6.048 ns   ; reset ; outArr[1][9]~reg0  ; clk      ;
; N/A                                     ; None                                                ; 6.048 ns   ; reset ; outArr[1][10]~reg0 ; clk      ;
; N/A                                     ; None                                                ; 6.048 ns   ; reset ; outArr[1][11]~reg0 ; clk      ;
; N/A                                     ; None                                                ; 6.048 ns   ; reset ; outArr[1][12]~reg0 ; clk      ;
; N/A                                     ; None                                                ; 6.031 ns   ; start ; outArr[1][24]~reg0 ; clk      ;
; N/A                                     ; None                                                ; 6.031 ns   ; start ; outArr[1][25]~reg0 ; clk      ;
; N/A                                     ; None                                                ; 6.031 ns   ; start ; outArr[1][28]~reg0 ; clk      ;
; N/A                                     ; None                                                ; 6.031 ns   ; start ; outArr[1][29]~reg0 ; clk      ;
; N/A                                     ; None                                                ; 6.031 ns   ; start ; outArr[1][30]~reg0 ; clk      ;
; N/A                                     ; None                                                ; 6.031 ns   ; start ; outArr[0][0]~reg0  ; clk      ;
; N/A                                     ; None                                                ; 6.031 ns   ; start ; outArr[0][1]~reg0  ; clk      ;
; N/A                                     ; None                                                ; 6.031 ns   ; start ; outArr[0][2]~reg0  ; clk      ;
; N/A                                     ; None                                                ; 6.031 ns   ; start ; outArr[0][3]~reg0  ; clk      ;
; N/A                                     ; None                                                ; 6.031 ns   ; start ; outArr[0][4]~reg0  ; clk      ;
; N/A                                     ; None                                                ; 6.028 ns   ; start ; localArr[6][0]     ; clk      ;
; N/A                                     ; None                                                ; 6.028 ns   ; start ; localArr[6][1]     ; clk      ;
; N/A                                     ; None                                                ; 6.028 ns   ; start ; localArr[6][2]     ; clk      ;
; N/A                                     ; None                                                ; 6.028 ns   ; start ; localArr[6][3]     ; clk      ;
; N/A                                     ; None                                                ; 6.009 ns   ; start ; localArr[1][1]     ; clk      ;
; N/A                                     ; None                                                ; 6.009 ns   ; start ; localArr[1][2]     ; clk      ;
; N/A                                     ; None                                                ; 5.998 ns   ; reset ; localArr[6][16]    ; clk      ;
; N/A                                     ; None                                                ; 5.998 ns   ; reset ; localArr[6][17]    ; clk      ;
; N/A                                     ; None                                                ; 5.998 ns   ; reset ; localArr[6][18]    ; clk      ;
; N/A                                     ; None                                                ; 5.998 ns   ; reset ; localArr[6][19]    ; clk      ;
; N/A                                     ; None                                                ; 5.998 ns   ; reset ; localArr[6][20]    ; clk      ;
; N/A                                     ; None                                                ; 5.998 ns   ; reset ; localArr[6][21]    ; clk      ;
; N/A                                     ; None                                                ; 5.998 ns   ; start ; localArr[1][21]    ; clk      ;
; N/A                                     ; None                                                ; 5.998 ns   ; start ; localArr[1][22]    ; clk      ;
; N/A                                     ; None                                                ; 5.998 ns   ; start ; localArr[1][23]    ; clk      ;
; N/A                                     ; None                                                ; 5.998 ns   ; start ; localArr[1][24]    ; clk      ;
; N/A                                     ; None                                                ; 5.998 ns   ; start ; localArr[1][25]    ; clk      ;
; Timing analysis restricted to 200 rows. ; To change the limit use Settings (Assignments menu) ;            ;       ;                    ;          ;
+-----------------------------------------+-----------------------------------------------------+------------+-------+--------------------+----------+


+--------------------------------------------------------------------------------------------------------------------------------------------------------------+
; tco                                                                                                                                                          ;
+-----------------------------------------+-----------------------------------------------------+------------+--------------------+---------------+------------+
; Slack                                   ; Required tco                                        ; Actual tco ; From               ; To            ; From Clock ;
+-----------------------------------------+-----------------------------------------------------+------------+--------------------+---------------+------------+
; N/A                                     ; None                                                ; 8.875 ns   ; outArr[6][26]~reg0 ; outArr[6][26] ; clk        ;
; N/A                                     ; None                                                ; 8.829 ns   ; outArr[5][9]~reg0  ; outArr[5][9]  ; clk        ;
; N/A                                     ; None                                                ; 8.667 ns   ; working~reg0       ; working       ; clk        ;
; N/A                                     ; None                                                ; 8.653 ns   ; outArr[3][3]~reg0  ; outArr[3][3]  ; clk        ;
; N/A                                     ; None                                                ; 8.590 ns   ; outArr[3][16]~reg0 ; outArr[3][16] ; clk        ;
; N/A                                     ; None                                                ; 8.583 ns   ; outArr[5][6]~reg0  ; outArr[5][6]  ; clk        ;
; N/A                                     ; None                                                ; 8.564 ns   ; outArr[4][31]~reg0 ; outArr[4][31] ; clk        ;
; N/A                                     ; None                                                ; 8.557 ns   ; outArr[5][10]~reg0 ; outArr[5][10] ; clk        ;
; N/A                                     ; None                                                ; 8.547 ns   ; outArr[5][7]~reg0  ; outArr[5][7]  ; clk        ;
; N/A                                     ; None                                                ; 8.540 ns   ; outArr[2][22]~reg0 ; outArr[2][22] ; clk        ;
; N/A                                     ; None                                                ; 8.523 ns   ; outArr[4][27]~reg0 ; outArr[4][27] ; clk        ;
; N/A                                     ; None                                                ; 8.511 ns   ; outArr[3][24]~reg0 ; outArr[3][24] ; clk        ;
; N/A                                     ; None                                                ; 8.478 ns   ; outArr[1][29]~reg0 ; outArr[1][29] ; clk        ;
; N/A                                     ; None                                                ; 8.446 ns   ; outArr[1][24]~reg0 ; outArr[1][24] ; clk        ;
; N/A                                     ; None                                                ; 8.443 ns   ; outArr[0][1]~reg0  ; outArr[0][1]  ; clk        ;
; N/A                                     ; None                                                ; 8.425 ns   ; outArr[3][2]~reg0  ; outArr[3][2]  ; clk        ;
; N/A                                     ; None                                                ; 8.406 ns   ; outArr[2][20]~reg0 ; outArr[2][20] ; clk        ;
; N/A                                     ; None                                                ; 8.405 ns   ; outArr[6][23]~reg0 ; outArr[6][23] ; clk        ;
; N/A                                     ; None                                                ; 8.400 ns   ; outArr[4][3]~reg0  ; outArr[4][3]  ; clk        ;
; N/A                                     ; None                                                ; 8.398 ns   ; outArr[3][1]~reg0  ; outArr[3][1]  ; clk        ;
; N/A                                     ; None                                                ; 8.386 ns   ; outArr[6][6]~reg0  ; outArr[6][6]  ; clk        ;
; N/A                                     ; None                                                ; 8.382 ns   ; outArr[4][14]~reg0 ; outArr[4][14] ; clk        ;
; N/A                                     ; None                                                ; 8.381 ns   ; outArr[2][28]~reg0 ; outArr[2][28] ; clk        ;
; N/A                                     ; None                                                ; 8.381 ns   ; outArr[4][12]~reg0 ; outArr[4][12] ; clk        ;
; N/A                                     ; None                                                ; 8.374 ns   ; outArr[0][27]~reg0 ; outArr[0][27] ; clk        ;
; N/A                                     ; None                                                ; 8.372 ns   ; outArr[5][4]~reg0  ; outArr[5][4]  ; clk        ;
; N/A                                     ; None                                                ; 8.370 ns   ; outArr[1][1]~reg0  ; outArr[1][1]  ; clk        ;
; N/A                                     ; None                                                ; 8.362 ns   ; outArr[4][7]~reg0  ; outArr[4][7]  ; clk        ;
; N/A                                     ; None                                                ; 8.358 ns   ; outArr[2][11]~reg0 ; outArr[2][11] ; clk        ;
; N/A                                     ; None                                                ; 8.341 ns   ; outArr[6][27]~reg0 ; outArr[6][27] ; clk        ;
; N/A                                     ; None                                                ; 8.340 ns   ; outArr[3][26]~reg0 ; outArr[3][26] ; clk        ;
; N/A                                     ; None                                                ; 8.317 ns   ; outArr[4][30]~reg0 ; outArr[4][30] ; clk        ;
; N/A                                     ; None                                                ; 8.309 ns   ; outArr[2][30]~reg0 ; outArr[2][30] ; clk        ;
; N/A                                     ; None                                                ; 8.290 ns   ; outArr[1][30]~reg0 ; outArr[1][30] ; clk        ;
; N/A                                     ; None                                                ; 8.286 ns   ; outArr[5][14]~reg0 ; outArr[5][14] ; clk        ;
; N/A                                     ; None                                                ; 8.273 ns   ; outArr[2][18]~reg0 ; outArr[2][18] ; clk        ;
; N/A                                     ; None                                                ; 8.257 ns   ; outArr[3][27]~reg0 ; outArr[3][27] ; clk        ;
; N/A                                     ; None                                                ; 8.231 ns   ; outArr[6][30]~reg0 ; outArr[6][30] ; clk        ;
; N/A                                     ; None                                                ; 8.223 ns   ; outArr[3][31]~reg0 ; outArr[3][31] ; clk        ;
; N/A                                     ; None                                                ; 8.197 ns   ; outArr[5][0]~reg0  ; outArr[5][0]  ; clk        ;
; N/A                                     ; None                                                ; 8.193 ns   ; outArr[4][26]~reg0 ; outArr[4][26] ; clk        ;
; N/A                                     ; None                                                ; 8.168 ns   ; outArr[4][9]~reg0  ; outArr[4][9]  ; clk        ;
; N/A                                     ; None                                                ; 8.161 ns   ; outArr[0][13]~reg0 ; outArr[0][13] ; clk        ;
; N/A                                     ; None                                                ; 8.154 ns   ; outArr[0][17]~reg0 ; outArr[0][17] ; clk        ;
; N/A                                     ; None                                                ; 8.149 ns   ; outArr[3][25]~reg0 ; outArr[3][25] ; clk        ;
; N/A                                     ; None                                                ; 8.147 ns   ; outArr[5][2]~reg0  ; outArr[5][2]  ; clk        ;
; N/A                                     ; None                                                ; 8.146 ns   ; outArr[3][4]~reg0  ; outArr[3][4]  ; clk        ;
; N/A                                     ; None                                                ; 8.144 ns   ; outArr[2][8]~reg0  ; outArr[2][8]  ; clk        ;
; N/A                                     ; None                                                ; 8.124 ns   ; outArr[4][15]~reg0 ; outArr[4][15] ; clk        ;
; N/A                                     ; None                                                ; 8.117 ns   ; outArr[0][19]~reg0 ; outArr[0][19] ; clk        ;
; N/A                                     ; None                                                ; 8.105 ns   ; outArr[5][28]~reg0 ; outArr[5][28] ; clk        ;
; N/A                                     ; None                                                ; 8.104 ns   ; outArr[6][24]~reg0 ; outArr[6][24] ; clk        ;
; N/A                                     ; None                                                ; 8.095 ns   ; outArr[4][1]~reg0  ; outArr[4][1]  ; clk        ;
; N/A                                     ; None                                                ; 8.089 ns   ; outArr[2][9]~reg0  ; outArr[2][9]  ; clk        ;
; N/A                                     ; None                                                ; 8.086 ns   ; outArr[0][6]~reg0  ; outArr[0][6]  ; clk        ;
; N/A                                     ; None                                                ; 8.065 ns   ; outArr[3][10]~reg0 ; outArr[3][10] ; clk        ;
; N/A                                     ; None                                                ; 8.064 ns   ; outArr[6][22]~reg0 ; outArr[6][22] ; clk        ;
; N/A                                     ; None                                                ; 8.062 ns   ; outArr[2][26]~reg0 ; outArr[2][26] ; clk        ;
; N/A                                     ; None                                                ; 8.061 ns   ; outArr[1][14]~reg0 ; outArr[1][14] ; clk        ;
; N/A                                     ; None                                                ; 8.050 ns   ; outArr[2][14]~reg0 ; outArr[2][14] ; clk        ;
; N/A                                     ; None                                                ; 8.049 ns   ; outArr[2][25]~reg0 ; outArr[2][25] ; clk        ;
; N/A                                     ; None                                                ; 8.044 ns   ; outArr[3][6]~reg0  ; outArr[3][6]  ; clk        ;
; N/A                                     ; None                                                ; 8.034 ns   ; outArr[3][23]~reg0 ; outArr[3][23] ; clk        ;
; N/A                                     ; None                                                ; 8.033 ns   ; outArr[3][28]~reg0 ; outArr[3][28] ; clk        ;
; N/A                                     ; None                                                ; 8.031 ns   ; outArr[3][12]~reg0 ; outArr[3][12] ; clk        ;
; N/A                                     ; None                                                ; 8.027 ns   ; outArr[4][10]~reg0 ; outArr[4][10] ; clk        ;
; N/A                                     ; None                                                ; 8.025 ns   ; outArr[3][19]~reg0 ; outArr[3][19] ; clk        ;
; N/A                                     ; None                                                ; 8.022 ns   ; outArr[2][27]~reg0 ; outArr[2][27] ; clk        ;
; N/A                                     ; None                                                ; 8.014 ns   ; outArr[3][0]~reg0  ; outArr[3][0]  ; clk        ;
; N/A                                     ; None                                                ; 8.006 ns   ; outArr[3][14]~reg0 ; outArr[3][14] ; clk        ;
; N/A                                     ; None                                                ; 7.995 ns   ; outArr[1][2]~reg0  ; outArr[1][2]  ; clk        ;
; N/A                                     ; None                                                ; 7.987 ns   ; outArr[2][15]~reg0 ; outArr[2][15] ; clk        ;
; N/A                                     ; None                                                ; 7.981 ns   ; outArr[5][8]~reg0  ; outArr[5][8]  ; clk        ;
; N/A                                     ; None                                                ; 7.977 ns   ; outArr[5][15]~reg0 ; outArr[5][15] ; clk        ;
; N/A                                     ; None                                                ; 7.971 ns   ; outArr[4][6]~reg0  ; outArr[4][6]  ; clk        ;
; N/A                                     ; None                                                ; 7.970 ns   ; outArr[0][3]~reg0  ; outArr[0][3]  ; clk        ;
; N/A                                     ; None                                                ; 7.966 ns   ; outArr[5][12]~reg0 ; outArr[5][12] ; clk        ;
; N/A                                     ; None                                                ; 7.958 ns   ; outArr[7][20]~reg0 ; outArr[7][20] ; clk        ;
; N/A                                     ; None                                                ; 7.941 ns   ; outArr[2][12]~reg0 ; outArr[2][12] ; clk        ;
; N/A                                     ; None                                                ; 7.935 ns   ; outArr[3][11]~reg0 ; outArr[3][11] ; clk        ;
; N/A                                     ; None                                                ; 7.925 ns   ; outArr[2][3]~reg0  ; outArr[2][3]  ; clk        ;
; N/A                                     ; None                                                ; 7.922 ns   ; outArr[4][8]~reg0  ; outArr[4][8]  ; clk        ;
; N/A                                     ; None                                                ; 7.918 ns   ; outArr[5][11]~reg0 ; outArr[5][11] ; clk        ;
; N/A                                     ; None                                                ; 7.914 ns   ; outArr[0][4]~reg0  ; outArr[0][4]  ; clk        ;
; N/A                                     ; None                                                ; 7.904 ns   ; outArr[0][14]~reg0 ; outArr[0][14] ; clk        ;
; N/A                                     ; None                                                ; 7.904 ns   ; outArr[7][26]~reg0 ; outArr[7][26] ; clk        ;
; N/A                                     ; None                                                ; 7.902 ns   ; outArr[5][29]~reg0 ; outArr[5][29] ; clk        ;
; N/A                                     ; None                                                ; 7.891 ns   ; outArr[0][20]~reg0 ; outArr[0][20] ; clk        ;
; N/A                                     ; None                                                ; 7.864 ns   ; outArr[3][7]~reg0  ; outArr[3][7]  ; clk        ;
; N/A                                     ; None                                                ; 7.853 ns   ; outArr[2][0]~reg0  ; outArr[2][0]  ; clk        ;
; N/A                                     ; None                                                ; 7.849 ns   ; outArr[5][26]~reg0 ; outArr[5][26] ; clk        ;
; N/A                                     ; None                                                ; 7.843 ns   ; outArr[4][2]~reg0  ; outArr[4][2]  ; clk        ;
; N/A                                     ; None                                                ; 7.837 ns   ; outArr[6][5]~reg0  ; outArr[6][5]  ; clk        ;
; N/A                                     ; None                                                ; 7.814 ns   ; outArr[5][27]~reg0 ; outArr[5][27] ; clk        ;
; N/A                                     ; None                                                ; 7.811 ns   ; outArr[7][13]~reg0 ; outArr[7][13] ; clk        ;
; N/A                                     ; None                                                ; 7.806 ns   ; outArr[2][21]~reg0 ; outArr[2][21] ; clk        ;
; N/A                                     ; None                                                ; 7.803 ns   ; outArr[0][7]~reg0  ; outArr[0][7]  ; clk        ;
; N/A                                     ; None                                                ; 7.801 ns   ; outArr[0][8]~reg0  ; outArr[0][8]  ; clk        ;
; N/A                                     ; None                                                ; 7.800 ns   ; outArr[1][27]~reg0 ; outArr[1][27] ; clk        ;
; N/A                                     ; None                                                ; 7.796 ns   ; outArr[0][31]~reg0 ; outArr[0][31] ; clk        ;
; N/A                                     ; None                                                ; 7.793 ns   ; outArr[3][8]~reg0  ; outArr[3][8]  ; clk        ;
; N/A                                     ; None                                                ; 7.782 ns   ; outArr[7][6]~reg0  ; outArr[7][6]  ; clk        ;
; N/A                                     ; None                                                ; 7.781 ns   ; outArr[2][31]~reg0 ; outArr[2][31] ; clk        ;
; N/A                                     ; None                                                ; 7.775 ns   ; outArr[3][9]~reg0  ; outArr[3][9]  ; clk        ;
; N/A                                     ; None                                                ; 7.773 ns   ; outArr[1][21]~reg0 ; outArr[1][21] ; clk        ;
; N/A                                     ; None                                                ; 7.771 ns   ; outArr[5][24]~reg0 ; outArr[5][24] ; clk        ;
; N/A                                     ; None                                                ; 7.767 ns   ; outArr[3][17]~reg0 ; outArr[3][17] ; clk        ;
; N/A                                     ; None                                                ; 7.755 ns   ; outArr[0][22]~reg0 ; outArr[0][22] ; clk        ;
; N/A                                     ; None                                                ; 7.747 ns   ; outArr[4][11]~reg0 ; outArr[4][11] ; clk        ;
; N/A                                     ; None                                                ; 7.739 ns   ; outArr[0][10]~reg0 ; outArr[0][10] ; clk        ;
; N/A                                     ; None                                                ; 7.737 ns   ; outArr[0][0]~reg0  ; outArr[0][0]  ; clk        ;
; N/A                                     ; None                                                ; 7.734 ns   ; outArr[3][18]~reg0 ; outArr[3][18] ; clk        ;
; N/A                                     ; None                                                ; 7.727 ns   ; outArr[1][18]~reg0 ; outArr[1][18] ; clk        ;
; N/A                                     ; None                                                ; 7.725 ns   ; outArr[3][29]~reg0 ; outArr[3][29] ; clk        ;
; N/A                                     ; None                                                ; 7.724 ns   ; outArr[6][15]~reg0 ; outArr[6][15] ; clk        ;
; N/A                                     ; None                                                ; 7.722 ns   ; outArr[7][10]~reg0 ; outArr[7][10] ; clk        ;
; N/A                                     ; None                                                ; 7.722 ns   ; outArr[7][2]~reg0  ; outArr[7][2]  ; clk        ;
; N/A                                     ; None                                                ; 7.721 ns   ; outArr[6][28]~reg0 ; outArr[6][28] ; clk        ;
; N/A                                     ; None                                                ; 7.719 ns   ; outArr[7][16]~reg0 ; outArr[7][16] ; clk        ;
; N/A                                     ; None                                                ; 7.709 ns   ; outArr[0][28]~reg0 ; outArr[0][28] ; clk        ;
; N/A                                     ; None                                                ; 7.706 ns   ; outArr[1][13]~reg0 ; outArr[1][13] ; clk        ;
; N/A                                     ; None                                                ; 7.703 ns   ; outArr[3][13]~reg0 ; outArr[3][13] ; clk        ;
; N/A                                     ; None                                                ; 7.700 ns   ; outArr[2][23]~reg0 ; outArr[2][23] ; clk        ;
; N/A                                     ; None                                                ; 7.700 ns   ; outArr[5][25]~reg0 ; outArr[5][25] ; clk        ;
; N/A                                     ; None                                                ; 7.698 ns   ; outArr[2][24]~reg0 ; outArr[2][24] ; clk        ;
; N/A                                     ; None                                                ; 7.698 ns   ; outArr[5][1]~reg0  ; outArr[5][1]  ; clk        ;
; N/A                                     ; None                                                ; 7.695 ns   ; outArr[7][5]~reg0  ; outArr[7][5]  ; clk        ;
; N/A                                     ; None                                                ; 7.694 ns   ; outArr[6][0]~reg0  ; outArr[6][0]  ; clk        ;
; N/A                                     ; None                                                ; 7.691 ns   ; outArr[3][21]~reg0 ; outArr[3][21] ; clk        ;
; N/A                                     ; None                                                ; 7.689 ns   ; outArr[2][10]~reg0 ; outArr[2][10] ; clk        ;
; N/A                                     ; None                                                ; 7.689 ns   ; outArr[6][18]~reg0 ; outArr[6][18] ; clk        ;
; N/A                                     ; None                                                ; 7.687 ns   ; outArr[2][17]~reg0 ; outArr[2][17] ; clk        ;
; N/A                                     ; None                                                ; 7.686 ns   ; outArr[5][22]~reg0 ; outArr[5][22] ; clk        ;
; N/A                                     ; None                                                ; 7.682 ns   ; outArr[0][15]~reg0 ; outArr[0][15] ; clk        ;
; N/A                                     ; None                                                ; 7.682 ns   ; outArr[2][5]~reg0  ; outArr[2][5]  ; clk        ;
; N/A                                     ; None                                                ; 7.680 ns   ; outArr[3][30]~reg0 ; outArr[3][30] ; clk        ;
; N/A                                     ; None                                                ; 7.672 ns   ; outArr[2][7]~reg0  ; outArr[2][7]  ; clk        ;
; N/A                                     ; None                                                ; 7.672 ns   ; outArr[7][4]~reg0  ; outArr[7][4]  ; clk        ;
; N/A                                     ; None                                                ; 7.668 ns   ; outArr[3][5]~reg0  ; outArr[3][5]  ; clk        ;
; N/A                                     ; None                                                ; 7.648 ns   ; outArr[0][5]~reg0  ; outArr[0][5]  ; clk        ;
; N/A                                     ; None                                                ; 7.647 ns   ; outArr[5][3]~reg0  ; outArr[5][3]  ; clk        ;
; N/A                                     ; None                                                ; 7.633 ns   ; outArr[4][20]~reg0 ; outArr[4][20] ; clk        ;
; N/A                                     ; None                                                ; 7.603 ns   ; outArr[7][15]~reg0 ; outArr[7][15] ; clk        ;
; N/A                                     ; None                                                ; 7.597 ns   ; outArr[1][22]~reg0 ; outArr[1][22] ; clk        ;
; N/A                                     ; None                                                ; 7.586 ns   ; outArr[7][31]~reg0 ; outArr[7][31] ; clk        ;
; N/A                                     ; None                                                ; 7.581 ns   ; outArr[0][12]~reg0 ; outArr[0][12] ; clk        ;
; N/A                                     ; None                                                ; 7.573 ns   ; outArr[0][25]~reg0 ; outArr[0][25] ; clk        ;
; N/A                                     ; None                                                ; 7.573 ns   ; outArr[1][7]~reg0  ; outArr[1][7]  ; clk        ;
; N/A                                     ; None                                                ; 7.559 ns   ; outArr[7][14]~reg0 ; outArr[7][14] ; clk        ;
; N/A                                     ; None                                                ; 7.556 ns   ; outArr[5][5]~reg0  ; outArr[5][5]  ; clk        ;
; N/A                                     ; None                                                ; 7.554 ns   ; outArr[0][16]~reg0 ; outArr[0][16] ; clk        ;
; N/A                                     ; None                                                ; 7.547 ns   ; outArr[1][15]~reg0 ; outArr[1][15] ; clk        ;
; N/A                                     ; None                                                ; 7.542 ns   ; outArr[1][25]~reg0 ; outArr[1][25] ; clk        ;
; N/A                                     ; None                                                ; 7.541 ns   ; outArr[6][31]~reg0 ; outArr[6][31] ; clk        ;
; N/A                                     ; None                                                ; 7.538 ns   ; outArr[2][6]~reg0  ; outArr[2][6]  ; clk        ;
; N/A                                     ; None                                                ; 7.534 ns   ; outArr[3][22]~reg0 ; outArr[3][22] ; clk        ;
; N/A                                     ; None                                                ; 7.530 ns   ; outArr[4][17]~reg0 ; outArr[4][17] ; clk        ;
; N/A                                     ; None                                                ; 7.525 ns   ; outArr[5][16]~reg0 ; outArr[5][16] ; clk        ;
; N/A                                     ; None                                                ; 7.518 ns   ; outArr[0][18]~reg0 ; outArr[0][18] ; clk        ;
; N/A                                     ; None                                                ; 7.518 ns   ; outArr[6][9]~reg0  ; outArr[6][9]  ; clk        ;
; N/A                                     ; None                                                ; 7.510 ns   ; outArr[1][5]~reg0  ; outArr[1][5]  ; clk        ;
; N/A                                     ; None                                                ; 7.504 ns   ; outArr[2][1]~reg0  ; outArr[2][1]  ; clk        ;
; N/A                                     ; None                                                ; 7.503 ns   ; outArr[7][11]~reg0 ; outArr[7][11] ; clk        ;
; N/A                                     ; None                                                ; 7.501 ns   ; outArr[4][4]~reg0  ; outArr[4][4]  ; clk        ;
; N/A                                     ; None                                                ; 7.497 ns   ; outArr[2][29]~reg0 ; outArr[2][29] ; clk        ;
; N/A                                     ; None                                                ; 7.492 ns   ; outArr[1][31]~reg0 ; outArr[1][31] ; clk        ;
; N/A                                     ; None                                                ; 7.492 ns   ; outArr[7][8]~reg0  ; outArr[7][8]  ; clk        ;
; N/A                                     ; None                                                ; 7.491 ns   ; outArr[7][12]~reg0 ; outArr[7][12] ; clk        ;
; N/A                                     ; None                                                ; 7.488 ns   ; outArr[0][11]~reg0 ; outArr[0][11] ; clk        ;
; N/A                                     ; None                                                ; 7.485 ns   ; outArr[4][13]~reg0 ; outArr[4][13] ; clk        ;
; N/A                                     ; None                                                ; 7.482 ns   ; outArr[3][15]~reg0 ; outArr[3][15] ; clk        ;
; N/A                                     ; None                                                ; 7.475 ns   ; outArr[1][26]~reg0 ; outArr[1][26] ; clk        ;
; N/A                                     ; None                                                ; 7.475 ns   ; outArr[2][16]~reg0 ; outArr[2][16] ; clk        ;
; N/A                                     ; None                                                ; 7.470 ns   ; outArr[5][20]~reg0 ; outArr[5][20] ; clk        ;
; N/A                                     ; None                                                ; 7.462 ns   ; outArr[6][4]~reg0  ; outArr[6][4]  ; clk        ;
; N/A                                     ; None                                                ; 7.461 ns   ; outArr[6][11]~reg0 ; outArr[6][11] ; clk        ;
; N/A                                     ; None                                                ; 7.459 ns   ; outArr[0][21]~reg0 ; outArr[0][21] ; clk        ;
; N/A                                     ; None                                                ; 7.459 ns   ; outArr[6][10]~reg0 ; outArr[6][10] ; clk        ;
; N/A                                     ; None                                                ; 7.454 ns   ; outArr[7][27]~reg0 ; outArr[7][27] ; clk        ;
; N/A                                     ; None                                                ; 7.446 ns   ; outArr[3][20]~reg0 ; outArr[3][20] ; clk        ;
; N/A                                     ; None                                                ; 7.445 ns   ; outArr[6][12]~reg0 ; outArr[6][12] ; clk        ;
; N/A                                     ; None                                                ; 7.413 ns   ; outArr[4][21]~reg0 ; outArr[4][21] ; clk        ;
; N/A                                     ; None                                                ; 7.396 ns   ; outArr[7][18]~reg0 ; outArr[7][18] ; clk        ;
; N/A                                     ; None                                                ; 7.394 ns   ; outArr[6][29]~reg0 ; outArr[6][29] ; clk        ;
; N/A                                     ; None                                                ; 7.389 ns   ; outArr[4][23]~reg0 ; outArr[4][23] ; clk        ;
; N/A                                     ; None                                                ; 7.384 ns   ; outArr[5][30]~reg0 ; outArr[5][30] ; clk        ;
; N/A                                     ; None                                                ; 7.384 ns   ; outArr[7][22]~reg0 ; outArr[7][22] ; clk        ;
; N/A                                     ; None                                                ; 7.383 ns   ; outArr[5][18]~reg0 ; outArr[5][18] ; clk        ;
; N/A                                     ; None                                                ; 7.369 ns   ; outArr[0][24]~reg0 ; outArr[0][24] ; clk        ;
; N/A                                     ; None                                                ; 7.369 ns   ; outArr[7][29]~reg0 ; outArr[7][29] ; clk        ;
; N/A                                     ; None                                                ; 7.368 ns   ; outArr[4][24]~reg0 ; outArr[4][24] ; clk        ;
; N/A                                     ; None                                                ; 7.358 ns   ; outArr[7][19]~reg0 ; outArr[7][19] ; clk        ;
; N/A                                     ; None                                                ; 7.355 ns   ; outArr[4][18]~reg0 ; outArr[4][18] ; clk        ;
; N/A                                     ; None                                                ; 7.353 ns   ; outArr[1][12]~reg0 ; outArr[1][12] ; clk        ;
; N/A                                     ; None                                                ; 7.352 ns   ; outArr[7][7]~reg0  ; outArr[7][7]  ; clk        ;
; N/A                                     ; None                                                ; 7.339 ns   ; outArr[0][9]~reg0  ; outArr[0][9]  ; clk        ;
; N/A                                     ; None                                                ; 7.339 ns   ; outArr[5][21]~reg0 ; outArr[5][21] ; clk        ;
; N/A                                     ; None                                                ; 7.338 ns   ; outArr[0][26]~reg0 ; outArr[0][26] ; clk        ;
; N/A                                     ; None                                                ; 7.338 ns   ; outArr[1][10]~reg0 ; outArr[1][10] ; clk        ;
; N/A                                     ; None                                                ; 7.321 ns   ; outArr[2][2]~reg0  ; outArr[2][2]  ; clk        ;
; Timing analysis restricted to 200 rows. ; To change the limit use Settings (Assignments menu) ;            ;                    ;               ;            ;
+-----------------------------------------+-----------------------------------------------------+------------+--------------------+---------------+------------+


+----------------------------------------------------------------------------------------------------------------------------------------------------------+
; th                                                                                                                                                       ;
+-----------------------------------------+-----------------------------------------------------+-----------+--------------+--------------------+----------+
; Minimum Slack                           ; Required th                                         ; Actual th ; From         ; To                 ; To Clock ;
+-----------------------------------------+-----------------------------------------------------+-----------+--------------+--------------------+----------+
; N/A                                     ; None                                                ; -1.929 ns ; inArr[1][7]  ; localArr[1][7]     ; clk      ;
; N/A                                     ; None                                                ; -1.949 ns ; inArr[0][25] ; localArr[0][25]    ; clk      ;
; N/A                                     ; None                                                ; -2.047 ns ; inArr[5][18] ; localArr[5][18]    ; clk      ;
; N/A                                     ; None                                                ; -2.050 ns ; inArr[1][6]  ; localArr[1][6]     ; clk      ;
; N/A                                     ; None                                                ; -2.092 ns ; inArr[1][23] ; localArr[1][23]    ; clk      ;
; N/A                                     ; None                                                ; -2.111 ns ; inArr[5][7]  ; localArr[5][7]     ; clk      ;
; N/A                                     ; None                                                ; -2.125 ns ; inArr[0][3]  ; localArr[0][3]     ; clk      ;
; N/A                                     ; None                                                ; -2.195 ns ; inArr[1][5]  ; localArr[1][5]     ; clk      ;
; N/A                                     ; None                                                ; -2.202 ns ; inArr[7][22] ; localArr[7][22]    ; clk      ;
; N/A                                     ; None                                                ; -2.212 ns ; inArr[4][24] ; localArr[4][24]    ; clk      ;
; N/A                                     ; None                                                ; -2.212 ns ; inArr[7][2]  ; localArr[7][2]     ; clk      ;
; N/A                                     ; None                                                ; -2.248 ns ; inArr[1][21] ; localArr[1][21]    ; clk      ;
; N/A                                     ; None                                                ; -2.253 ns ; inArr[0][17] ; localArr[0][17]    ; clk      ;
; N/A                                     ; None                                                ; -2.269 ns ; inArr[0][31] ; localArr[0][31]    ; clk      ;
; N/A                                     ; None                                                ; -2.285 ns ; inArr[7][5]  ; localArr[7][5]     ; clk      ;
; N/A                                     ; None                                                ; -2.293 ns ; inArr[5][3]  ; localArr[5][3]     ; clk      ;
; N/A                                     ; None                                                ; -2.301 ns ; inArr[4][8]  ; localArr[4][8]     ; clk      ;
; N/A                                     ; None                                                ; -2.310 ns ; inArr[1][29] ; localArr[1][29]    ; clk      ;
; N/A                                     ; None                                                ; -2.316 ns ; inArr[0][15] ; localArr[0][15]    ; clk      ;
; N/A                                     ; None                                                ; -2.382 ns ; inArr[4][28] ; localArr[4][28]    ; clk      ;
; N/A                                     ; None                                                ; -2.392 ns ; inArr[4][20] ; localArr[4][20]    ; clk      ;
; N/A                                     ; None                                                ; -2.396 ns ; start        ; outArr[7][4]~reg0  ; clk      ;
; N/A                                     ; None                                                ; -2.398 ns ; start        ; outArr[7][0]~reg0  ; clk      ;
; N/A                                     ; None                                                ; -2.400 ns ; start        ; outArr[7][1]~reg0  ; clk      ;
; N/A                                     ; None                                                ; -2.405 ns ; start        ; outArr[7][2]~reg0  ; clk      ;
; N/A                                     ; None                                                ; -2.434 ns ; inArr[5][20] ; localArr[5][20]    ; clk      ;
; N/A                                     ; None                                                ; -2.434 ns ; start        ; outArr[1][5]~reg0  ; clk      ;
; N/A                                     ; None                                                ; -2.435 ns ; start        ; outArr[1][4]~reg0  ; clk      ;
; N/A                                     ; None                                                ; -2.436 ns ; inArr[3][20] ; localArr[3][20]    ; clk      ;
; N/A                                     ; None                                                ; -2.436 ns ; start        ; outArr[1][7]~reg0  ; clk      ;
; N/A                                     ; None                                                ; -2.436 ns ; start        ; outArr[1][11]~reg0 ; clk      ;
; N/A                                     ; None                                                ; -2.437 ns ; start        ; outArr[1][12]~reg0 ; clk      ;
; N/A                                     ; None                                                ; -2.439 ns ; inArr[5][6]  ; localArr[5][6]     ; clk      ;
; N/A                                     ; None                                                ; -2.439 ns ; start        ; outArr[1][3]~reg0  ; clk      ;
; N/A                                     ; None                                                ; -2.440 ns ; start        ; outArr[1][8]~reg0  ; clk      ;
; N/A                                     ; None                                                ; -2.441 ns ; start        ; outArr[1][6]~reg0  ; clk      ;
; N/A                                     ; None                                                ; -2.442 ns ; start        ; outArr[1][10]~reg0 ; clk      ;
; N/A                                     ; None                                                ; -2.457 ns ; inArr[4][18] ; localArr[4][18]    ; clk      ;
; N/A                                     ; None                                                ; -2.461 ns ; inArr[0][7]  ; localArr[0][7]     ; clk      ;
; N/A                                     ; None                                                ; -2.463 ns ; inArr[1][3]  ; localArr[1][3]     ; clk      ;
; N/A                                     ; None                                                ; -2.463 ns ; inArr[7][18] ; localArr[7][18]    ; clk      ;
; N/A                                     ; None                                                ; -2.469 ns ; inArr[7][21] ; localArr[7][21]    ; clk      ;
; N/A                                     ; None                                                ; -2.472 ns ; inArr[5][23] ; localArr[5][23]    ; clk      ;
; N/A                                     ; None                                                ; -2.477 ns ; inArr[1][1]  ; localArr[1][1]     ; clk      ;
; N/A                                     ; None                                                ; -2.481 ns ; inArr[4][19] ; localArr[4][19]    ; clk      ;
; N/A                                     ; None                                                ; -2.482 ns ; inArr[7][23] ; localArr[7][23]    ; clk      ;
; N/A                                     ; None                                                ; -2.492 ns ; inArr[4][7]  ; localArr[4][7]     ; clk      ;
; N/A                                     ; None                                                ; -2.498 ns ; inArr[1][22] ; localArr[1][22]    ; clk      ;
; N/A                                     ; None                                                ; -2.501 ns ; inArr[7][0]  ; localArr[7][0]     ; clk      ;
; N/A                                     ; None                                                ; -2.502 ns ; reset        ; outArr[1][31]~reg0 ; clk      ;
; N/A                                     ; None                                                ; -2.502 ns ; reset        ; outArr[0][15]~reg0 ; clk      ;
; N/A                                     ; None                                                ; -2.503 ns ; inArr[2][1]  ; localArr[2][1]     ; clk      ;
; N/A                                     ; None                                                ; -2.503 ns ; reset        ; outArr[6][8]~reg0  ; clk      ;
; N/A                                     ; None                                                ; -2.503 ns ; reset        ; outArr[6][9]~reg0  ; clk      ;
; N/A                                     ; None                                                ; -2.503 ns ; reset        ; outArr[6][13]~reg0 ; clk      ;
; N/A                                     ; None                                                ; -2.503 ns ; reset        ; outArr[6][19]~reg0 ; clk      ;
; N/A                                     ; None                                                ; -2.504 ns ; reset        ; outArr[6][10]~reg0 ; clk      ;
; N/A                                     ; None                                                ; -2.505 ns ; inArr[2][12] ; localArr[2][12]    ; clk      ;
; N/A                                     ; None                                                ; -2.505 ns ; reset        ; outArr[6][5]~reg0  ; clk      ;
; N/A                                     ; None                                                ; -2.505 ns ; reset        ; outArr[6][17]~reg0 ; clk      ;
; N/A                                     ; None                                                ; -2.506 ns ; reset        ; outArr[6][6]~reg0  ; clk      ;
; N/A                                     ; None                                                ; -2.507 ns ; reset        ; outArr[6][16]~reg0 ; clk      ;
; N/A                                     ; None                                                ; -2.508 ns ; inArr[3][4]  ; localArr[3][4]     ; clk      ;
; N/A                                     ; None                                                ; -2.509 ns ; reset        ; outArr[6][4]~reg0  ; clk      ;
; N/A                                     ; None                                                ; -2.509 ns ; reset        ; outArr[6][12]~reg0 ; clk      ;
; N/A                                     ; None                                                ; -2.509 ns ; reset        ; outArr[6][18]~reg0 ; clk      ;
; N/A                                     ; None                                                ; -2.510 ns ; reset        ; outArr[6][21]~reg0 ; clk      ;
; N/A                                     ; None                                                ; -2.511 ns ; inArr[6][17] ; localArr[6][17]    ; clk      ;
; N/A                                     ; None                                                ; -2.512 ns ; reset        ; outArr[6][15]~reg0 ; clk      ;
; N/A                                     ; None                                                ; -2.513 ns ; reset        ; outArr[6][14]~reg0 ; clk      ;
; N/A                                     ; None                                                ; -2.513 ns ; reset        ; outArr[6][20]~reg0 ; clk      ;
; N/A                                     ; None                                                ; -2.514 ns ; inArr[1][18] ; localArr[1][18]    ; clk      ;
; N/A                                     ; None                                                ; -2.522 ns ; inArr[1][0]  ; localArr[1][0]     ; clk      ;
; N/A                                     ; None                                                ; -2.533 ns ; inArr[6][12] ; localArr[6][12]    ; clk      ;
; N/A                                     ; None                                                ; -2.540 ns ; inArr[6][1]  ; localArr[6][1]     ; clk      ;
; N/A                                     ; None                                                ; -2.544 ns ; inArr[0][21] ; localArr[0][21]    ; clk      ;
; N/A                                     ; None                                                ; -2.548 ns ; inArr[3][18] ; localArr[3][18]    ; clk      ;
; N/A                                     ; None                                                ; -2.548 ns ; inArr[5][4]  ; localArr[5][4]     ; clk      ;
; N/A                                     ; None                                                ; -2.556 ns ; inArr[5][16] ; localArr[5][16]    ; clk      ;
; N/A                                     ; None                                                ; -2.558 ns ; inArr[7][28] ; localArr[7][28]    ; clk      ;
; N/A                                     ; None                                                ; -2.561 ns ; start        ; outArr[1][9]~reg0  ; clk      ;
; N/A                                     ; None                                                ; -2.562 ns ; inArr[0][6]  ; localArr[0][6]     ; clk      ;
; N/A                                     ; None                                                ; -2.568 ns ; inArr[6][2]  ; localArr[6][2]     ; clk      ;
; N/A                                     ; None                                                ; -2.569 ns ; inArr[1][16] ; localArr[1][16]    ; clk      ;
; N/A                                     ; None                                                ; -2.570 ns ; inArr[5][25] ; localArr[5][25]    ; clk      ;
; N/A                                     ; None                                                ; -2.571 ns ; inArr[4][17] ; localArr[4][17]    ; clk      ;
; N/A                                     ; None                                                ; -2.574 ns ; inArr[0][22] ; localArr[0][22]    ; clk      ;
; N/A                                     ; None                                                ; -2.578 ns ; inArr[3][22] ; localArr[3][22]    ; clk      ;
; N/A                                     ; None                                                ; -2.578 ns ; inArr[4][11] ; localArr[4][11]    ; clk      ;
; N/A                                     ; None                                                ; -2.584 ns ; inArr[6][21] ; localArr[6][21]    ; clk      ;
; N/A                                     ; None                                                ; -2.585 ns ; inArr[5][24] ; localArr[5][24]    ; clk      ;
; N/A                                     ; None                                                ; -2.589 ns ; inArr[3][19] ; localArr[3][19]    ; clk      ;
; N/A                                     ; None                                                ; -2.597 ns ; inArr[2][24] ; localArr[2][24]    ; clk      ;
; N/A                                     ; None                                                ; -2.604 ns ; reset        ; outArr[7][6]~reg0  ; clk      ;
; N/A                                     ; None                                                ; -2.604 ns ; reset        ; outArr[7][7]~reg0  ; clk      ;
; N/A                                     ; None                                                ; -2.605 ns ; reset        ; outArr[7][5]~reg0  ; clk      ;
; N/A                                     ; None                                                ; -2.606 ns ; reset        ; outArr[7][3]~reg0  ; clk      ;
; N/A                                     ; None                                                ; -2.606 ns ; reset        ; outArr[0][29]~reg0 ; clk      ;
; N/A                                     ; None                                                ; -2.614 ns ; inArr[0][16] ; localArr[0][16]    ; clk      ;
; N/A                                     ; None                                                ; -2.615 ns ; inArr[3][2]  ; localArr[3][2]     ; clk      ;
; N/A                                     ; None                                                ; -2.616 ns ; inArr[0][11] ; localArr[0][11]    ; clk      ;
; N/A                                     ; None                                                ; -2.616 ns ; reset        ; outArr[7][8]~reg0  ; clk      ;
; N/A                                     ; None                                                ; -2.617 ns ; inArr[2][7]  ; localArr[2][7]     ; clk      ;
; N/A                                     ; None                                                ; -2.622 ns ; inArr[5][8]  ; localArr[5][8]     ; clk      ;
; N/A                                     ; None                                                ; -2.624 ns ; inArr[0][18] ; localArr[0][18]    ; clk      ;
; N/A                                     ; None                                                ; -2.625 ns ; inArr[5][2]  ; localArr[5][2]     ; clk      ;
; N/A                                     ; None                                                ; -2.626 ns ; inArr[6][19] ; localArr[6][19]    ; clk      ;
; N/A                                     ; None                                                ; -2.631 ns ; inArr[0][19] ; localArr[0][19]    ; clk      ;
; N/A                                     ; None                                                ; -2.633 ns ; start        ; outArr[6][20]~reg0 ; clk      ;
; N/A                                     ; None                                                ; -2.635 ns ; inArr[5][1]  ; localArr[5][1]     ; clk      ;
; N/A                                     ; None                                                ; -2.643 ns ; start        ; outArr[6][21]~reg0 ; clk      ;
; N/A                                     ; None                                                ; -2.645 ns ; start        ; outArr[6][18]~reg0 ; clk      ;
; N/A                                     ; None                                                ; -2.646 ns ; start        ; outArr[6][16]~reg0 ; clk      ;
; N/A                                     ; None                                                ; -2.647 ns ; start        ; outArr[6][17]~reg0 ; clk      ;
; N/A                                     ; None                                                ; -2.649 ns ; start        ; outArr[1][31]~reg0 ; clk      ;
; N/A                                     ; None                                                ; -2.650 ns ; start        ; outArr[6][19]~reg0 ; clk      ;
; N/A                                     ; None                                                ; -2.655 ns ; reset        ; outArr[1][6]~reg0  ; clk      ;
; N/A                                     ; None                                                ; -2.655 ns ; reset        ; outArr[1][9]~reg0  ; clk      ;
; N/A                                     ; None                                                ; -2.655 ns ; reset        ; outArr[1][10]~reg0 ; clk      ;
; N/A                                     ; None                                                ; -2.657 ns ; reset        ; outArr[1][8]~reg0  ; clk      ;
; N/A                                     ; None                                                ; -2.659 ns ; reset        ; outArr[1][3]~reg0  ; clk      ;
; N/A                                     ; None                                                ; -2.661 ns ; reset        ; outArr[1][7]~reg0  ; clk      ;
; N/A                                     ; None                                                ; -2.662 ns ; reset        ; outArr[1][5]~reg0  ; clk      ;
; N/A                                     ; None                                                ; -2.664 ns ; reset        ; outArr[1][4]~reg0  ; clk      ;
; N/A                                     ; None                                                ; -2.665 ns ; reset        ; outArr[1][11]~reg0 ; clk      ;
; N/A                                     ; None                                                ; -2.665 ns ; reset        ; outArr[1][12]~reg0 ; clk      ;
; N/A                                     ; None                                                ; -2.669 ns ; inArr[7][12] ; localArr[7][12]    ; clk      ;
; N/A                                     ; None                                                ; -2.672 ns ; inArr[1][30] ; localArr[1][30]    ; clk      ;
; N/A                                     ; None                                                ; -2.672 ns ; inArr[3][30] ; localArr[3][30]    ; clk      ;
; N/A                                     ; None                                                ; -2.672 ns ; inArr[7][19] ; localArr[7][19]    ; clk      ;
; N/A                                     ; None                                                ; -2.676 ns ; inArr[1][15] ; localArr[1][15]    ; clk      ;
; N/A                                     ; None                                                ; -2.683 ns ; start        ; outArr[6][12]~reg0 ; clk      ;
; N/A                                     ; None                                                ; -2.685 ns ; start        ; outArr[6][4]~reg0  ; clk      ;
; N/A                                     ; None                                                ; -2.686 ns ; reset        ; outArr[6][7]~reg0  ; clk      ;
; N/A                                     ; None                                                ; -2.691 ns ; inArr[7][10] ; localArr[7][10]    ; clk      ;
; N/A                                     ; None                                                ; -2.691 ns ; start        ; outArr[6][6]~reg0  ; clk      ;
; N/A                                     ; None                                                ; -2.693 ns ; start        ; outArr[6][5]~reg0  ; clk      ;
; N/A                                     ; None                                                ; -2.694 ns ; start        ; outArr[6][10]~reg0 ; clk      ;
; N/A                                     ; None                                                ; -2.695 ns ; start        ; outArr[0][15]~reg0 ; clk      ;
; N/A                                     ; None                                                ; -2.696 ns ; start        ; outArr[6][8]~reg0  ; clk      ;
; N/A                                     ; None                                                ; -2.698 ns ; start        ; outArr[6][9]~reg0  ; clk      ;
; N/A                                     ; None                                                ; -2.700 ns ; inArr[1][25] ; localArr[1][25]    ; clk      ;
; N/A                                     ; None                                                ; -2.701 ns ; inArr[0][20] ; localArr[0][20]    ; clk      ;
; N/A                                     ; None                                                ; -2.708 ns ; start        ; outArr[7][10]~reg0 ; clk      ;
; N/A                                     ; None                                                ; -2.708 ns ; start        ; outArr[0][24]~reg0 ; clk      ;
; N/A                                     ; None                                                ; -2.709 ns ; start        ; outArr[0][20]~reg0 ; clk      ;
; N/A                                     ; None                                                ; -2.709 ns ; start        ; outArr[0][22]~reg0 ; clk      ;
; N/A                                     ; None                                                ; -2.712 ns ; start        ; outArr[0][26]~reg0 ; clk      ;
; N/A                                     ; None                                                ; -2.720 ns ; inArr[1][2]  ; localArr[1][2]     ; clk      ;
; N/A                                     ; None                                                ; -2.725 ns ; start        ; outArr[7][6]~reg0  ; clk      ;
; N/A                                     ; None                                                ; -2.727 ns ; inArr[1][8]  ; localArr[1][8]     ; clk      ;
; N/A                                     ; None                                                ; -2.727 ns ; start        ; outArr[7][28]~reg0 ; clk      ;
; N/A                                     ; None                                                ; -2.727 ns ; start        ; outArr[0][29]~reg0 ; clk      ;
; N/A                                     ; None                                                ; -2.728 ns ; start        ; outArr[0][11]~reg0 ; clk      ;
; N/A                                     ; None                                                ; -2.729 ns ; start        ; outArr[7][7]~reg0  ; clk      ;
; N/A                                     ; None                                                ; -2.730 ns ; start        ; outArr[7][30]~reg0 ; clk      ;
; N/A                                     ; None                                                ; -2.730 ns ; start        ; outArr[7][31]~reg0 ; clk      ;
; N/A                                     ; None                                                ; -2.731 ns ; inArr[4][21] ; localArr[4][21]    ; clk      ;
; N/A                                     ; None                                                ; -2.731 ns ; start        ; outArr[7][5]~reg0  ; clk      ;
; N/A                                     ; None                                                ; -2.731 ns ; start        ; outArr[7][29]~reg0 ; clk      ;
; N/A                                     ; None                                                ; -2.731 ns ; start        ; outArr[6][1]~reg0  ; clk      ;
; N/A                                     ; None                                                ; -2.732 ns ; start        ; outArr[7][8]~reg0  ; clk      ;
; N/A                                     ; None                                                ; -2.732 ns ; start        ; outArr[7][27]~reg0 ; clk      ;
; N/A                                     ; None                                                ; -2.732 ns ; start        ; outArr[6][2]~reg0  ; clk      ;
; N/A                                     ; None                                                ; -2.733 ns ; start        ; outArr[6][0]~reg0  ; clk      ;
; N/A                                     ; None                                                ; -2.734 ns ; start        ; outArr[7][3]~reg0  ; clk      ;
; N/A                                     ; None                                                ; -2.737 ns ; inArr[0][27] ; localArr[0][27]    ; clk      ;
; N/A                                     ; None                                                ; -2.737 ns ; inArr[2][13] ; localArr[2][13]    ; clk      ;
; N/A                                     ; None                                                ; -2.739 ns ; inArr[3][23] ; localArr[3][23]    ; clk      ;
; N/A                                     ; None                                                ; -2.740 ns ; inArr[1][19] ; localArr[1][19]    ; clk      ;
; N/A                                     ; None                                                ; -2.745 ns ; inArr[4][23] ; localArr[4][23]    ; clk      ;
; N/A                                     ; None                                                ; -2.752 ns ; inArr[2][27] ; localArr[2][27]    ; clk      ;
; N/A                                     ; None                                                ; -2.758 ns ; start        ; outArr[6][3]~reg0  ; clk      ;
; N/A                                     ; None                                                ; -2.761 ns ; inArr[0][4]  ; localArr[0][4]     ; clk      ;
; N/A                                     ; None                                                ; -2.761 ns ; inArr[2][28] ; localArr[2][28]    ; clk      ;
; N/A                                     ; None                                                ; -2.771 ns ; inArr[0][26] ; localArr[0][26]    ; clk      ;
; N/A                                     ; None                                                ; -2.774 ns ; start        ; outArr[3][15]~reg0 ; clk      ;
; N/A                                     ; None                                                ; -2.776 ns ; start        ; outArr[3][16]~reg0 ; clk      ;
; N/A                                     ; None                                                ; -2.780 ns ; inArr[3][17] ; localArr[3][17]    ; clk      ;
; N/A                                     ; None                                                ; -2.782 ns ; start        ; outArr[3][14]~reg0 ; clk      ;
; N/A                                     ; None                                                ; -2.783 ns ; start        ; outArr[3][18]~reg0 ; clk      ;
; N/A                                     ; None                                                ; -2.784 ns ; start        ; outArr[3][13]~reg0 ; clk      ;
; N/A                                     ; None                                                ; -2.784 ns ; start        ; outArr[0][21]~reg0 ; clk      ;
; N/A                                     ; None                                                ; -2.786 ns ; inArr[3][16] ; localArr[3][16]    ; clk      ;
; N/A                                     ; None                                                ; -2.787 ns ; inArr[6][7]  ; localArr[6][7]     ; clk      ;
; N/A                                     ; None                                                ; -2.792 ns ; inArr[0][8]  ; localArr[0][8]     ; clk      ;
; N/A                                     ; None                                                ; -2.795 ns ; inArr[2][23] ; localArr[2][23]    ; clk      ;
; N/A                                     ; None                                                ; -2.795 ns ; inArr[5][21] ; localArr[5][21]    ; clk      ;
; N/A                                     ; None                                                ; -2.796 ns ; inArr[7][30] ; localArr[7][30]    ; clk      ;
; N/A                                     ; None                                                ; -2.798 ns ; inArr[0][0]  ; localArr[0][0]     ; clk      ;
; N/A                                     ; None                                                ; -2.799 ns ; inArr[1][26] ; localArr[1][26]    ; clk      ;
; N/A                                     ; None                                                ; -2.799 ns ; inArr[3][1]  ; localArr[3][1]     ; clk      ;
; N/A                                     ; None                                                ; -2.800 ns ; start        ; outArr[6][11]~reg0 ; clk      ;
; N/A                                     ; None                                                ; -2.801 ns ; inArr[1][13] ; localArr[1][13]    ; clk      ;
; N/A                                     ; None                                                ; -2.806 ns ; inArr[4][1]  ; localArr[4][1]     ; clk      ;
; N/A                                     ; None                                                ; -2.808 ns ; start        ; outArr[6][7]~reg0  ; clk      ;
; N/A                                     ; None                                                ; -2.809 ns ; inArr[6][20] ; localArr[6][20]    ; clk      ;
; N/A                                     ; None                                                ; -2.811 ns ; inArr[5][22] ; localArr[5][22]    ; clk      ;
; N/A                                     ; None                                                ; -2.815 ns ; inArr[5][5]  ; localArr[5][5]     ; clk      ;
; N/A                                     ; None                                                ; -2.819 ns ; inArr[3][29] ; localArr[3][29]    ; clk      ;
; Timing analysis restricted to 200 rows. ; To change the limit use Settings (Assignments menu) ;           ;              ;                    ;          ;
+-----------------------------------------+-----------------------------------------------------+-----------+--------------+--------------------+----------+


+--------------------------+
; Timing Analyzer Messages ;
+--------------------------+
Info: *******************************************************************
Info: Running Quartus II Timing Analyzer
    Info: Version 5.0 Build 148 04/26/2005 SJ Full Version
    Info: Processing started: Mon Mar 07 19:29:24 2022
Info: Command: quartus_tan --read_settings_files=off --write_settings_files=off lab5_q -c insertSort --timing_analysis_only
Warning: Found pins functioning as undefined clocks and/or memory enables
    Info: Assuming node "clk" is an undefined clock
Info: Clock "clk" has Internal fmax of 79.16 MHz between source register "j[2]" and destination register "localArr[1][0]" (period= 12.633 ns)
    Info: + Longest register to register delay is 12.460 ns
        Info: 1: + IC(0.000 ns) + CELL(0.000 ns) = 0.000 ns; Loc. = LC_X36_Y35_N4; Fanout = 115; REG Node = 'j[2]'
        Info: 2: + IC(2.954 ns) + CELL(0.366 ns) = 3.320 ns; Loc. = LC_X38_Y29_N9; Fanout = 1; COMB Node = 'Mux~2577'
        Info: 3: + IC(1.393 ns) + CELL(0.280 ns) = 4.993 ns; Loc. = LC_X38_Y35_N2; Fanout = 1; COMB Node = 'Mux~2578'
        Info: 4: + IC(0.324 ns) + CELL(0.075 ns) = 5.392 ns; Loc. = LC_X38_Y35_N5; Fanout = 9; COMB Node = 'Mux~2579'
        Info: 5: + IC(1.574 ns) + CELL(0.502 ns) = 7.468 ns; Loc. = LC_X33_Y32_N9; Fanout = 1; COMB Node = 'LessThan~515'
        Info: 6: + IC(0.000 ns) + CELL(0.098 ns) = 7.566 ns; Loc. = LC_X33_Y31_N4; Fanout = 1; COMB Node = 'LessThan~490'
        Info: 7: + IC(0.000 ns) + CELL(0.449 ns) = 8.015 ns; Loc. = LC_X33_Y31_N5; Fanout = 6; COMB Node = 'LessThan~483'
        Info: 8: + IC(0.559 ns) + CELL(0.075 ns) = 8.649 ns; Loc. = LC_X34_Y31_N1; Fanout = 7; COMB Node = 'localArr[7][18]~3960'
        Info: 9: + IC(0.370 ns) + CELL(0.183 ns) = 9.202 ns; Loc. = LC_X34_Y31_N4; Fanout = 2; COMB Node = 'localArr[1][0]~3965'
        Info: 10: + IC(0.324 ns) + CELL(0.075 ns) = 9.601 ns; Loc. = LC_X34_Y31_N0; Fanout = 32; COMB Node = 'localArr[1][0]~3973'
        Info: 11: + IC(2.154 ns) + CELL(0.705 ns) = 12.460 ns; Loc. = LC_X35_Y34_N6; Fanout = 3; REG Node = 'localArr[1][0]'
        Info: Total cell delay = 2.808 ns ( 22.54 % )
        Info: Total interconnect delay = 9.652 ns ( 77.46 % )
    Info: - Smallest clock skew is -0.007 ns
        Info: + Shortest clock path from clock "clk" to destination register is 2.900 ns
            Info: 1: + IC(0.000 ns) + CELL(0.725 ns) = 0.725 ns; Loc. = PIN_P2; Fanout = 522; CLK Node = 'clk'
            Info: 2: + IC(1.633 ns) + CELL(0.542 ns) = 2.900 ns; Loc. = LC_X35_Y34_N6; Fanout = 3; REG Node = 'localArr[1][0]'
            Info: Total cell delay = 1.267 ns ( 43.69 % )
            Info: Total interconnect delay = 1.633 ns ( 56.31 % )
        Info: - Longest clock path from clock "clk" to source register is 2.907 ns
            Info: 1: + IC(0.000 ns) + CELL(0.725 ns) = 0.725 ns; Loc. = PIN_P2; Fanout = 522; CLK Node = 'clk'
            Info: 2: + IC(1.640 ns) + CELL(0.542 ns) = 2.907 ns; Loc. = LC_X36_Y35_N4; Fanout = 115; REG Node = 'j[2]'
            Info: Total cell delay = 1.267 ns ( 43.58 % )
            Info: Total interconnect delay = 1.640 ns ( 56.42 % )
    Info: + Micro clock to output delay of source is 0.156 ns
    Info: + Micro setup delay of destination is 0.010 ns
Info: tsu for register "localArr[4][21]" (data pin = "start", clock pin = "clk") is 7.041 ns
    Info: + Longest pin to register delay is 9.955 ns
        Info: 1: + IC(0.000 ns) + CELL(1.087 ns) = 1.087 ns; Loc. = PIN_B15; Fanout = 535; PIN Node = 'start'
        Info: 2: + IC(5.083 ns) + CELL(0.183 ns) = 6.353 ns; Loc. = LC_X35_Y31_N4; Fanout = 1; COMB Node = 'localArr[4][0]~3967'
        Info: 3: + IC(0.516 ns) + CELL(0.366 ns) = 7.235 ns; Loc. = LC_X34_Y31_N2; Fanout = 32; COMB Node = 'localArr[4][0]~3968'
        Info: 4: + IC(2.015 ns) + CELL(0.705 ns) = 9.955 ns; Loc. = LC_X37_Y38_N7; Fanout = 3; REG Node = 'localArr[4][21]'
        Info: Total cell delay = 2.341 ns ( 23.52 % )
        Info: Total interconnect delay = 7.614 ns ( 76.48 % )
    Info: + Micro setup delay of destination is 0.010 ns
    Info: - Shortest clock path from clock "clk" to destination register is 2.924 ns
        Info: 1: + IC(0.000 ns) + CELL(0.725 ns) = 0.725 ns; Loc. = PIN_P2; Fanout = 522; CLK Node = 'clk'
        Info: 2: + IC(1.657 ns) + CELL(0.542 ns) = 2.924 ns; Loc. = LC_X37_Y38_N7; Fanout = 3; REG Node = 'localArr[4][21]'
        Info: Total cell delay = 1.267 ns ( 43.33 % )
        Info: Total interconnect delay = 1.657 ns ( 56.67 % )
Info: tco from clock "clk" to destination pin "outArr[6][26]" through register "outArr[6][26]~reg0" is 8.875 ns
    Info: + Longest clock path from clock "clk" to source register is 2.867 ns
        Info: 1: + IC(0.000 ns) + CELL(0.725 ns) = 0.725 ns; Loc. = PIN_P2; Fanout = 522; CLK Node = 'clk'
        Info: 2: + IC(1.600 ns) + CELL(0.542 ns) = 2.867 ns; Loc. = LC_X39_Y31_N1; Fanout = 1; REG Node = 'outArr[6][26]~reg0'
        Info: Total cell delay = 1.267 ns ( 44.19 % )
        Info: Total interconnect delay = 1.600 ns ( 55.81 % )
    Info: + Micro clock to output delay of source is 0.156 ns
    Info: + Longest register to pin delay is 5.852 ns
        Info: 1: + IC(0.000 ns) + CELL(0.000 ns) = 0.000 ns; Loc. = LC_X39_Y31_N1; Fanout = 1; REG Node = 'outArr[6][26]~reg0'
        Info: 2: + IC(3.448 ns) + CELL(2.404 ns) = 5.852 ns; Loc. = PIN_AH8; Fanout = 0; PIN Node = 'outArr[6][26]'
        Info: Total cell delay = 2.404 ns ( 41.08 % )
        Info: Total interconnect delay = 3.448 ns ( 58.92 % )
Info: th for register "localArr[1][7]" (data pin = "inArr[1][7]", clock pin = "clk") is -1.929 ns
    Info: + Longest clock path from clock "clk" to destination register is 2.885 ns
        Info: 1: + IC(0.000 ns) + CELL(0.725 ns) = 0.725 ns; Loc. = PIN_P2; Fanout = 522; CLK Node = 'clk'
        Info: 2: + IC(1.618 ns) + CELL(0.542 ns) = 2.885 ns; Loc. = LC_X32_Y38_N9; Fanout = 3; REG Node = 'localArr[1][7]'
        Info: Total cell delay = 1.267 ns ( 43.92 % )
        Info: Total interconnect delay = 1.618 ns ( 56.08 % )
    Info: + Micro hold delay of destination is 0.100 ns
    Info: - Shortest pin to register delay is 4.914 ns
        Info: 1: + IC(0.000 ns) + CELL(1.087 ns) = 1.087 ns; Loc. = PIN_H15; Fanout = 1; PIN Node = 'inArr[1][7]'
        Info: 2: + IC(3.742 ns) + CELL(0.085 ns) = 4.914 ns; Loc. = LC_X32_Y38_N9; Fanout = 3; REG Node = 'localArr[1][7]'
        Info: Total cell delay = 1.172 ns ( 23.85 % )
        Info: Total interconnect delay = 3.742 ns ( 76.15 % )
Info: Quartus II Timing Analyzer was successful. 0 errors, 1 warning
    Info: Processing ended: Mon Mar 07 19:29:24 2022
    Info: Elapsed time: 00:00:01


