Timing Analyzer report for cache
Sun Feb 20 12:05:35 2022
Version 5.0 Build 148 04/26/2005 SJ Full Version


---------------------
; Table of Contents ;
---------------------
  1. Legal Notice
  2. Timing Analyzer Summary
  3. Timing Analyzer Settings
  4. Clock Settings Summary
  5. Clock Setup: 'CLK'
  6. tsu
  7. tco
  8. tpd
  9. th
 10. Timing Analyzer Messages



----------------
; Legal Notice ;
----------------
Copyright (C) 1991-2005 Altera Corporation
Your use of Altera Corporation's design tools, logic functions 
and other software and tools, and its AMPP partner logic       
functions, and any output files any of the foregoing           
(including device programming or simulation files), and any    
associated documentation or information are expressly subject  
to the terms and conditions of the Altera Program License      
Subscription Agreement, Altera MegaCore Function License       
Agreement, or other applicable license agreement, including,   
without limitation, that your use is for the sole purpose of   
programming logic devices manufactured by Altera and sold by   
Altera or its authorized distributors.  Please refer to the    
applicable agreement for further details.



+------------------------------------------------------------------------------------------------------------------------------------------------------------------------------------------------------------------------------------------------------------------------+
; Timing Analyzer Summary                                                                                                                                                                                                                                                ;
+------------------------------+-------+---------------+----------------------------------+--------------------------------------------------------------------------------+------------------------------------------------------+------------+----------+--------------+
; Type                         ; Slack ; Required Time ; Actual Time                      ; From                                                                           ; To                                                   ; From Clock ; To Clock ; Failed Paths ;
+------------------------------+-------+---------------+----------------------------------+--------------------------------------------------------------------------------+------------------------------------------------------+------------+----------+--------------+
; Worst-case tsu               ; N/A   ; None          ; 5.018 ns                         ; WR                                                                             ; cacheBlock:inst5|lpm_dff:inst6|dffs[2]               ;            ; CLK      ; 0            ;
; Worst-case tco               ; N/A   ; None          ; 14.496 ns                        ; cacheBlock:inst3|lpm_compare:inst8|comptree:comparator|cmpchain:cmp[0]|aeb_out ; outData[1]                                           ; CLK        ;          ; 0            ;
; Worst-case tpd               ; N/A   ; None          ; 13.155 ns                        ; RD                                                                             ; outData[6]                                           ;            ;          ; 0            ;
; Worst-case th                ; N/A   ; None          ; -2.094 ns                        ; inData[3]                                                                      ; cacheBlock:inst5|lpm_dff:inst|dffs[3]                ;            ; CLK      ; 0            ;
; Clock Setup: 'CLK'           ; N/A   ; None          ; 275.48 MHz ( period = 3.630 ns ) ; cacheBlock:inst4|lpm_compare:inst8|comptree:comparator|cmpchain:cmp[3]|aeb_out ; lpm_counter:inst30|cntr_lq5:auto_generated|safe_q[0] ; CLK        ; CLK      ; 0            ;
; Total number of failed paths ;       ;               ;                                  ;                                                                                ;                                                      ;            ;          ; 0            ;
+------------------------------+-------+---------------+----------------------------------+--------------------------------------------------------------------------------+------------------------------------------------------+------------+----------+--------------+


+------------------------------------------------------------------------------------------------------+
; Timing Analyzer Settings                                                                             ;
+-------------------------------------------------------+--------------------+------+----+-------------+
; Option                                                ; Setting            ; From ; To ; Entity Name ;
+-------------------------------------------------------+--------------------+------+----+-------------+
; Device Name                                           ; EP1S10F484C5       ;      ;    ;             ;
; Timing Models                                         ; Final              ;      ;    ;             ;
; Number of source nodes to report per destination node ; 10                 ;      ;    ;             ;
; Number of destination nodes to report                 ; 10                 ;      ;    ;             ;
; Number of paths to report                             ; 200                ;      ;    ;             ;
; Report Minimum Timing Checks                          ; Off                ;      ;    ;             ;
; Use Fast Timing Models                                ; Off                ;      ;    ;             ;
; Report IO Paths Separately                            ; Off                ;      ;    ;             ;
; Default hold multicycle                               ; Same as Multicycle ;      ;    ;             ;
; Cut paths between unrelated clock domains             ; On                 ;      ;    ;             ;
; Cut off read during write signal paths                ; On                 ;      ;    ;             ;
; Cut off feedback from I/O pins                        ; On                 ;      ;    ;             ;
; Report Combined Fast/Slow Timing                      ; Off                ;      ;    ;             ;
; Ignore Clock Settings                                 ; Off                ;      ;    ;             ;
; Analyze latches as synchronous elements               ; Off                ;      ;    ;             ;
; Enable Recovery/Removal analysis                      ; Off                ;      ;    ;             ;
; Enable Clock Latency                                  ; Off                ;      ;    ;             ;
+-------------------------------------------------------+--------------------+------+----+-------------+


+------------------------------------------------------------------------------------------------------------------------------------------------------------------------------------+
; Clock Settings Summary                                                                                                                                                             ;
+-----------------+--------------------+----------+------------------+---------------+--------------+----------+-----------------------+---------------------+--------+--------------+
; Clock Node Name ; Clock Setting Name ; Type     ; Fmax Requirement ; Early Latency ; Late Latency ; Based on ; Multiply Base Fmax by ; Divide Base Fmax by ; Offset ; Phase offset ;
+-----------------+--------------------+----------+------------------+---------------+--------------+----------+-----------------------+---------------------+--------+--------------+
; CLK             ;                    ; User Pin ; NONE             ; 0.000 ns      ; 0.000 ns     ; NONE     ; N/A                   ; N/A                 ; N/A    ;              ;
+-----------------+--------------------+----------+------------------+---------------+--------------+----------+-----------------------+---------------------+--------+--------------+


+---------------------------------------------------------------------------------------------------------------------------------------------------------------------------------------------------------------------------------------------------------------------------------------------------------------------------------------------------+
; Clock Setup: 'CLK'                                                                                                                                                                                                                                                                                                                                ;
+-----------------------------------------+-----------------------------------------------------+--------------------------------------------------------------------------------+------------------------------------------------------+------------+----------+-----------------------------+---------------------------+-------------------------+
; Slack                                   ; Actual fmax (period)                                ; From                                                                           ; To                                                   ; From Clock ; To Clock ; Required Setup Relationship ; Required Longest P2P Time ; Actual Longest P2P Time ;
+-----------------------------------------+-----------------------------------------------------+--------------------------------------------------------------------------------+------------------------------------------------------+------------+----------+-----------------------------+---------------------------+-------------------------+
; N/A                                     ; 275.48 MHz ( period = 3.630 ns )                    ; cacheBlock:inst4|lpm_compare:inst8|comptree:comparator|cmpchain:cmp[3]|aeb_out ; lpm_counter:inst30|cntr_lq5:auto_generated|safe_q[0] ; CLK        ; CLK      ; None                        ; None                      ; 3.464 ns                ;
; N/A                                     ; 275.56 MHz ( period = 3.629 ns )                    ; cacheBlock:inst4|lpm_compare:inst8|comptree:comparator|cmpchain:cmp[3]|aeb_out ; lpm_counter:inst30|cntr_lq5:auto_generated|safe_q[1] ; CLK        ; CLK      ; None                        ; None                      ; 3.463 ns                ;
; N/A                                     ; 279.25 MHz ( period = 3.581 ns )                    ; cacheBlock:inst2|lpm_compare:inst8|comptree:comparator|cmpchain:cmp[3]|aeb_out ; lpm_counter:inst30|cntr_lq5:auto_generated|safe_q[0] ; CLK        ; CLK      ; None                        ; None                      ; 3.432 ns                ;
; N/A                                     ; 279.33 MHz ( period = 3.580 ns )                    ; cacheBlock:inst2|lpm_compare:inst8|comptree:comparator|cmpchain:cmp[3]|aeb_out ; lpm_counter:inst30|cntr_lq5:auto_generated|safe_q[1] ; CLK        ; CLK      ; None                        ; None                      ; 3.431 ns                ;
; N/A                                     ; 281.69 MHz ( period = 3.550 ns )                    ; cacheBlock:inst5|lpm_compare:inst8|comptree:comparator|cmpchain:cmp[0]|aeb_out ; lpm_counter:inst30|cntr_lq5:auto_generated|safe_q[0] ; CLK        ; CLK      ; None                        ; None                      ; 3.379 ns                ;
; N/A                                     ; 281.77 MHz ( period = 3.549 ns )                    ; cacheBlock:inst5|lpm_compare:inst8|comptree:comparator|cmpchain:cmp[0]|aeb_out ; lpm_counter:inst30|cntr_lq5:auto_generated|safe_q[1] ; CLK        ; CLK      ; None                        ; None                      ; 3.378 ns                ;
; N/A                                     ; 282.97 MHz ( period = 3.534 ns )                    ; cacheBlock:inst4|lpm_compare:inst8|comptree:comparator|cmpchain:cmp[1]|aeb_out ; lpm_counter:inst30|cntr_lq5:auto_generated|safe_q[0] ; CLK        ; CLK      ; None                        ; None                      ; 3.368 ns                ;
; N/A                                     ; 283.05 MHz ( period = 3.533 ns )                    ; cacheBlock:inst4|lpm_compare:inst8|comptree:comparator|cmpchain:cmp[1]|aeb_out ; lpm_counter:inst30|cntr_lq5:auto_generated|safe_q[1] ; CLK        ; CLK      ; None                        ; None                      ; 3.367 ns                ;
; N/A                                     ; 283.05 MHz ( period = 3.533 ns )                    ; cacheBlock:inst2|lpm_compare:inst8|comptree:comparator|cmpchain:cmp[0]|aeb_out ; lpm_counter:inst30|cntr_lq5:auto_generated|safe_q[0] ; CLK        ; CLK      ; None                        ; None                      ; 3.384 ns                ;
; N/A                                     ; 283.13 MHz ( period = 3.532 ns )                    ; cacheBlock:inst2|lpm_compare:inst8|comptree:comparator|cmpchain:cmp[0]|aeb_out ; lpm_counter:inst30|cntr_lq5:auto_generated|safe_q[1] ; CLK        ; CLK      ; None                        ; None                      ; 3.383 ns                ;
; N/A                                     ; 284.09 MHz ( period = 3.520 ns )                    ; cacheBlock:inst8|lpm_compare:inst8|comptree:comparator|cmpchain:cmp[0]|aeb_out ; lpm_counter:inst30|cntr_lq5:auto_generated|safe_q[0] ; CLK        ; CLK      ; None                        ; None                      ; 3.349 ns                ;
; N/A                                     ; 284.17 MHz ( period = 3.519 ns )                    ; cacheBlock:inst8|lpm_compare:inst8|comptree:comparator|cmpchain:cmp[0]|aeb_out ; lpm_counter:inst30|cntr_lq5:auto_generated|safe_q[1] ; CLK        ; CLK      ; None                        ; None                      ; 3.348 ns                ;
; N/A                                     ; 284.50 MHz ( period = 3.515 ns )                    ; cacheBlock:inst6|lpm_compare:inst8|comptree:comparator|cmpchain:cmp[0]|aeb_out ; lpm_counter:inst30|cntr_lq5:auto_generated|safe_q[0] ; CLK        ; CLK      ; None                        ; None                      ; 3.349 ns                ;
; N/A                                     ; 284.58 MHz ( period = 3.514 ns )                    ; cacheBlock:inst6|lpm_compare:inst8|comptree:comparator|cmpchain:cmp[0]|aeb_out ; lpm_counter:inst30|cntr_lq5:auto_generated|safe_q[1] ; CLK        ; CLK      ; None                        ; None                      ; 3.348 ns                ;
; N/A                                     ; 287.52 MHz ( period = 3.478 ns )                    ; cacheBlock:inst2|lpm_compare:inst8|comptree:comparator|cmpchain:cmp[2]|aeb_out ; lpm_counter:inst30|cntr_lq5:auto_generated|safe_q[0] ; CLK        ; CLK      ; None                        ; None                      ; 3.329 ns                ;
; N/A                                     ; 287.60 MHz ( period = 3.477 ns )                    ; cacheBlock:inst2|lpm_compare:inst8|comptree:comparator|cmpchain:cmp[2]|aeb_out ; lpm_counter:inst30|cntr_lq5:auto_generated|safe_q[1] ; CLK        ; CLK      ; None                        ; None                      ; 3.328 ns                ;
; N/A                                     ; 288.77 MHz ( period = 3.463 ns )                    ; cacheBlock:inst3|lpm_compare:inst8|comptree:comparator|cmpchain:cmp[0]|aeb_out ; lpm_counter:inst30|cntr_lq5:auto_generated|safe_q[0] ; CLK        ; CLK      ; None                        ; None                      ; 3.292 ns                ;
; N/A                                     ; 288.85 MHz ( period = 3.462 ns )                    ; cacheBlock:inst3|lpm_compare:inst8|comptree:comparator|cmpchain:cmp[0]|aeb_out ; lpm_counter:inst30|cntr_lq5:auto_generated|safe_q[1] ; CLK        ; CLK      ; None                        ; None                      ; 3.291 ns                ;
; N/A                                     ; 289.44 MHz ( period = 3.455 ns )                    ; cacheBlock:inst4|lpm_compare:inst8|comptree:comparator|cmpchain:cmp[2]|aeb_out ; lpm_counter:inst30|cntr_lq5:auto_generated|safe_q[0] ; CLK        ; CLK      ; None                        ; None                      ; 3.289 ns                ;
; N/A                                     ; 289.52 MHz ( period = 3.454 ns )                    ; cacheBlock:inst4|lpm_compare:inst8|comptree:comparator|cmpchain:cmp[2]|aeb_out ; lpm_counter:inst30|cntr_lq5:auto_generated|safe_q[1] ; CLK        ; CLK      ; None                        ; None                      ; 3.288 ns                ;
; N/A                                     ; 290.87 MHz ( period = 3.438 ns )                    ; cacheBlock:inst5|lpm_compare:inst8|comptree:comparator|cmpchain:cmp[2]|aeb_out ; lpm_counter:inst30|cntr_lq5:auto_generated|safe_q[0] ; CLK        ; CLK      ; None                        ; None                      ; 3.267 ns                ;
; N/A                                     ; 290.95 MHz ( period = 3.437 ns )                    ; cacheBlock:inst5|lpm_compare:inst8|comptree:comparator|cmpchain:cmp[2]|aeb_out ; lpm_counter:inst30|cntr_lq5:auto_generated|safe_q[1] ; CLK        ; CLK      ; None                        ; None                      ; 3.266 ns                ;
; N/A                                     ; 291.38 MHz ( period = 3.432 ns )                    ; cacheBlock:inst1|lpm_compare:inst8|comptree:comparator|cmpchain:cmp[0]|aeb_out ; lpm_counter:inst30|cntr_lq5:auto_generated|safe_q[0] ; CLK        ; CLK      ; None                        ; None                      ; 3.261 ns                ;
; N/A                                     ; 291.46 MHz ( period = 3.431 ns )                    ; cacheBlock:inst1|lpm_compare:inst8|comptree:comparator|cmpchain:cmp[0]|aeb_out ; lpm_counter:inst30|cntr_lq5:auto_generated|safe_q[1] ; CLK        ; CLK      ; None                        ; None                      ; 3.260 ns                ;
; N/A                                     ; 292.74 MHz ( period = 3.416 ns )                    ; cacheBlock:inst6|lpm_compare:inst8|comptree:comparator|cmpchain:cmp[2]|aeb_out ; lpm_counter:inst30|cntr_lq5:auto_generated|safe_q[0] ; CLK        ; CLK      ; None                        ; None                      ; 3.250 ns                ;
; N/A                                     ; 292.83 MHz ( period = 3.415 ns )                    ; cacheBlock:inst6|lpm_compare:inst8|comptree:comparator|cmpchain:cmp[2]|aeb_out ; lpm_counter:inst30|cntr_lq5:auto_generated|safe_q[1] ; CLK        ; CLK      ; None                        ; None                      ; 3.249 ns                ;
; N/A                                     ; 292.91 MHz ( period = 3.414 ns )                    ; cacheBlock:inst8|lpm_compare:inst8|comptree:comparator|cmpchain:cmp[2]|aeb_out ; lpm_counter:inst30|cntr_lq5:auto_generated|safe_q[0] ; CLK        ; CLK      ; None                        ; None                      ; 3.243 ns                ;
; N/A                                     ; 293.00 MHz ( period = 3.413 ns )                    ; cacheBlock:inst8|lpm_compare:inst8|comptree:comparator|cmpchain:cmp[2]|aeb_out ; lpm_counter:inst30|cntr_lq5:auto_generated|safe_q[1] ; CLK        ; CLK      ; None                        ; None                      ; 3.242 ns                ;
; N/A                                     ; 293.77 MHz ( period = 3.404 ns )                    ; lpm_counter:inst30|cntr_lq5:auto_generated|safe_q[2]                           ; cacheBlock:inst2|lpm_dff:inst|dffs[2]                ; CLK        ; CLK      ; None                        ; None                      ; 3.227 ns                ;
; N/A                                     ; 293.77 MHz ( period = 3.404 ns )                    ; lpm_counter:inst30|cntr_lq5:auto_generated|safe_q[2]                           ; cacheBlock:inst2|lpm_dff:inst|dffs[3]                ; CLK        ; CLK      ; None                        ; None                      ; 3.227 ns                ;
; N/A                                     ; 293.86 MHz ( period = 3.403 ns )                    ; cacheBlock:inst4|lpm_compare:inst8|comptree:comparator|cmpchain:cmp[3]|aeb_out ; lpm_counter:inst30|cntr_lq5:auto_generated|safe_q[2] ; CLK        ; CLK      ; None                        ; None                      ; 3.237 ns                ;
; N/A                                     ; 293.94 MHz ( period = 3.402 ns )                    ; cacheBlock:inst5|lpm_compare:inst8|comptree:comparator|cmpchain:cmp[1]|aeb_out ; lpm_counter:inst30|cntr_lq5:auto_generated|safe_q[0] ; CLK        ; CLK      ; None                        ; None                      ; 3.231 ns                ;
; N/A                                     ; 294.03 MHz ( period = 3.401 ns )                    ; cacheBlock:inst5|lpm_compare:inst8|comptree:comparator|cmpchain:cmp[1]|aeb_out ; lpm_counter:inst30|cntr_lq5:auto_generated|safe_q[1] ; CLK        ; CLK      ; None                        ; None                      ; 3.230 ns                ;
; N/A                                     ; 296.30 MHz ( period = 3.375 ns )                    ; cacheBlock:inst7|lpm_compare:inst8|comptree:comparator|cmpchain:cmp[0]|aeb_out ; lpm_counter:inst30|cntr_lq5:auto_generated|safe_q[0] ; CLK        ; CLK      ; None                        ; None                      ; 3.200 ns                ;
; N/A                                     ; 296.38 MHz ( period = 3.374 ns )                    ; cacheBlock:inst7|lpm_compare:inst8|comptree:comparator|cmpchain:cmp[0]|aeb_out ; lpm_counter:inst30|cntr_lq5:auto_generated|safe_q[1] ; CLK        ; CLK      ; None                        ; None                      ; 3.199 ns                ;
; N/A                                     ; 297.00 MHz ( period = 3.367 ns )                    ; cacheBlock:inst5|lpm_compare:inst8|comptree:comparator|cmpchain:cmp[3]|aeb_out ; lpm_counter:inst30|cntr_lq5:auto_generated|safe_q[0] ; CLK        ; CLK      ; None                        ; None                      ; 3.196 ns                ;
; N/A                                     ; 297.09 MHz ( period = 3.366 ns )                    ; cacheBlock:inst5|lpm_compare:inst8|comptree:comparator|cmpchain:cmp[3]|aeb_out ; lpm_counter:inst30|cntr_lq5:auto_generated|safe_q[1] ; CLK        ; CLK      ; None                        ; None                      ; 3.195 ns                ;
; N/A                                     ; 297.62 MHz ( period = 3.360 ns )                    ; lpm_counter:inst30|cntr_lq5:auto_generated|safe_q[2]                           ; cacheBlock:inst2|lpm_dff:inst|dffs[0]                ; CLK        ; CLK      ; None                        ; None                      ; 3.186 ns                ;
; N/A                                     ; 297.62 MHz ( period = 3.360 ns )                    ; lpm_counter:inst30|cntr_lq5:auto_generated|safe_q[2]                           ; cacheBlock:inst2|lpm_dff:inst|dffs[1]                ; CLK        ; CLK      ; None                        ; None                      ; 3.186 ns                ;
; N/A                                     ; 297.62 MHz ( period = 3.360 ns )                    ; lpm_counter:inst30|cntr_lq5:auto_generated|safe_q[2]                           ; cacheBlock:inst2|lpm_dff:inst|dffs[4]                ; CLK        ; CLK      ; None                        ; None                      ; 3.186 ns                ;
; N/A                                     ; 298.15 MHz ( period = 3.354 ns )                    ; cacheBlock:inst2|lpm_compare:inst8|comptree:comparator|cmpchain:cmp[3]|aeb_out ; lpm_counter:inst30|cntr_lq5:auto_generated|safe_q[2] ; CLK        ; CLK      ; None                        ; None                      ; 3.205 ns                ;
; N/A                                     ; 298.24 MHz ( period = 3.353 ns )                    ; cacheBlock:inst3|lpm_compare:inst8|comptree:comparator|cmpchain:cmp[1]|aeb_out ; lpm_counter:inst30|cntr_lq5:auto_generated|safe_q[0] ; CLK        ; CLK      ; None                        ; None                      ; 3.182 ns                ;
; N/A                                     ; 298.33 MHz ( period = 3.352 ns )                    ; cacheBlock:inst3|lpm_compare:inst8|comptree:comparator|cmpchain:cmp[1]|aeb_out ; lpm_counter:inst30|cntr_lq5:auto_generated|safe_q[1] ; CLK        ; CLK      ; None                        ; None                      ; 3.181 ns                ;
; N/A                                     ; 299.49 MHz ( period = 3.339 ns )                    ; cacheBlock:inst8|lpm_compare:inst8|comptree:comparator|cmpchain:cmp[3]|aeb_out ; lpm_counter:inst30|cntr_lq5:auto_generated|safe_q[0] ; CLK        ; CLK      ; None                        ; None                      ; 3.168 ns                ;
; N/A                                     ; 299.58 MHz ( period = 3.338 ns )                    ; cacheBlock:inst8|lpm_compare:inst8|comptree:comparator|cmpchain:cmp[3]|aeb_out ; lpm_counter:inst30|cntr_lq5:auto_generated|safe_q[1] ; CLK        ; CLK      ; None                        ; None                      ; 3.167 ns                ;
; N/A                                     ; 299.67 MHz ( period = 3.337 ns )                    ; cacheBlock:inst6|lpm_compare:inst8|comptree:comparator|cmpchain:cmp[3]|aeb_out ; lpm_counter:inst30|cntr_lq5:auto_generated|safe_q[0] ; CLK        ; CLK      ; None                        ; None                      ; 3.171 ns                ;
; N/A                                     ; 299.76 MHz ( period = 3.336 ns )                    ; cacheBlock:inst6|lpm_compare:inst8|comptree:comparator|cmpchain:cmp[3]|aeb_out ; lpm_counter:inst30|cntr_lq5:auto_generated|safe_q[1] ; CLK        ; CLK      ; None                        ; None                      ; 3.170 ns                ;
; N/A                                     ; 300.75 MHz ( period = 3.325 ns )                    ; cacheBlock:inst4|lpm_compare:inst8|comptree:comparator|cmpchain:cmp[0]|aeb_out ; lpm_counter:inst30|cntr_lq5:auto_generated|safe_q[0] ; CLK        ; CLK      ; None                        ; None                      ; 3.159 ns                ;
; N/A                                     ; 300.84 MHz ( period = 3.324 ns )                    ; cacheBlock:inst4|lpm_compare:inst8|comptree:comparator|cmpchain:cmp[0]|aeb_out ; lpm_counter:inst30|cntr_lq5:auto_generated|safe_q[1] ; CLK        ; CLK      ; None                        ; None                      ; 3.158 ns                ;
; N/A                                     ; 300.93 MHz ( period = 3.323 ns )                    ; cacheBlock:inst5|lpm_compare:inst8|comptree:comparator|cmpchain:cmp[0]|aeb_out ; lpm_counter:inst30|cntr_lq5:auto_generated|safe_q[2] ; CLK        ; CLK      ; None                        ; None                      ; 3.152 ns                ;
; N/A                                     ; 301.02 MHz ( period = 3.322 ns )                    ; cacheBlock:inst1|lpm_compare:inst8|comptree:comparator|cmpchain:cmp[2]|aeb_out ; lpm_counter:inst30|cntr_lq5:auto_generated|safe_q[0] ; CLK        ; CLK      ; None                        ; None                      ; 3.151 ns                ;
; N/A                                     ; 301.11 MHz ( period = 3.321 ns )                    ; cacheBlock:inst1|lpm_compare:inst8|comptree:comparator|cmpchain:cmp[2]|aeb_out ; lpm_counter:inst30|cntr_lq5:auto_generated|safe_q[1] ; CLK        ; CLK      ; None                        ; None                      ; 3.150 ns                ;
; N/A                                     ; 302.39 MHz ( period = 3.307 ns )                    ; cacheBlock:inst4|lpm_compare:inst8|comptree:comparator|cmpchain:cmp[1]|aeb_out ; lpm_counter:inst30|cntr_lq5:auto_generated|safe_q[2] ; CLK        ; CLK      ; None                        ; None                      ; 3.141 ns                ;
; N/A                                     ; 302.48 MHz ( period = 3.306 ns )                    ; cacheBlock:inst2|lpm_compare:inst8|comptree:comparator|cmpchain:cmp[0]|aeb_out ; lpm_counter:inst30|cntr_lq5:auto_generated|safe_q[2] ; CLK        ; CLK      ; None                        ; None                      ; 3.157 ns                ;
; N/A                                     ; 303.67 MHz ( period = 3.293 ns )                    ; cacheBlock:inst8|lpm_compare:inst8|comptree:comparator|cmpchain:cmp[0]|aeb_out ; lpm_counter:inst30|cntr_lq5:auto_generated|safe_q[2] ; CLK        ; CLK      ; None                        ; None                      ; 3.122 ns                ;
; N/A                                     ; 304.14 MHz ( period = 3.288 ns )                    ; cacheBlock:inst6|lpm_compare:inst8|comptree:comparator|cmpchain:cmp[0]|aeb_out ; lpm_counter:inst30|cntr_lq5:auto_generated|safe_q[2] ; CLK        ; CLK      ; None                        ; None                      ; 3.122 ns                ;
; N/A                                     ; 304.69 MHz ( period = 3.282 ns )                    ; cacheBlock:inst2|lpm_compare:inst8|comptree:comparator|cmpchain:cmp[1]|aeb_out ; lpm_counter:inst30|cntr_lq5:auto_generated|safe_q[0] ; CLK        ; CLK      ; None                        ; None                      ; 3.133 ns                ;
; N/A                                     ; 304.79 MHz ( period = 3.281 ns )                    ; cacheBlock:inst2|lpm_compare:inst8|comptree:comparator|cmpchain:cmp[1]|aeb_out ; lpm_counter:inst30|cntr_lq5:auto_generated|safe_q[1] ; CLK        ; CLK      ; None                        ; None                      ; 3.132 ns                ;
; N/A                                     ; 305.25 MHz ( period = 3.276 ns )                    ; cacheBlock:inst7|lpm_compare:inst8|comptree:comparator|cmpchain:cmp[2]|aeb_out ; lpm_counter:inst30|cntr_lq5:auto_generated|safe_q[0] ; CLK        ; CLK      ; None                        ; None                      ; 3.101 ns                ;
; N/A                                     ; 305.34 MHz ( period = 3.275 ns )                    ; cacheBlock:inst7|lpm_compare:inst8|comptree:comparator|cmpchain:cmp[2]|aeb_out ; lpm_counter:inst30|cntr_lq5:auto_generated|safe_q[1] ; CLK        ; CLK      ; None                        ; None                      ; 3.100 ns                ;
; N/A                                     ; 306.28 MHz ( period = 3.265 ns )                    ; cacheBlock:inst1|lpm_compare:inst8|comptree:comparator|cmpchain:cmp[1]|aeb_out ; lpm_counter:inst30|cntr_lq5:auto_generated|safe_q[0] ; CLK        ; CLK      ; None                        ; None                      ; 3.094 ns                ;
; N/A                                     ; 306.37 MHz ( period = 3.264 ns )                    ; cacheBlock:inst1|lpm_compare:inst8|comptree:comparator|cmpchain:cmp[1]|aeb_out ; lpm_counter:inst30|cntr_lq5:auto_generated|safe_q[1] ; CLK        ; CLK      ; None                        ; None                      ; 3.093 ns                ;
; N/A                                     ; 307.50 MHz ( period = 3.252 ns )                    ; cacheBlock:inst1|lpm_compare:inst8|comptree:comparator|cmpchain:cmp[3]|aeb_out ; lpm_counter:inst30|cntr_lq5:auto_generated|safe_q[0] ; CLK        ; CLK      ; None                        ; None                      ; 3.081 ns                ;
; N/A                                     ; 307.60 MHz ( period = 3.251 ns )                    ; cacheBlock:inst1|lpm_compare:inst8|comptree:comparator|cmpchain:cmp[3]|aeb_out ; lpm_counter:inst30|cntr_lq5:auto_generated|safe_q[1] ; CLK        ; CLK      ; None                        ; None                      ; 3.080 ns                ;
; N/A                                     ; 307.60 MHz ( period = 3.251 ns )                    ; cacheBlock:inst2|lpm_compare:inst8|comptree:comparator|cmpchain:cmp[2]|aeb_out ; lpm_counter:inst30|cntr_lq5:auto_generated|safe_q[2] ; CLK        ; CLK      ; None                        ; None                      ; 3.102 ns                ;
; N/A                                     ; 308.93 MHz ( period = 3.237 ns )                    ; lpm_counter:inst30|cntr_lq5:auto_generated|safe_q[2]                           ; cacheBlock:inst1|lpm_dff:inst6|dffs[1]               ; CLK        ; CLK      ; None                        ; None                      ; 3.076 ns                ;
; N/A                                     ; 309.02 MHz ( period = 3.236 ns )                    ; cacheBlock:inst3|lpm_compare:inst8|comptree:comparator|cmpchain:cmp[0]|aeb_out ; lpm_counter:inst30|cntr_lq5:auto_generated|safe_q[2] ; CLK        ; CLK      ; None                        ; None                      ; 3.065 ns                ;
; N/A                                     ; 309.79 MHz ( period = 3.228 ns )                    ; cacheBlock:inst4|lpm_compare:inst8|comptree:comparator|cmpchain:cmp[2]|aeb_out ; lpm_counter:inst30|cntr_lq5:auto_generated|safe_q[2] ; CLK        ; CLK      ; None                        ; None                      ; 3.062 ns                ;
; N/A                                     ; 310.56 MHz ( period = 3.220 ns )                    ; cacheBlock:inst6|lpm_compare:inst8|comptree:comparator|cmpchain:cmp[1]|aeb_out ; lpm_counter:inst30|cntr_lq5:auto_generated|safe_q[0] ; CLK        ; CLK      ; None                        ; None                      ; 3.054 ns                ;
; N/A                                     ; 310.66 MHz ( period = 3.219 ns )                    ; cacheBlock:inst6|lpm_compare:inst8|comptree:comparator|cmpchain:cmp[1]|aeb_out ; lpm_counter:inst30|cntr_lq5:auto_generated|safe_q[1] ; CLK        ; CLK      ; None                        ; None                      ; 3.053 ns                ;
; N/A                                     ; 310.85 MHz ( period = 3.217 ns )                    ; cacheBlock:inst8|lpm_compare:inst8|comptree:comparator|cmpchain:cmp[1]|aeb_out ; lpm_counter:inst30|cntr_lq5:auto_generated|safe_q[0] ; CLK        ; CLK      ; None                        ; None                      ; 3.046 ns                ;
; N/A                                     ; 310.95 MHz ( period = 3.216 ns )                    ; cacheBlock:inst8|lpm_compare:inst8|comptree:comparator|cmpchain:cmp[1]|aeb_out ; lpm_counter:inst30|cntr_lq5:auto_generated|safe_q[1] ; CLK        ; CLK      ; None                        ; None                      ; 3.045 ns                ;
; N/A                                     ; 311.43 MHz ( period = 3.211 ns )                    ; cacheBlock:inst5|lpm_compare:inst8|comptree:comparator|cmpchain:cmp[2]|aeb_out ; lpm_counter:inst30|cntr_lq5:auto_generated|safe_q[2] ; CLK        ; CLK      ; None                        ; None                      ; 3.040 ns                ;
; N/A                                     ; 312.01 MHz ( period = 3.205 ns )                    ; cacheBlock:inst1|lpm_compare:inst8|comptree:comparator|cmpchain:cmp[0]|aeb_out ; lpm_counter:inst30|cntr_lq5:auto_generated|safe_q[2] ; CLK        ; CLK      ; None                        ; None                      ; 3.034 ns                ;
; N/A                                     ; 312.21 MHz ( period = 3.203 ns )                    ; cacheBlock:inst7|lpm_compare:inst8|comptree:comparator|cmpchain:cmp[3]|aeb_out ; lpm_counter:inst30|cntr_lq5:auto_generated|safe_q[0] ; CLK        ; CLK      ; None                        ; None                      ; 3.028 ns                ;
; N/A                                     ; 312.30 MHz ( period = 3.202 ns )                    ; cacheBlock:inst7|lpm_compare:inst8|comptree:comparator|cmpchain:cmp[3]|aeb_out ; lpm_counter:inst30|cntr_lq5:auto_generated|safe_q[1] ; CLK        ; CLK      ; None                        ; None                      ; 3.027 ns                ;
; N/A                                     ; 313.58 MHz ( period = 3.189 ns )                    ; cacheBlock:inst6|lpm_compare:inst8|comptree:comparator|cmpchain:cmp[2]|aeb_out ; lpm_counter:inst30|cntr_lq5:auto_generated|safe_q[2] ; CLK        ; CLK      ; None                        ; None                      ; 3.023 ns                ;
; N/A                                     ; 313.77 MHz ( period = 3.187 ns )                    ; cacheBlock:inst8|lpm_compare:inst8|comptree:comparator|cmpchain:cmp[2]|aeb_out ; lpm_counter:inst30|cntr_lq5:auto_generated|safe_q[2] ; CLK        ; CLK      ; None                        ; None                      ; 3.016 ns                ;
; N/A                                     ; 314.96 MHz ( period = 3.175 ns )                    ; cacheBlock:inst5|lpm_compare:inst8|comptree:comparator|cmpchain:cmp[1]|aeb_out ; lpm_counter:inst30|cntr_lq5:auto_generated|safe_q[2] ; CLK        ; CLK      ; None                        ; None                      ; 3.004 ns                ;
; N/A                                     ; 316.36 MHz ( period = 3.161 ns )                    ; lpm_counter:inst30|cntr_lq5:auto_generated|safe_q[0]                           ; cacheBlock:inst2|lpm_dff:inst|dffs[2]                ; CLK        ; CLK      ; None                        ; None                      ; 2.984 ns                ;
; N/A                                     ; 316.36 MHz ( period = 3.161 ns )                    ; lpm_counter:inst30|cntr_lq5:auto_generated|safe_q[0]                           ; cacheBlock:inst2|lpm_dff:inst|dffs[3]                ; CLK        ; CLK      ; None                        ; None                      ; 2.984 ns                ;
; N/A                                     ; 317.66 MHz ( period = 3.148 ns )                    ; cacheBlock:inst7|lpm_compare:inst8|comptree:comparator|cmpchain:cmp[0]|aeb_out ; lpm_counter:inst30|cntr_lq5:auto_generated|safe_q[2] ; CLK        ; CLK      ; None                        ; None                      ; 2.973 ns                ;
; N/A                                     ; 318.47 MHz ( period = 3.140 ns )                    ; cacheBlock:inst5|lpm_compare:inst8|comptree:comparator|cmpchain:cmp[3]|aeb_out ; lpm_counter:inst30|cntr_lq5:auto_generated|safe_q[2] ; CLK        ; CLK      ; None                        ; None                      ; 2.969 ns                ;
; N/A                                     ; 319.90 MHz ( period = 3.126 ns )                    ; cacheBlock:inst3|lpm_compare:inst8|comptree:comparator|cmpchain:cmp[1]|aeb_out ; lpm_counter:inst30|cntr_lq5:auto_generated|safe_q[2] ; CLK        ; CLK      ; None                        ; None                      ; 2.955 ns                ;
; N/A                                     ; 320.82 MHz ( period = 3.117 ns )                    ; lpm_counter:inst30|cntr_lq5:auto_generated|safe_q[0]                           ; cacheBlock:inst2|lpm_dff:inst|dffs[0]                ; CLK        ; CLK      ; None                        ; None                      ; 2.943 ns                ;
; N/A                                     ; 320.82 MHz ( period = 3.117 ns )                    ; lpm_counter:inst30|cntr_lq5:auto_generated|safe_q[0]                           ; cacheBlock:inst2|lpm_dff:inst|dffs[1]                ; CLK        ; CLK      ; None                        ; None                      ; 2.943 ns                ;
; N/A                                     ; 320.82 MHz ( period = 3.117 ns )                    ; lpm_counter:inst30|cntr_lq5:auto_generated|safe_q[0]                           ; cacheBlock:inst2|lpm_dff:inst|dffs[4]                ; CLK        ; CLK      ; None                        ; None                      ; 2.943 ns                ;
; N/A                                     ; 321.34 MHz ( period = 3.112 ns )                    ; cacheBlock:inst8|lpm_compare:inst8|comptree:comparator|cmpchain:cmp[3]|aeb_out ; lpm_counter:inst30|cntr_lq5:auto_generated|safe_q[2] ; CLK        ; CLK      ; None                        ; None                      ; 2.941 ns                ;
; N/A                                     ; 321.54 MHz ( period = 3.110 ns )                    ; cacheBlock:inst6|lpm_compare:inst8|comptree:comparator|cmpchain:cmp[3]|aeb_out ; lpm_counter:inst30|cntr_lq5:auto_generated|safe_q[2] ; CLK        ; CLK      ; None                        ; None                      ; 2.944 ns                ;
; N/A                                     ; 322.79 MHz ( period = 3.098 ns )                    ; cacheBlock:inst4|lpm_compare:inst8|comptree:comparator|cmpchain:cmp[0]|aeb_out ; lpm_counter:inst30|cntr_lq5:auto_generated|safe_q[2] ; CLK        ; CLK      ; None                        ; None                      ; 2.932 ns                ;
; N/A                                     ; 323.10 MHz ( period = 3.095 ns )                    ; cacheBlock:inst1|lpm_compare:inst8|comptree:comparator|cmpchain:cmp[2]|aeb_out ; lpm_counter:inst30|cntr_lq5:auto_generated|safe_q[2] ; CLK        ; CLK      ; None                        ; None                      ; 2.924 ns                ;
; N/A                                     ; 324.78 MHz ( period = 3.079 ns )                    ; cacheBlock:inst7|lpm_compare:inst8|comptree:comparator|cmpchain:cmp[1]|aeb_out ; lpm_counter:inst30|cntr_lq5:auto_generated|safe_q[0] ; CLK        ; CLK      ; None                        ; None                      ; 2.904 ns                ;
; N/A                                     ; 324.89 MHz ( period = 3.078 ns )                    ; cacheBlock:inst7|lpm_compare:inst8|comptree:comparator|cmpchain:cmp[1]|aeb_out ; lpm_counter:inst30|cntr_lq5:auto_generated|safe_q[1] ; CLK        ; CLK      ; None                        ; None                      ; 2.903 ns                ;
; N/A                                     ; 325.31 MHz ( period = 3.074 ns )                    ; lpm_counter:inst30|cntr_lq5:auto_generated|safe_q[2]                           ; cacheBlock:inst1|lpm_dff:inst|dffs[7]                ; CLK        ; CLK      ; None                        ; None                      ; 2.891 ns                ;
; N/A                                     ; 325.31 MHz ( period = 3.074 ns )                    ; cacheBlock:inst3|lpm_compare:inst8|comptree:comparator|cmpchain:cmp[3]|aeb_out ; lpm_counter:inst30|cntr_lq5:auto_generated|safe_q[0] ; CLK        ; CLK      ; None                        ; None                      ; 2.899 ns                ;
; N/A                                     ; 325.31 MHz ( period = 3.074 ns )                    ; lpm_counter:inst30|cntr_lq5:auto_generated|safe_q[2]                           ; cacheBlock:inst1|lpm_dff:inst6|dffs[4]               ; CLK        ; CLK      ; None                        ; None                      ; 2.891 ns                ;
; N/A                                     ; 325.31 MHz ( period = 3.074 ns )                    ; lpm_counter:inst30|cntr_lq5:auto_generated|safe_q[2]                           ; cacheBlock:inst1|lpm_dff:inst6|dffs[6]               ; CLK        ; CLK      ; None                        ; None                      ; 2.891 ns                ;
; N/A                                     ; 325.41 MHz ( period = 3.073 ns )                    ; cacheBlock:inst3|lpm_compare:inst8|comptree:comparator|cmpchain:cmp[3]|aeb_out ; lpm_counter:inst30|cntr_lq5:auto_generated|safe_q[1] ; CLK        ; CLK      ; None                        ; None                      ; 2.898 ns                ;
; N/A                                     ; 327.33 MHz ( period = 3.055 ns )                    ; cacheBlock:inst2|lpm_compare:inst8|comptree:comparator|cmpchain:cmp[1]|aeb_out ; lpm_counter:inst30|cntr_lq5:auto_generated|safe_q[2] ; CLK        ; CLK      ; None                        ; None                      ; 2.906 ns                ;
; N/A                                     ; 327.65 MHz ( period = 3.052 ns )                    ; lpm_counter:inst30|cntr_lq5:auto_generated|safe_q[0]                           ; cacheBlock:inst1|lpm_dff:inst6|dffs[1]               ; CLK        ; CLK      ; None                        ; None                      ; 2.891 ns                ;
; N/A                                     ; 327.98 MHz ( period = 3.049 ns )                    ; cacheBlock:inst7|lpm_compare:inst8|comptree:comparator|cmpchain:cmp[2]|aeb_out ; lpm_counter:inst30|cntr_lq5:auto_generated|safe_q[2] ; CLK        ; CLK      ; None                        ; None                      ; 2.874 ns                ;
; N/A                                     ; 328.52 MHz ( period = 3.044 ns )                    ; lpm_counter:inst30|cntr_lq5:auto_generated|safe_q[2]                           ; cacheBlock:inst1|lpm_dff:inst|dffs[0]                ; CLK        ; CLK      ; None                        ; None                      ; 2.870 ns                ;
; N/A                                     ; 328.52 MHz ( period = 3.044 ns )                    ; lpm_counter:inst30|cntr_lq5:auto_generated|safe_q[2]                           ; cacheBlock:inst1|lpm_dff:inst|dffs[1]                ; CLK        ; CLK      ; None                        ; None                      ; 2.870 ns                ;
; N/A                                     ; 328.52 MHz ( period = 3.044 ns )                    ; lpm_counter:inst30|cntr_lq5:auto_generated|safe_q[2]                           ; cacheBlock:inst1|lpm_dff:inst|dffs[4]                ; CLK        ; CLK      ; None                        ; None                      ; 2.870 ns                ;
; N/A                                     ; 328.52 MHz ( period = 3.044 ns )                    ; lpm_counter:inst30|cntr_lq5:auto_generated|safe_q[2]                           ; cacheBlock:inst1|lpm_dff:inst6|dffs[3]               ; CLK        ; CLK      ; None                        ; None                      ; 2.870 ns                ;
; N/A                                     ; 328.52 MHz ( period = 3.044 ns )                    ; lpm_counter:inst30|cntr_lq5:auto_generated|safe_q[2]                           ; cacheBlock:inst1|lpm_dff:inst6|dffs[5]               ; CLK        ; CLK      ; None                        ; None                      ; 2.870 ns                ;
; N/A                                     ; 328.52 MHz ( period = 3.044 ns )                    ; lpm_counter:inst30|cntr_lq5:auto_generated|safe_q[2]                           ; cacheBlock:inst1|lpm_dff:inst6|dffs[7]               ; CLK        ; CLK      ; None                        ; None                      ; 2.870 ns                ;
; N/A                                     ; 329.16 MHz ( period = 3.038 ns )                    ; cacheBlock:inst1|lpm_compare:inst8|comptree:comparator|cmpchain:cmp[1]|aeb_out ; lpm_counter:inst30|cntr_lq5:auto_generated|safe_q[2] ; CLK        ; CLK      ; None                        ; None                      ; 2.867 ns                ;
; N/A                                     ; 330.36 MHz ( period = 3.027 ns )                    ; lpm_counter:inst30|cntr_lq5:auto_generated|safe_q[1]                           ; cacheBlock:inst2|lpm_dff:inst|dffs[2]                ; CLK        ; CLK      ; None                        ; None                      ; 2.850 ns                ;
; N/A                                     ; 330.36 MHz ( period = 3.027 ns )                    ; lpm_counter:inst30|cntr_lq5:auto_generated|safe_q[1]                           ; cacheBlock:inst2|lpm_dff:inst|dffs[3]                ; CLK        ; CLK      ; None                        ; None                      ; 2.850 ns                ;
; N/A                                     ; 330.58 MHz ( period = 3.025 ns )                    ; cacheBlock:inst1|lpm_compare:inst8|comptree:comparator|cmpchain:cmp[3]|aeb_out ; lpm_counter:inst30|cntr_lq5:auto_generated|safe_q[2] ; CLK        ; CLK      ; None                        ; None                      ; 2.854 ns                ;
; N/A                                     ; 331.24 MHz ( period = 3.019 ns )                    ; lpm_counter:inst30|cntr_lq5:auto_generated|safe_q[2]                           ; cacheBlock:inst1|lpm_dff:inst|dffs[2]                ; CLK        ; CLK      ; None                        ; None                      ; 2.858 ns                ;
; N/A                                     ; 331.24 MHz ( period = 3.019 ns )                    ; lpm_counter:inst30|cntr_lq5:auto_generated|safe_q[2]                           ; cacheBlock:inst1|lpm_dff:inst|dffs[3]                ; CLK        ; CLK      ; None                        ; None                      ; 2.858 ns                ;
; N/A                                     ; 331.24 MHz ( period = 3.019 ns )                    ; lpm_counter:inst30|cntr_lq5:auto_generated|safe_q[2]                           ; cacheBlock:inst1|lpm_dff:inst|dffs[5]                ; CLK        ; CLK      ; None                        ; None                      ; 2.858 ns                ;
; N/A                                     ; 331.24 MHz ( period = 3.019 ns )                    ; lpm_counter:inst30|cntr_lq5:auto_generated|safe_q[2]                           ; cacheBlock:inst1|lpm_dff:inst|dffs[6]                ; CLK        ; CLK      ; None                        ; None                      ; 2.858 ns                ;
; N/A                                     ; 331.24 MHz ( period = 3.019 ns )                    ; lpm_counter:inst30|cntr_lq5:auto_generated|safe_q[2]                           ; cacheBlock:inst1|lpm_dff:inst6|dffs[2]               ; CLK        ; CLK      ; None                        ; None                      ; 2.858 ns                ;
; N/A                                     ; 331.24 MHz ( period = 3.019 ns )                    ; lpm_counter:inst30|cntr_lq5:auto_generated|safe_q[2]                           ; cacheBlock:inst1|lpm_dff:inst6|dffs[0]               ; CLK        ; CLK      ; None                        ; None                      ; 2.858 ns                ;
; N/A                                     ; 331.67 MHz ( period = 3.015 ns )                    ; lpm_counter:inst30|cntr_lq5:auto_generated|safe_q[2]                           ; cacheBlock:inst3|lpm_dff:inst|dffs[0]                ; CLK        ; CLK      ; None                        ; None                      ; 2.858 ns                ;
; N/A                                     ; 331.67 MHz ( period = 3.015 ns )                    ; lpm_counter:inst30|cntr_lq5:auto_generated|safe_q[2]                           ; cacheBlock:inst3|lpm_dff:inst6|dffs[0]               ; CLK        ; CLK      ; None                        ; None                      ; 2.858 ns                ;
; N/A                                     ; 331.67 MHz ( period = 3.015 ns )                    ; lpm_counter:inst30|cntr_lq5:auto_generated|safe_q[2]                           ; cacheBlock:inst3|lpm_dff:inst6|dffs[4]               ; CLK        ; CLK      ; None                        ; None                      ; 2.858 ns                ;
; N/A                                     ; 331.67 MHz ( period = 3.015 ns )                    ; lpm_counter:inst30|cntr_lq5:auto_generated|safe_q[2]                           ; cacheBlock:inst3|lpm_dff:inst6|dffs[6]               ; CLK        ; CLK      ; None                        ; None                      ; 2.858 ns                ;
; N/A                                     ; 334.11 MHz ( period = 2.993 ns )                    ; cacheBlock:inst6|lpm_compare:inst8|comptree:comparator|cmpchain:cmp[1]|aeb_out ; lpm_counter:inst30|cntr_lq5:auto_generated|safe_q[2] ; CLK        ; CLK      ; None                        ; None                      ; 2.827 ns                ;
; N/A                                     ; 334.11 MHz ( period = 2.993 ns )                    ; lpm_counter:inst30|cntr_lq5:auto_generated|safe_q[2]                           ; cacheBlock:inst3|lpm_dff:inst6|dffs[2]               ; CLK        ; CLK      ; None                        ; None                      ; 2.832 ns                ;
; N/A                                     ; 334.11 MHz ( period = 2.993 ns )                    ; lpm_counter:inst30|cntr_lq5:auto_generated|safe_q[2]                           ; cacheBlock:inst3|lpm_dff:inst6|dffs[3]               ; CLK        ; CLK      ; None                        ; None                      ; 2.832 ns                ;
; N/A                                     ; 334.11 MHz ( period = 2.993 ns )                    ; lpm_counter:inst30|cntr_lq5:auto_generated|safe_q[2]                           ; cacheBlock:inst3|lpm_dff:inst6|dffs[1]               ; CLK        ; CLK      ; None                        ; None                      ; 2.832 ns                ;
; N/A                                     ; 334.11 MHz ( period = 2.993 ns )                    ; lpm_counter:inst30|cntr_lq5:auto_generated|safe_q[2]                           ; cacheBlock:inst3|lpm_dff:inst6|dffs[5]               ; CLK        ; CLK      ; None                        ; None                      ; 2.832 ns                ;
; N/A                                     ; 334.11 MHz ( period = 2.993 ns )                    ; lpm_counter:inst30|cntr_lq5:auto_generated|safe_q[2]                           ; cacheBlock:inst3|lpm_dff:inst6|dffs[7]               ; CLK        ; CLK      ; None                        ; None                      ; 2.832 ns                ;
; N/A                                     ; 334.45 MHz ( period = 2.990 ns )                    ; cacheBlock:inst8|lpm_compare:inst8|comptree:comparator|cmpchain:cmp[1]|aeb_out ; lpm_counter:inst30|cntr_lq5:auto_generated|safe_q[2] ; CLK        ; CLK      ; None                        ; None                      ; 2.819 ns                ;
; N/A                                     ; 335.23 MHz ( period = 2.983 ns )                    ; lpm_counter:inst30|cntr_lq5:auto_generated|safe_q[1]                           ; cacheBlock:inst2|lpm_dff:inst|dffs[0]                ; CLK        ; CLK      ; None                        ; None                      ; 2.809 ns                ;
; N/A                                     ; 335.23 MHz ( period = 2.983 ns )                    ; lpm_counter:inst30|cntr_lq5:auto_generated|safe_q[1]                           ; cacheBlock:inst2|lpm_dff:inst|dffs[1]                ; CLK        ; CLK      ; None                        ; None                      ; 2.809 ns                ;
; N/A                                     ; 335.23 MHz ( period = 2.983 ns )                    ; lpm_counter:inst30|cntr_lq5:auto_generated|safe_q[1]                           ; cacheBlock:inst2|lpm_dff:inst|dffs[4]                ; CLK        ; CLK      ; None                        ; None                      ; 2.809 ns                ;
; N/A                                     ; 336.02 MHz ( period = 2.976 ns )                    ; cacheBlock:inst7|lpm_compare:inst8|comptree:comparator|cmpchain:cmp[3]|aeb_out ; lpm_counter:inst30|cntr_lq5:auto_generated|safe_q[2] ; CLK        ; CLK      ; None                        ; None                      ; 2.801 ns                ;
; N/A                                     ; 338.64 MHz ( period = 2.953 ns )                    ; cacheBlock:inst3|lpm_compare:inst8|comptree:comparator|cmpchain:cmp[2]|aeb_out ; lpm_counter:inst30|cntr_lq5:auto_generated|safe_q[0] ; CLK        ; CLK      ; None                        ; None                      ; 2.778 ns                ;
; N/A                                     ; 338.75 MHz ( period = 2.952 ns )                    ; cacheBlock:inst3|lpm_compare:inst8|comptree:comparator|cmpchain:cmp[2]|aeb_out ; lpm_counter:inst30|cntr_lq5:auto_generated|safe_q[1] ; CLK        ; CLK      ; None                        ; None                      ; 2.777 ns                ;
; N/A                                     ; 340.14 MHz ( period = 2.940 ns )                    ; lpm_counter:inst30|cntr_lq5:auto_generated|safe_q[2]                           ; cacheBlock:inst2|lpm_dff:inst|dffs[7]                ; CLK        ; CLK      ; None                        ; None                      ; 2.757 ns                ;
; N/A                                     ; 340.14 MHz ( period = 2.940 ns )                    ; lpm_counter:inst30|cntr_lq5:auto_generated|safe_q[2]                           ; cacheBlock:inst2|lpm_dff:inst6|dffs[2]               ; CLK        ; CLK      ; None                        ; None                      ; 2.757 ns                ;
; N/A                                     ; 340.14 MHz ( period = 2.940 ns )                    ; lpm_counter:inst30|cntr_lq5:auto_generated|safe_q[2]                           ; cacheBlock:inst2|lpm_dff:inst6|dffs[0]               ; CLK        ; CLK      ; None                        ; None                      ; 2.757 ns                ;
; N/A                                     ; 340.14 MHz ( period = 2.940 ns )                    ; lpm_counter:inst30|cntr_lq5:auto_generated|safe_q[2]                           ; cacheBlock:inst2|lpm_dff:inst6|dffs[4]               ; CLK        ; CLK      ; None                        ; None                      ; 2.757 ns                ;
; N/A                                     ; 340.14 MHz ( period = 2.940 ns )                    ; lpm_counter:inst30|cntr_lq5:auto_generated|safe_q[2]                           ; cacheBlock:inst2|lpm_dff:inst6|dffs[6]               ; CLK        ; CLK      ; None                        ; None                      ; 2.757 ns                ;
; N/A                                     ; 346.14 MHz ( period = 2.889 ns )                    ; lpm_counter:inst30|cntr_lq5:auto_generated|safe_q[0]                           ; cacheBlock:inst1|lpm_dff:inst|dffs[7]                ; CLK        ; CLK      ; None                        ; None                      ; 2.706 ns                ;
; N/A                                     ; 346.14 MHz ( period = 2.889 ns )                    ; lpm_counter:inst30|cntr_lq5:auto_generated|safe_q[0]                           ; cacheBlock:inst1|lpm_dff:inst6|dffs[4]               ; CLK        ; CLK      ; None                        ; None                      ; 2.706 ns                ;
; N/A                                     ; 346.14 MHz ( period = 2.889 ns )                    ; lpm_counter:inst30|cntr_lq5:auto_generated|safe_q[0]                           ; cacheBlock:inst1|lpm_dff:inst6|dffs[6]               ; CLK        ; CLK      ; None                        ; None                      ; 2.706 ns                ;
; N/A                                     ; 347.95 MHz ( period = 2.874 ns )                    ; lpm_counter:inst30|cntr_lq5:auto_generated|safe_q[2]                           ; cacheBlock:inst2|lpm_dff:inst|dffs[5]                ; CLK        ; CLK      ; None                        ; None                      ; 2.691 ns                ;
; N/A                                     ; 347.95 MHz ( period = 2.874 ns )                    ; lpm_counter:inst30|cntr_lq5:auto_generated|safe_q[2]                           ; cacheBlock:inst2|lpm_dff:inst|dffs[6]                ; CLK        ; CLK      ; None                        ; None                      ; 2.691 ns                ;
; N/A                                     ; 349.16 MHz ( period = 2.864 ns )                    ; lpm_counter:inst30|cntr_lq5:auto_generated|safe_q[1]                           ; cacheBlock:inst1|lpm_dff:inst6|dffs[1]               ; CLK        ; CLK      ; None                        ; None                      ; 2.703 ns                ;
; N/A                                     ; 349.77 MHz ( period = 2.859 ns )                    ; lpm_counter:inst30|cntr_lq5:auto_generated|safe_q[0]                           ; cacheBlock:inst1|lpm_dff:inst|dffs[0]                ; CLK        ; CLK      ; None                        ; None                      ; 2.685 ns                ;
; N/A                                     ; 349.77 MHz ( period = 2.859 ns )                    ; lpm_counter:inst30|cntr_lq5:auto_generated|safe_q[0]                           ; cacheBlock:inst1|lpm_dff:inst|dffs[1]                ; CLK        ; CLK      ; None                        ; None                      ; 2.685 ns                ;
; N/A                                     ; 349.77 MHz ( period = 2.859 ns )                    ; lpm_counter:inst30|cntr_lq5:auto_generated|safe_q[0]                           ; cacheBlock:inst1|lpm_dff:inst|dffs[4]                ; CLK        ; CLK      ; None                        ; None                      ; 2.685 ns                ;
; N/A                                     ; 349.77 MHz ( period = 2.859 ns )                    ; lpm_counter:inst30|cntr_lq5:auto_generated|safe_q[0]                           ; cacheBlock:inst1|lpm_dff:inst6|dffs[3]               ; CLK        ; CLK      ; None                        ; None                      ; 2.685 ns                ;
; N/A                                     ; 349.77 MHz ( period = 2.859 ns )                    ; lpm_counter:inst30|cntr_lq5:auto_generated|safe_q[0]                           ; cacheBlock:inst1|lpm_dff:inst6|dffs[5]               ; CLK        ; CLK      ; None                        ; None                      ; 2.685 ns                ;
; N/A                                     ; 349.77 MHz ( period = 2.859 ns )                    ; lpm_counter:inst30|cntr_lq5:auto_generated|safe_q[0]                           ; cacheBlock:inst1|lpm_dff:inst6|dffs[7]               ; CLK        ; CLK      ; None                        ; None                      ; 2.685 ns                ;
; N/A                                     ; 350.63 MHz ( period = 2.852 ns )                    ; cacheBlock:inst7|lpm_compare:inst8|comptree:comparator|cmpchain:cmp[1]|aeb_out ; lpm_counter:inst30|cntr_lq5:auto_generated|safe_q[2] ; CLK        ; CLK      ; None                        ; None                      ; 2.677 ns                ;
; N/A                                     ; 351.25 MHz ( period = 2.847 ns )                    ; cacheBlock:inst3|lpm_compare:inst8|comptree:comparator|cmpchain:cmp[3]|aeb_out ; lpm_counter:inst30|cntr_lq5:auto_generated|safe_q[2] ; CLK        ; CLK      ; None                        ; None                      ; 2.672 ns                ;
; N/A                                     ; 352.86 MHz ( period = 2.834 ns )                    ; lpm_counter:inst30|cntr_lq5:auto_generated|safe_q[0]                           ; cacheBlock:inst1|lpm_dff:inst|dffs[2]                ; CLK        ; CLK      ; None                        ; None                      ; 2.673 ns                ;
; N/A                                     ; 352.86 MHz ( period = 2.834 ns )                    ; lpm_counter:inst30|cntr_lq5:auto_generated|safe_q[0]                           ; cacheBlock:inst1|lpm_dff:inst|dffs[3]                ; CLK        ; CLK      ; None                        ; None                      ; 2.673 ns                ;
; N/A                                     ; 352.86 MHz ( period = 2.834 ns )                    ; lpm_counter:inst30|cntr_lq5:auto_generated|safe_q[0]                           ; cacheBlock:inst1|lpm_dff:inst|dffs[5]                ; CLK        ; CLK      ; None                        ; None                      ; 2.673 ns                ;
; N/A                                     ; 352.86 MHz ( period = 2.834 ns )                    ; lpm_counter:inst30|cntr_lq5:auto_generated|safe_q[0]                           ; cacheBlock:inst1|lpm_dff:inst|dffs[6]                ; CLK        ; CLK      ; None                        ; None                      ; 2.673 ns                ;
; N/A                                     ; 352.86 MHz ( period = 2.834 ns )                    ; lpm_counter:inst30|cntr_lq5:auto_generated|safe_q[0]                           ; cacheBlock:inst1|lpm_dff:inst6|dffs[2]               ; CLK        ; CLK      ; None                        ; None                      ; 2.673 ns                ;
; N/A                                     ; 352.86 MHz ( period = 2.834 ns )                    ; lpm_counter:inst30|cntr_lq5:auto_generated|safe_q[0]                           ; cacheBlock:inst1|lpm_dff:inst6|dffs[0]               ; CLK        ; CLK      ; None                        ; None                      ; 2.673 ns                ;
; N/A                                     ; 354.11 MHz ( period = 2.824 ns )                    ; lpm_counter:inst30|cntr_lq5:auto_generated|safe_q[0]                           ; cacheBlock:inst3|lpm_dff:inst|dffs[0]                ; CLK        ; CLK      ; None                        ; None                      ; 2.667 ns                ;
; N/A                                     ; 354.11 MHz ( period = 2.824 ns )                    ; lpm_counter:inst30|cntr_lq5:auto_generated|safe_q[0]                           ; cacheBlock:inst3|lpm_dff:inst6|dffs[0]               ; CLK        ; CLK      ; None                        ; None                      ; 2.667 ns                ;
; N/A                                     ; 354.11 MHz ( period = 2.824 ns )                    ; lpm_counter:inst30|cntr_lq5:auto_generated|safe_q[0]                           ; cacheBlock:inst3|lpm_dff:inst6|dffs[4]               ; CLK        ; CLK      ; None                        ; None                      ; 2.667 ns                ;
; N/A                                     ; 354.11 MHz ( period = 2.824 ns )                    ; lpm_counter:inst30|cntr_lq5:auto_generated|safe_q[0]                           ; cacheBlock:inst3|lpm_dff:inst6|dffs[6]               ; CLK        ; CLK      ; None                        ; None                      ; 2.667 ns                ;
; N/A                                     ; 356.89 MHz ( period = 2.802 ns )                    ; lpm_counter:inst30|cntr_lq5:auto_generated|safe_q[0]                           ; cacheBlock:inst3|lpm_dff:inst6|dffs[2]               ; CLK        ; CLK      ; None                        ; None                      ; 2.641 ns                ;
; N/A                                     ; 356.89 MHz ( period = 2.802 ns )                    ; lpm_counter:inst30|cntr_lq5:auto_generated|safe_q[0]                           ; cacheBlock:inst3|lpm_dff:inst6|dffs[3]               ; CLK        ; CLK      ; None                        ; None                      ; 2.641 ns                ;
; N/A                                     ; 356.89 MHz ( period = 2.802 ns )                    ; lpm_counter:inst30|cntr_lq5:auto_generated|safe_q[0]                           ; cacheBlock:inst3|lpm_dff:inst6|dffs[1]               ; CLK        ; CLK      ; None                        ; None                      ; 2.641 ns                ;
; N/A                                     ; 356.89 MHz ( period = 2.802 ns )                    ; lpm_counter:inst30|cntr_lq5:auto_generated|safe_q[0]                           ; cacheBlock:inst3|lpm_dff:inst6|dffs[5]               ; CLK        ; CLK      ; None                        ; None                      ; 2.641 ns                ;
; N/A                                     ; 356.89 MHz ( period = 2.802 ns )                    ; lpm_counter:inst30|cntr_lq5:auto_generated|safe_q[0]                           ; cacheBlock:inst3|lpm_dff:inst6|dffs[7]               ; CLK        ; CLK      ; None                        ; None                      ; 2.641 ns                ;
; N/A                                     ; 359.45 MHz ( period = 2.782 ns )                    ; lpm_counter:inst30|cntr_lq5:auto_generated|safe_q[0]                           ; cacheBlock:inst5|lpm_dff:inst6|dffs[2]               ; CLK        ; CLK      ; None                        ; None                      ; 2.621 ns                ;
; N/A                                     ; 360.23 MHz ( period = 2.776 ns )                    ; lpm_counter:inst30|cntr_lq5:auto_generated|safe_q[0]                           ; cacheBlock:inst4|lpm_dff:inst|dffs[0]                ; CLK        ; CLK      ; None                        ; None                      ; 2.619 ns                ;
; N/A                                     ; 360.23 MHz ( period = 2.776 ns )                    ; lpm_counter:inst30|cntr_lq5:auto_generated|safe_q[0]                           ; cacheBlock:inst4|lpm_dff:inst6|dffs[0]               ; CLK        ; CLK      ; None                        ; None                      ; 2.619 ns                ;
; N/A                                     ; 360.23 MHz ( period = 2.776 ns )                    ; lpm_counter:inst30|cntr_lq5:auto_generated|safe_q[0]                           ; cacheBlock:inst4|lpm_dff:inst6|dffs[4]               ; CLK        ; CLK      ; None                        ; None                      ; 2.619 ns                ;
; N/A                                     ; 360.23 MHz ( period = 2.776 ns )                    ; lpm_counter:inst30|cntr_lq5:auto_generated|safe_q[0]                           ; cacheBlock:inst4|lpm_dff:inst6|dffs[6]               ; CLK        ; CLK      ; None                        ; None                      ; 2.619 ns                ;
; N/A                                     ; 363.24 MHz ( period = 2.753 ns )                    ; lpm_counter:inst30|cntr_lq5:auto_generated|safe_q[0]                           ; cacheBlock:inst7|lpm_dff:inst6|dffs[3]               ; CLK        ; CLK      ; None                        ; None                      ; 2.596 ns                ;
; N/A                                     ; 366.84 MHz ( period = 2.726 ns )                    ; cacheBlock:inst3|lpm_compare:inst8|comptree:comparator|cmpchain:cmp[2]|aeb_out ; lpm_counter:inst30|cntr_lq5:auto_generated|safe_q[2] ; CLK        ; CLK      ; None                        ; None                      ; 2.551 ns                ;
; N/A                                     ; 366.84 MHz ( period = 2.726 ns )                    ; lpm_counter:inst30|cntr_lq5:auto_generated|safe_q[2]                           ; cacheBlock:inst2|lpm_dff:inst6|dffs[3]               ; CLK        ; CLK      ; None                        ; None                      ; 2.543 ns                ;
; N/A                                     ; 366.84 MHz ( period = 2.726 ns )                    ; lpm_counter:inst30|cntr_lq5:auto_generated|safe_q[2]                           ; cacheBlock:inst2|lpm_dff:inst6|dffs[1]               ; CLK        ; CLK      ; None                        ; None                      ; 2.543 ns                ;
; N/A                                     ; 366.84 MHz ( period = 2.726 ns )                    ; lpm_counter:inst30|cntr_lq5:auto_generated|safe_q[2]                           ; cacheBlock:inst2|lpm_dff:inst6|dffs[5]               ; CLK        ; CLK      ; None                        ; None                      ; 2.543 ns                ;
; N/A                                     ; 366.84 MHz ( period = 2.726 ns )                    ; lpm_counter:inst30|cntr_lq5:auto_generated|safe_q[2]                           ; cacheBlock:inst2|lpm_dff:inst6|dffs[7]               ; CLK        ; CLK      ; None                        ; None                      ; 2.543 ns                ;
; N/A                                     ; 369.00 MHz ( period = 2.710 ns )                    ; lpm_counter:inst30|cntr_lq5:auto_generated|safe_q[2]                           ; cacheBlock:inst5|lpm_dff:inst6|dffs[2]               ; CLK        ; CLK      ; None                        ; None                      ; 2.549 ns                ;
; N/A                                     ; 370.23 MHz ( period = 2.701 ns )                    ; lpm_counter:inst30|cntr_lq5:auto_generated|safe_q[2]                           ; cacheBlock:inst4|lpm_dff:inst|dffs[0]                ; CLK        ; CLK      ; None                        ; None                      ; 2.544 ns                ;
; N/A                                     ; 370.23 MHz ( period = 2.701 ns )                    ; lpm_counter:inst30|cntr_lq5:auto_generated|safe_q[1]                           ; cacheBlock:inst1|lpm_dff:inst|dffs[7]                ; CLK        ; CLK      ; None                        ; None                      ; 2.518 ns                ;
; N/A                                     ; 370.23 MHz ( period = 2.701 ns )                    ; lpm_counter:inst30|cntr_lq5:auto_generated|safe_q[2]                           ; cacheBlock:inst4|lpm_dff:inst6|dffs[0]               ; CLK        ; CLK      ; None                        ; None                      ; 2.544 ns                ;
; N/A                                     ; 370.23 MHz ( period = 2.701 ns )                    ; lpm_counter:inst30|cntr_lq5:auto_generated|safe_q[2]                           ; cacheBlock:inst4|lpm_dff:inst6|dffs[4]               ; CLK        ; CLK      ; None                        ; None                      ; 2.544 ns                ;
; N/A                                     ; 370.23 MHz ( period = 2.701 ns )                    ; lpm_counter:inst30|cntr_lq5:auto_generated|safe_q[2]                           ; cacheBlock:inst4|lpm_dff:inst6|dffs[6]               ; CLK        ; CLK      ; None                        ; None                      ; 2.544 ns                ;
; N/A                                     ; 370.23 MHz ( period = 2.701 ns )                    ; lpm_counter:inst30|cntr_lq5:auto_generated|safe_q[1]                           ; cacheBlock:inst1|lpm_dff:inst6|dffs[4]               ; CLK        ; CLK      ; None                        ; None                      ; 2.518 ns                ;
; N/A                                     ; 370.23 MHz ( period = 2.701 ns )                    ; lpm_counter:inst30|cntr_lq5:auto_generated|safe_q[1]                           ; cacheBlock:inst1|lpm_dff:inst6|dffs[6]               ; CLK        ; CLK      ; None                        ; None                      ; 2.518 ns                ;
; N/A                                     ; 370.78 MHz ( period = 2.697 ns )                    ; lpm_counter:inst30|cntr_lq5:auto_generated|safe_q[0]                           ; cacheBlock:inst2|lpm_dff:inst|dffs[7]                ; CLK        ; CLK      ; None                        ; None                      ; 2.514 ns                ;
; N/A                                     ; 370.78 MHz ( period = 2.697 ns )                    ; lpm_counter:inst30|cntr_lq5:auto_generated|safe_q[0]                           ; cacheBlock:inst2|lpm_dff:inst6|dffs[2]               ; CLK        ; CLK      ; None                        ; None                      ; 2.514 ns                ;
; N/A                                     ; 370.78 MHz ( period = 2.697 ns )                    ; lpm_counter:inst30|cntr_lq5:auto_generated|safe_q[0]                           ; cacheBlock:inst2|lpm_dff:inst6|dffs[0]               ; CLK        ; CLK      ; None                        ; None                      ; 2.514 ns                ;
; N/A                                     ; 370.78 MHz ( period = 2.697 ns )                    ; lpm_counter:inst30|cntr_lq5:auto_generated|safe_q[0]                           ; cacheBlock:inst2|lpm_dff:inst6|dffs[4]               ; CLK        ; CLK      ; None                        ; None                      ; 2.514 ns                ;
; N/A                                     ; 370.78 MHz ( period = 2.697 ns )                    ; lpm_counter:inst30|cntr_lq5:auto_generated|safe_q[0]                           ; cacheBlock:inst2|lpm_dff:inst6|dffs[6]               ; CLK        ; CLK      ; None                        ; None                      ; 2.514 ns                ;
; N/A                                     ; 373.41 MHz ( period = 2.678 ns )                    ; lpm_counter:inst30|cntr_lq5:auto_generated|safe_q[2]                           ; cacheBlock:inst7|lpm_dff:inst6|dffs[3]               ; CLK        ; CLK      ; None                        ; None                      ; 2.521 ns                ;
; N/A                                     ; 374.39 MHz ( period = 2.671 ns )                    ; lpm_counter:inst30|cntr_lq5:auto_generated|safe_q[1]                           ; cacheBlock:inst1|lpm_dff:inst|dffs[0]                ; CLK        ; CLK      ; None                        ; None                      ; 2.497 ns                ;
; N/A                                     ; 374.39 MHz ( period = 2.671 ns )                    ; lpm_counter:inst30|cntr_lq5:auto_generated|safe_q[1]                           ; cacheBlock:inst1|lpm_dff:inst|dffs[1]                ; CLK        ; CLK      ; None                        ; None                      ; 2.497 ns                ;
; N/A                                     ; 374.39 MHz ( period = 2.671 ns )                    ; lpm_counter:inst30|cntr_lq5:auto_generated|safe_q[1]                           ; cacheBlock:inst1|lpm_dff:inst|dffs[4]                ; CLK        ; CLK      ; None                        ; None                      ; 2.497 ns                ;
; N/A                                     ; 374.39 MHz ( period = 2.671 ns )                    ; lpm_counter:inst30|cntr_lq5:auto_generated|safe_q[1]                           ; cacheBlock:inst1|lpm_dff:inst6|dffs[3]               ; CLK        ; CLK      ; None                        ; None                      ; 2.497 ns                ;
; N/A                                     ; 374.39 MHz ( period = 2.671 ns )                    ; lpm_counter:inst30|cntr_lq5:auto_generated|safe_q[1]                           ; cacheBlock:inst1|lpm_dff:inst6|dffs[5]               ; CLK        ; CLK      ; None                        ; None                      ; 2.497 ns                ;
; N/A                                     ; 374.39 MHz ( period = 2.671 ns )                    ; lpm_counter:inst30|cntr_lq5:auto_generated|safe_q[1]                           ; cacheBlock:inst1|lpm_dff:inst6|dffs[7]               ; CLK        ; CLK      ; None                        ; None                      ; 2.497 ns                ;
; N/A                                     ; 375.52 MHz ( period = 2.663 ns )                    ; lpm_counter:inst30|cntr_lq5:auto_generated|safe_q[0]                           ; cacheBlock:inst6|lpm_dff:inst|dffs[6]                ; CLK        ; CLK      ; None                        ; None                      ; 2.480 ns                ;
; Timing analysis restricted to 200 rows. ; To change the limit use Settings (Assignments menu) ;                                                                                ;                                                      ;            ;          ;                             ;                           ;                         ;
+-----------------------------------------+-----------------------------------------------------+--------------------------------------------------------------------------------+------------------------------------------------------+------------+----------+-----------------------------+---------------------------+-------------------------+


+---------------------------------------------------------------------------------------------------------------------------------------------------------------------------------------------------------------------+
; tsu                                                                                                                                                                                                                 ;
+-----------------------------------------+-----------------------------------------------------+------------+------------+--------------------------------------------------------------------------------+----------+
; Slack                                   ; Required tsu                                        ; Actual tsu ; From       ; To                                                                             ; To Clock ;
+-----------------------------------------+-----------------------------------------------------+------------+------------+--------------------------------------------------------------------------------+----------+
; N/A                                     ; None                                                ; 5.018 ns   ; WR         ; cacheBlock:inst5|lpm_dff:inst6|dffs[2]                                         ; CLK      ;
; N/A                                     ; None                                                ; 5.004 ns   ; WR         ; cacheBlock:inst4|lpm_dff:inst6|dffs[6]                                         ; CLK      ;
; N/A                                     ; None                                                ; 5.004 ns   ; WR         ; cacheBlock:inst4|lpm_dff:inst6|dffs[4]                                         ; CLK      ;
; N/A                                     ; None                                                ; 5.004 ns   ; WR         ; cacheBlock:inst4|lpm_dff:inst6|dffs[0]                                         ; CLK      ;
; N/A                                     ; None                                                ; 5.004 ns   ; WR         ; cacheBlock:inst4|lpm_dff:inst|dffs[0]                                          ; CLK      ;
; N/A                                     ; None                                                ; 4.979 ns   ; WR         ; cacheBlock:inst7|lpm_dff:inst6|dffs[3]                                         ; CLK      ;
; N/A                                     ; None                                                ; 4.971 ns   ; WR         ; cacheBlock:inst1|lpm_dff:inst6|dffs[1]                                         ; CLK      ;
; N/A                                     ; None                                                ; 4.889 ns   ; WR         ; cacheBlock:inst6|lpm_dff:inst|dffs[7]                                          ; CLK      ;
; N/A                                     ; None                                                ; 4.889 ns   ; WR         ; cacheBlock:inst6|lpm_dff:inst|dffs[6]                                          ; CLK      ;
; N/A                                     ; None                                                ; 4.889 ns   ; WR         ; cacheBlock:inst6|lpm_dff:inst|dffs[5]                                          ; CLK      ;
; N/A                                     ; None                                                ; 4.889 ns   ; WR         ; cacheBlock:inst6|lpm_dff:inst|dffs[4]                                          ; CLK      ;
; N/A                                     ; None                                                ; 4.889 ns   ; WR         ; cacheBlock:inst6|lpm_dff:inst|dffs[3]                                          ; CLK      ;
; N/A                                     ; None                                                ; 4.863 ns   ; WR         ; cacheBlock:inst6|lpm_dff:inst6|dffs[6]                                         ; CLK      ;
; N/A                                     ; None                                                ; 4.863 ns   ; WR         ; cacheBlock:inst6|lpm_dff:inst6|dffs[0]                                         ; CLK      ;
; N/A                                     ; None                                                ; 4.863 ns   ; WR         ; cacheBlock:inst6|lpm_dff:inst6|dffs[2]                                         ; CLK      ;
; N/A                                     ; None                                                ; 4.858 ns   ; WR         ; cacheBlock:inst4|lpm_dff:inst|dffs[3]                                          ; CLK      ;
; N/A                                     ; None                                                ; 4.858 ns   ; WR         ; cacheBlock:inst4|lpm_dff:inst|dffs[2]                                          ; CLK      ;
; N/A                                     ; None                                                ; 4.858 ns   ; WR         ; cacheBlock:inst4|lpm_dff:inst|dffs[1]                                          ; CLK      ;
; N/A                                     ; None                                                ; 4.843 ns   ; WR         ; cacheBlock:inst4|lpm_dff:inst|dffs[6]                                          ; CLK      ;
; N/A                                     ; None                                                ; 4.843 ns   ; WR         ; cacheBlock:inst4|lpm_dff:inst|dffs[5]                                          ; CLK      ;
; N/A                                     ; None                                                ; 4.843 ns   ; WR         ; cacheBlock:inst4|lpm_dff:inst|dffs[4]                                          ; CLK      ;
; N/A                                     ; None                                                ; 4.834 ns   ; WR         ; cacheBlock:inst5|lpm_dff:inst6|dffs[7]                                         ; CLK      ;
; N/A                                     ; None                                                ; 4.834 ns   ; WR         ; cacheBlock:inst5|lpm_dff:inst6|dffs[6]                                         ; CLK      ;
; N/A                                     ; None                                                ; 4.834 ns   ; WR         ; cacheBlock:inst5|lpm_dff:inst6|dffs[5]                                         ; CLK      ;
; N/A                                     ; None                                                ; 4.834 ns   ; WR         ; cacheBlock:inst5|lpm_dff:inst|dffs[3]                                          ; CLK      ;
; N/A                                     ; None                                                ; 4.817 ns   ; WR         ; cacheBlock:inst5|lpm_dff:inst6|dffs[1]                                         ; CLK      ;
; N/A                                     ; None                                                ; 4.817 ns   ; WR         ; cacheBlock:inst5|lpm_dff:inst6|dffs[0]                                         ; CLK      ;
; N/A                                     ; None                                                ; 4.817 ns   ; WR         ; cacheBlock:inst5|lpm_dff:inst|dffs[7]                                          ; CLK      ;
; N/A                                     ; None                                                ; 4.817 ns   ; WR         ; cacheBlock:inst5|lpm_dff:inst|dffs[6]                                          ; CLK      ;
; N/A                                     ; None                                                ; 4.817 ns   ; WR         ; cacheBlock:inst5|lpm_dff:inst|dffs[2]                                          ; CLK      ;
; N/A                                     ; None                                                ; 4.812 ns   ; WR         ; cacheBlock:inst8|lpm_dff:inst6|dffs[0]                                         ; CLK      ;
; N/A                                     ; None                                                ; 4.812 ns   ; WR         ; cacheBlock:inst8|lpm_dff:inst6|dffs[2]                                         ; CLK      ;
; N/A                                     ; None                                                ; 4.808 ns   ; WR         ; cacheBlock:inst1|lpm_dff:inst6|dffs[6]                                         ; CLK      ;
; N/A                                     ; None                                                ; 4.808 ns   ; WR         ; cacheBlock:inst1|lpm_dff:inst6|dffs[4]                                         ; CLK      ;
; N/A                                     ; None                                                ; 4.808 ns   ; WR         ; cacheBlock:inst1|lpm_dff:inst|dffs[7]                                          ; CLK      ;
; N/A                                     ; None                                                ; 4.804 ns   ; WR         ; cacheBlock:inst8|lpm_dff:inst|dffs[7]                                          ; CLK      ;
; N/A                                     ; None                                                ; 4.804 ns   ; WR         ; cacheBlock:inst8|lpm_dff:inst|dffs[6]                                          ; CLK      ;
; N/A                                     ; None                                                ; 4.804 ns   ; WR         ; cacheBlock:inst8|lpm_dff:inst|dffs[5]                                          ; CLK      ;
; N/A                                     ; None                                                ; 4.804 ns   ; WR         ; cacheBlock:inst8|lpm_dff:inst|dffs[4]                                          ; CLK      ;
; N/A                                     ; None                                                ; 4.804 ns   ; WR         ; cacheBlock:inst8|lpm_dff:inst|dffs[3]                                          ; CLK      ;
; N/A                                     ; None                                                ; 4.781 ns   ; WR         ; cacheBlock:inst8|lpm_dff:inst6|dffs[7]                                         ; CLK      ;
; N/A                                     ; None                                                ; 4.781 ns   ; WR         ; cacheBlock:inst8|lpm_dff:inst6|dffs[6]                                         ; CLK      ;
; N/A                                     ; None                                                ; 4.781 ns   ; WR         ; cacheBlock:inst8|lpm_dff:inst6|dffs[5]                                         ; CLK      ;
; N/A                                     ; None                                                ; 4.781 ns   ; WR         ; cacheBlock:inst8|lpm_dff:inst6|dffs[1]                                         ; CLK      ;
; N/A                                     ; None                                                ; 4.781 ns   ; WR         ; cacheBlock:inst8|lpm_dff:inst6|dffs[3]                                         ; CLK      ;
; N/A                                     ; None                                                ; 4.778 ns   ; WR         ; cacheBlock:inst1|lpm_dff:inst6|dffs[7]                                         ; CLK      ;
; N/A                                     ; None                                                ; 4.778 ns   ; WR         ; cacheBlock:inst1|lpm_dff:inst6|dffs[5]                                         ; CLK      ;
; N/A                                     ; None                                                ; 4.778 ns   ; WR         ; cacheBlock:inst1|lpm_dff:inst6|dffs[3]                                         ; CLK      ;
; N/A                                     ; None                                                ; 4.778 ns   ; WR         ; cacheBlock:inst1|lpm_dff:inst|dffs[4]                                          ; CLK      ;
; N/A                                     ; None                                                ; 4.778 ns   ; WR         ; cacheBlock:inst1|lpm_dff:inst|dffs[1]                                          ; CLK      ;
; N/A                                     ; None                                                ; 4.778 ns   ; WR         ; cacheBlock:inst1|lpm_dff:inst|dffs[0]                                          ; CLK      ;
; N/A                                     ; None                                                ; 4.772 ns   ; WR         ; cacheBlock:inst7|lpm_dff:inst6|dffs[1]                                         ; CLK      ;
; N/A                                     ; None                                                ; 4.772 ns   ; WR         ; cacheBlock:inst7|lpm_dff:inst6|dffs[0]                                         ; CLK      ;
; N/A                                     ; None                                                ; 4.772 ns   ; WR         ; cacheBlock:inst7|lpm_dff:inst|dffs[7]                                          ; CLK      ;
; N/A                                     ; None                                                ; 4.772 ns   ; WR         ; cacheBlock:inst7|lpm_dff:inst|dffs[6]                                          ; CLK      ;
; N/A                                     ; None                                                ; 4.772 ns   ; WR         ; cacheBlock:inst7|lpm_dff:inst|dffs[2]                                          ; CLK      ;
; N/A                                     ; None                                                ; 4.754 ns   ; WR         ; cacheBlock:inst7|lpm_dff:inst6|dffs[6]                                         ; CLK      ;
; N/A                                     ; None                                                ; 4.754 ns   ; WR         ; cacheBlock:inst7|lpm_dff:inst6|dffs[7]                                         ; CLK      ;
; N/A                                     ; None                                                ; 4.754 ns   ; WR         ; cacheBlock:inst7|lpm_dff:inst6|dffs[4]                                         ; CLK      ;
; N/A                                     ; None                                                ; 4.754 ns   ; WR         ; cacheBlock:inst7|lpm_dff:inst6|dffs[5]                                         ; CLK      ;
; N/A                                     ; None                                                ; 4.754 ns   ; WR         ; cacheBlock:inst7|lpm_dff:inst6|dffs[2]                                         ; CLK      ;
; N/A                                     ; None                                                ; 4.754 ns   ; WR         ; cacheBlock:inst7|lpm_dff:inst|dffs[3]                                          ; CLK      ;
; N/A                                     ; None                                                ; 4.753 ns   ; WR         ; cacheBlock:inst1|lpm_dff:inst6|dffs[0]                                         ; CLK      ;
; N/A                                     ; None                                                ; 4.753 ns   ; WR         ; cacheBlock:inst1|lpm_dff:inst6|dffs[2]                                         ; CLK      ;
; N/A                                     ; None                                                ; 4.753 ns   ; WR         ; cacheBlock:inst1|lpm_dff:inst|dffs[6]                                          ; CLK      ;
; N/A                                     ; None                                                ; 4.753 ns   ; WR         ; cacheBlock:inst1|lpm_dff:inst|dffs[5]                                          ; CLK      ;
; N/A                                     ; None                                                ; 4.753 ns   ; WR         ; cacheBlock:inst1|lpm_dff:inst|dffs[3]                                          ; CLK      ;
; N/A                                     ; None                                                ; 4.753 ns   ; WR         ; cacheBlock:inst1|lpm_dff:inst|dffs[2]                                          ; CLK      ;
; N/A                                     ; None                                                ; 4.745 ns   ; WR         ; cacheBlock:inst3|lpm_dff:inst6|dffs[6]                                         ; CLK      ;
; N/A                                     ; None                                                ; 4.745 ns   ; WR         ; cacheBlock:inst3|lpm_dff:inst6|dffs[4]                                         ; CLK      ;
; N/A                                     ; None                                                ; 4.745 ns   ; WR         ; cacheBlock:inst3|lpm_dff:inst6|dffs[0]                                         ; CLK      ;
; N/A                                     ; None                                                ; 4.745 ns   ; WR         ; cacheBlock:inst3|lpm_dff:inst|dffs[0]                                          ; CLK      ;
; N/A                                     ; None                                                ; 4.723 ns   ; WR         ; cacheBlock:inst3|lpm_dff:inst6|dffs[7]                                         ; CLK      ;
; N/A                                     ; None                                                ; 4.723 ns   ; WR         ; cacheBlock:inst3|lpm_dff:inst6|dffs[5]                                         ; CLK      ;
; N/A                                     ; None                                                ; 4.723 ns   ; WR         ; cacheBlock:inst3|lpm_dff:inst6|dffs[1]                                         ; CLK      ;
; N/A                                     ; None                                                ; 4.723 ns   ; WR         ; cacheBlock:inst3|lpm_dff:inst6|dffs[3]                                         ; CLK      ;
; N/A                                     ; None                                                ; 4.723 ns   ; WR         ; cacheBlock:inst3|lpm_dff:inst6|dffs[2]                                         ; CLK      ;
; N/A                                     ; None                                                ; 4.708 ns   ; WR         ; cacheBlock:inst6|lpm_dff:inst|dffs[2]                                          ; CLK      ;
; N/A                                     ; None                                                ; 4.708 ns   ; WR         ; cacheBlock:inst6|lpm_dff:inst|dffs[1]                                          ; CLK      ;
; N/A                                     ; None                                                ; 4.708 ns   ; WR         ; cacheBlock:inst6|lpm_dff:inst|dffs[0]                                          ; CLK      ;
; N/A                                     ; None                                                ; 4.683 ns   ; WR         ; cacheBlock:inst6|lpm_dff:inst6|dffs[7]                                         ; CLK      ;
; N/A                                     ; None                                                ; 4.683 ns   ; WR         ; cacheBlock:inst6|lpm_dff:inst6|dffs[5]                                         ; CLK      ;
; N/A                                     ; None                                                ; 4.683 ns   ; WR         ; cacheBlock:inst6|lpm_dff:inst6|dffs[4]                                         ; CLK      ;
; N/A                                     ; None                                                ; 4.683 ns   ; WR         ; cacheBlock:inst6|lpm_dff:inst6|dffs[1]                                         ; CLK      ;
; N/A                                     ; None                                                ; 4.683 ns   ; WR         ; cacheBlock:inst6|lpm_dff:inst6|dffs[3]                                         ; CLK      ;
; N/A                                     ; None                                                ; 4.680 ns   ; WR         ; cacheBlock:inst5|lpm_dff:inst6|dffs[4]                                         ; CLK      ;
; N/A                                     ; None                                                ; 4.680 ns   ; WR         ; cacheBlock:inst5|lpm_dff:inst6|dffs[3]                                         ; CLK      ;
; N/A                                     ; None                                                ; 4.680 ns   ; WR         ; cacheBlock:inst5|lpm_dff:inst|dffs[5]                                          ; CLK      ;
; N/A                                     ; None                                                ; 4.680 ns   ; WR         ; cacheBlock:inst5|lpm_dff:inst|dffs[4]                                          ; CLK      ;
; N/A                                     ; None                                                ; 4.680 ns   ; WR         ; cacheBlock:inst5|lpm_dff:inst|dffs[1]                                          ; CLK      ;
; N/A                                     ; None                                                ; 4.680 ns   ; WR         ; cacheBlock:inst5|lpm_dff:inst|dffs[0]                                          ; CLK      ;
; N/A                                     ; None                                                ; 4.651 ns   ; WR         ; cacheBlock:inst4|lpm_dff:inst|dffs[7]                                          ; CLK      ;
; N/A                                     ; None                                                ; 4.642 ns   ; WR         ; cacheBlock:inst4|lpm_dff:inst6|dffs[7]                                         ; CLK      ;
; N/A                                     ; None                                                ; 4.642 ns   ; WR         ; cacheBlock:inst4|lpm_dff:inst6|dffs[5]                                         ; CLK      ;
; N/A                                     ; None                                                ; 4.642 ns   ; WR         ; cacheBlock:inst4|lpm_dff:inst6|dffs[1]                                         ; CLK      ;
; N/A                                     ; None                                                ; 4.642 ns   ; WR         ; cacheBlock:inst4|lpm_dff:inst6|dffs[3]                                         ; CLK      ;
; N/A                                     ; None                                                ; 4.642 ns   ; WR         ; cacheBlock:inst4|lpm_dff:inst6|dffs[2]                                         ; CLK      ;
; N/A                                     ; None                                                ; 4.601 ns   ; WR         ; cacheBlock:inst7|lpm_dff:inst|dffs[5]                                          ; CLK      ;
; N/A                                     ; None                                                ; 4.601 ns   ; WR         ; cacheBlock:inst7|lpm_dff:inst|dffs[4]                                          ; CLK      ;
; N/A                                     ; None                                                ; 4.601 ns   ; WR         ; cacheBlock:inst7|lpm_dff:inst|dffs[1]                                          ; CLK      ;
; N/A                                     ; None                                                ; 4.601 ns   ; WR         ; cacheBlock:inst7|lpm_dff:inst|dffs[0]                                          ; CLK      ;
; N/A                                     ; None                                                ; 4.558 ns   ; WR         ; cacheBlock:inst2|lpm_dff:inst|dffs[3]                                          ; CLK      ;
; N/A                                     ; None                                                ; 4.558 ns   ; WR         ; cacheBlock:inst2|lpm_dff:inst|dffs[2]                                          ; CLK      ;
; N/A                                     ; None                                                ; 4.514 ns   ; WR         ; cacheBlock:inst2|lpm_dff:inst|dffs[4]                                          ; CLK      ;
; N/A                                     ; None                                                ; 4.514 ns   ; WR         ; cacheBlock:inst2|lpm_dff:inst|dffs[1]                                          ; CLK      ;
; N/A                                     ; None                                                ; 4.514 ns   ; WR         ; cacheBlock:inst2|lpm_dff:inst|dffs[0]                                          ; CLK      ;
; N/A                                     ; None                                                ; 4.365 ns   ; in_Addr[0] ; cacheBlock:inst6|lpm_compare:inst8|comptree:comparator|cmpchain:cmp[0]|aeb_out ; CLK      ;
; N/A                                     ; None                                                ; 4.330 ns   ; WR         ; cacheBlock:inst8|lpm_dff:inst6|dffs[4]                                         ; CLK      ;
; N/A                                     ; None                                                ; 4.330 ns   ; WR         ; cacheBlock:inst8|lpm_dff:inst|dffs[2]                                          ; CLK      ;
; N/A                                     ; None                                                ; 4.330 ns   ; WR         ; cacheBlock:inst8|lpm_dff:inst|dffs[1]                                          ; CLK      ;
; N/A                                     ; None                                                ; 4.330 ns   ; WR         ; cacheBlock:inst8|lpm_dff:inst|dffs[0]                                          ; CLK      ;
; N/A                                     ; None                                                ; 4.188 ns   ; in_Addr[0] ; cacheBlock:inst8|lpm_dff:inst6|dffs[0]                                         ; CLK      ;
; N/A                                     ; None                                                ; 4.188 ns   ; in_Addr[0] ; cacheBlock:inst6|lpm_dff:inst6|dffs[0]                                         ; CLK      ;
; N/A                                     ; None                                                ; 4.162 ns   ; in_Addr[5] ; cacheBlock:inst2|lpm_compare:inst8|comptree:comparator|cmpchain:cmp[2]|aeb_out ; CLK      ;
; N/A                                     ; None                                                ; 4.094 ns   ; WR         ; cacheBlock:inst2|lpm_dff:inst6|dffs[6]                                         ; CLK      ;
; N/A                                     ; None                                                ; 4.094 ns   ; WR         ; cacheBlock:inst2|lpm_dff:inst6|dffs[4]                                         ; CLK      ;
; N/A                                     ; None                                                ; 4.094 ns   ; WR         ; cacheBlock:inst2|lpm_dff:inst6|dffs[0]                                         ; CLK      ;
; N/A                                     ; None                                                ; 4.094 ns   ; WR         ; cacheBlock:inst2|lpm_dff:inst6|dffs[2]                                         ; CLK      ;
; N/A                                     ; None                                                ; 4.094 ns   ; WR         ; cacheBlock:inst2|lpm_dff:inst|dffs[7]                                          ; CLK      ;
; N/A                                     ; None                                                ; 4.082 ns   ; WR         ; cacheBlock:inst3|lpm_dff:inst|dffs[7]                                          ; CLK      ;
; N/A                                     ; None                                                ; 4.082 ns   ; WR         ; cacheBlock:inst3|lpm_dff:inst|dffs[6]                                          ; CLK      ;
; N/A                                     ; None                                                ; 4.082 ns   ; WR         ; cacheBlock:inst3|lpm_dff:inst|dffs[5]                                          ; CLK      ;
; N/A                                     ; None                                                ; 4.082 ns   ; WR         ; cacheBlock:inst3|lpm_dff:inst|dffs[4]                                          ; CLK      ;
; N/A                                     ; None                                                ; 4.082 ns   ; WR         ; cacheBlock:inst3|lpm_dff:inst|dffs[3]                                          ; CLK      ;
; N/A                                     ; None                                                ; 4.082 ns   ; WR         ; cacheBlock:inst3|lpm_dff:inst|dffs[2]                                          ; CLK      ;
; N/A                                     ; None                                                ; 4.082 ns   ; WR         ; cacheBlock:inst3|lpm_dff:inst|dffs[1]                                          ; CLK      ;
; N/A                                     ; None                                                ; 4.052 ns   ; in_Addr[0] ; cacheBlock:inst2|lpm_compare:inst8|comptree:comparator|cmpchain:cmp[0]|aeb_out ; CLK      ;
; N/A                                     ; None                                                ; 4.028 ns   ; WR         ; cacheBlock:inst2|lpm_dff:inst|dffs[6]                                          ; CLK      ;
; N/A                                     ; None                                                ; 4.028 ns   ; WR         ; cacheBlock:inst2|lpm_dff:inst|dffs[5]                                          ; CLK      ;
; N/A                                     ; None                                                ; 3.880 ns   ; WR         ; cacheBlock:inst2|lpm_dff:inst6|dffs[7]                                         ; CLK      ;
; N/A                                     ; None                                                ; 3.880 ns   ; WR         ; cacheBlock:inst2|lpm_dff:inst6|dffs[5]                                         ; CLK      ;
; N/A                                     ; None                                                ; 3.880 ns   ; WR         ; cacheBlock:inst2|lpm_dff:inst6|dffs[1]                                         ; CLK      ;
; N/A                                     ; None                                                ; 3.880 ns   ; WR         ; cacheBlock:inst2|lpm_dff:inst6|dffs[3]                                         ; CLK      ;
; N/A                                     ; None                                                ; 3.879 ns   ; in_Addr[2] ; cacheBlock:inst7|lpm_compare:inst8|comptree:comparator|cmpchain:cmp[1]|aeb_out ; CLK      ;
; N/A                                     ; None                                                ; 3.849 ns   ; in_Addr[3] ; cacheBlock:inst2|lpm_compare:inst8|comptree:comparator|cmpchain:cmp[1]|aeb_out ; CLK      ;
; N/A                                     ; None                                                ; 3.832 ns   ; in_Addr[5] ; cacheBlock:inst2|lpm_dff:inst6|dffs[5]                                         ; CLK      ;
; N/A                                     ; None                                                ; 3.720 ns   ; WR         ; lpm_counter:inst30|cntr_lq5:auto_generated|safe_q[0]                           ; CLK      ;
; N/A                                     ; None                                                ; 3.719 ns   ; WR         ; lpm_counter:inst30|cntr_lq5:auto_generated|safe_q[1]                           ; CLK      ;
; N/A                                     ; None                                                ; 3.708 ns   ; in_Addr[0] ; cacheBlock:inst7|lpm_dff:inst6|dffs[0]                                         ; CLK      ;
; N/A                                     ; None                                                ; 3.704 ns   ; in_Addr[0] ; cacheBlock:inst5|lpm_dff:inst6|dffs[0]                                         ; CLK      ;
; N/A                                     ; None                                                ; 3.701 ns   ; in_Addr[7] ; cacheBlock:inst4|lpm_compare:inst8|comptree:comparator|cmpchain:cmp[3]|aeb_out ; CLK      ;
; N/A                                     ; None                                                ; 3.699 ns   ; in_Addr[0] ; cacheBlock:inst2|lpm_dff:inst6|dffs[0]                                         ; CLK      ;
; N/A                                     ; None                                                ; 3.676 ns   ; in_Addr[5] ; cacheBlock:inst1|lpm_dff:inst6|dffs[5]                                         ; CLK      ;
; N/A                                     ; None                                                ; 3.658 ns   ; in_Addr[3] ; cacheBlock:inst4|lpm_compare:inst8|comptree:comparator|cmpchain:cmp[1]|aeb_out ; CLK      ;
; N/A                                     ; None                                                ; 3.653 ns   ; in_Addr[3] ; cacheBlock:inst6|lpm_compare:inst8|comptree:comparator|cmpchain:cmp[1]|aeb_out ; CLK      ;
; N/A                                     ; None                                                ; 3.628 ns   ; in_Addr[1] ; cacheBlock:inst7|lpm_compare:inst8|comptree:comparator|cmpchain:cmp[0]|aeb_out ; CLK      ;
; N/A                                     ; None                                                ; 3.593 ns   ; in_Addr[7] ; cacheBlock:inst2|lpm_dff:inst6|dffs[7]                                         ; CLK      ;
; N/A                                     ; None                                                ; 3.592 ns   ; in_Addr[7] ; cacheBlock:inst2|lpm_compare:inst8|comptree:comparator|cmpchain:cmp[3]|aeb_out ; CLK      ;
; N/A                                     ; None                                                ; 3.584 ns   ; in_Addr[7] ; cacheBlock:inst1|lpm_dff:inst6|dffs[7]                                         ; CLK      ;
; N/A                                     ; None                                                ; 3.540 ns   ; in_Addr[5] ; cacheBlock:inst4|lpm_compare:inst8|comptree:comparator|cmpchain:cmp[2]|aeb_out ; CLK      ;
; N/A                                     ; None                                                ; 3.495 ns   ; in_Addr[7] ; cacheBlock:inst8|lpm_compare:inst8|comptree:comparator|cmpchain:cmp[3]|aeb_out ; CLK      ;
; N/A                                     ; None                                                ; 3.494 ns   ; in_Addr[3] ; cacheBlock:inst2|lpm_dff:inst6|dffs[3]                                         ; CLK      ;
; N/A                                     ; None                                                ; 3.493 ns   ; WR         ; lpm_counter:inst30|cntr_lq5:auto_generated|safe_q[2]                           ; CLK      ;
; N/A                                     ; None                                                ; 3.468 ns   ; in_Addr[0] ; cacheBlock:inst7|lpm_compare:inst8|comptree:comparator|cmpchain:cmp[0]|aeb_out ; CLK      ;
; N/A                                     ; None                                                ; 3.466 ns   ; in_Addr[7] ; cacheBlock:inst4|lpm_dff:inst6|dffs[7]                                         ; CLK      ;
; N/A                                     ; None                                                ; 3.462 ns   ; in_Addr[1] ; cacheBlock:inst4|lpm_compare:inst8|comptree:comparator|cmpchain:cmp[0]|aeb_out ; CLK      ;
; N/A                                     ; None                                                ; 3.454 ns   ; in_Addr[3] ; cacheBlock:inst1|lpm_dff:inst6|dffs[3]                                         ; CLK      ;
; N/A                                     ; None                                                ; 3.449 ns   ; in_Addr[2] ; cacheBlock:inst8|lpm_dff:inst6|dffs[2]                                         ; CLK      ;
; N/A                                     ; None                                                ; 3.447 ns   ; in_Addr[2] ; cacheBlock:inst6|lpm_dff:inst6|dffs[2]                                         ; CLK      ;
; N/A                                     ; None                                                ; 3.401 ns   ; in_Addr[5] ; cacheBlock:inst6|lpm_compare:inst8|comptree:comparator|cmpchain:cmp[2]|aeb_out ; CLK      ;
; N/A                                     ; None                                                ; 3.392 ns   ; in_Addr[5] ; cacheBlock:inst3|lpm_dff:inst6|dffs[5]                                         ; CLK      ;
; N/A                                     ; None                                                ; 3.372 ns   ; in_Addr[1] ; cacheBlock:inst5|lpm_dff:inst6|dffs[1]                                         ; CLK      ;
; N/A                                     ; None                                                ; 3.369 ns   ; in_Addr[1] ; cacheBlock:inst7|lpm_dff:inst6|dffs[1]                                         ; CLK      ;
; N/A                                     ; None                                                ; 3.352 ns   ; inData[1]  ; cacheBlock:inst7|lpm_dff:inst|dffs[1]                                          ; CLK      ;
; N/A                                     ; None                                                ; 3.350 ns   ; inData[1]  ; cacheBlock:inst5|lpm_dff:inst|dffs[1]                                          ; CLK      ;
; N/A                                     ; None                                                ; 3.341 ns   ; in_Addr[2] ; cacheBlock:inst7|lpm_dff:inst6|dffs[2]                                         ; CLK      ;
; N/A                                     ; None                                                ; 3.327 ns   ; in_Addr[1] ; cacheBlock:inst6|lpm_compare:inst8|comptree:comparator|cmpchain:cmp[0]|aeb_out ; CLK      ;
; N/A                                     ; None                                                ; 3.323 ns   ; in_Addr[2] ; cacheBlock:inst6|lpm_compare:inst8|comptree:comparator|cmpchain:cmp[1]|aeb_out ; CLK      ;
; N/A                                     ; None                                                ; 3.323 ns   ; in_Addr[1] ; cacheBlock:inst1|lpm_compare:inst8|comptree:comparator|cmpchain:cmp[0]|aeb_out ; CLK      ;
; N/A                                     ; None                                                ; 3.321 ns   ; in_Addr[3] ; cacheBlock:inst6|lpm_dff:inst6|dffs[3]                                         ; CLK      ;
; N/A                                     ; None                                                ; 3.319 ns   ; in_Addr[1] ; cacheBlock:inst5|lpm_compare:inst8|comptree:comparator|cmpchain:cmp[0]|aeb_out ; CLK      ;
; N/A                                     ; None                                                ; 3.305 ns   ; in_Addr[5] ; cacheBlock:inst4|lpm_dff:inst6|dffs[5]                                         ; CLK      ;
; N/A                                     ; None                                                ; 3.289 ns   ; in_Addr[5] ; cacheBlock:inst8|lpm_compare:inst8|comptree:comparator|cmpchain:cmp[2]|aeb_out ; CLK      ;
; N/A                                     ; None                                                ; 3.282 ns   ; in_Addr[4] ; cacheBlock:inst2|lpm_dff:inst6|dffs[4]                                         ; CLK      ;
; N/A                                     ; None                                                ; 3.280 ns   ; in_Addr[4] ; cacheBlock:inst1|lpm_dff:inst6|dffs[4]                                         ; CLK      ;
; N/A                                     ; None                                                ; 3.274 ns   ; in_Addr[0] ; cacheBlock:inst3|lpm_compare:inst8|comptree:comparator|cmpchain:cmp[0]|aeb_out ; CLK      ;
; N/A                                     ; None                                                ; 3.270 ns   ; in_Addr[4] ; cacheBlock:inst2|lpm_compare:inst8|comptree:comparator|cmpchain:cmp[2]|aeb_out ; CLK      ;
; N/A                                     ; None                                                ; 3.252 ns   ; in_Addr[0] ; cacheBlock:inst4|lpm_dff:inst6|dffs[0]                                         ; CLK      ;
; N/A                                     ; None                                                ; 3.250 ns   ; in_Addr[0] ; cacheBlock:inst3|lpm_dff:inst6|dffs[0]                                         ; CLK      ;
; N/A                                     ; None                                                ; 3.211 ns   ; in_Addr[7] ; cacheBlock:inst1|lpm_compare:inst8|comptree:comparator|cmpchain:cmp[3]|aeb_out ; CLK      ;
; N/A                                     ; None                                                ; 3.209 ns   ; in_Addr[7] ; cacheBlock:inst5|lpm_compare:inst8|comptree:comparator|cmpchain:cmp[3]|aeb_out ; CLK      ;
; N/A                                     ; None                                                ; 3.204 ns   ; in_Addr[7] ; cacheBlock:inst6|lpm_dff:inst6|dffs[7]                                         ; CLK      ;
; N/A                                     ; None                                                ; 3.201 ns   ; in_Addr[7] ; cacheBlock:inst6|lpm_compare:inst8|comptree:comparator|cmpchain:cmp[3]|aeb_out ; CLK      ;
; N/A                                     ; None                                                ; 3.196 ns   ; in_Addr[3] ; cacheBlock:inst4|lpm_dff:inst6|dffs[3]                                         ; CLK      ;
; N/A                                     ; None                                                ; 3.194 ns   ; in_Addr[1] ; cacheBlock:inst2|lpm_compare:inst8|comptree:comparator|cmpchain:cmp[0]|aeb_out ; CLK      ;
; N/A                                     ; None                                                ; 3.194 ns   ; in_Addr[6] ; cacheBlock:inst3|lpm_compare:inst8|comptree:comparator|cmpchain:cmp[3]|aeb_out ; CLK      ;
; N/A                                     ; None                                                ; 3.193 ns   ; in_Addr[1] ; cacheBlock:inst2|lpm_dff:inst6|dffs[1]                                         ; CLK      ;
; N/A                                     ; None                                                ; 3.190 ns   ; in_Addr[6] ; cacheBlock:inst7|lpm_compare:inst8|comptree:comparator|cmpchain:cmp[3]|aeb_out ; CLK      ;
; N/A                                     ; None                                                ; 3.186 ns   ; inData[1]  ; cacheBlock:inst3|lpm_dff:inst|dffs[1]                                          ; CLK      ;
; N/A                                     ; None                                                ; 3.183 ns   ; in_Addr[1] ; cacheBlock:inst8|lpm_compare:inst8|comptree:comparator|cmpchain:cmp[0]|aeb_out ; CLK      ;
; N/A                                     ; None                                                ; 3.178 ns   ; in_Addr[5] ; cacheBlock:inst1|lpm_compare:inst8|comptree:comparator|cmpchain:cmp[2]|aeb_out ; CLK      ;
; N/A                                     ; None                                                ; 3.177 ns   ; in_Addr[7] ; cacheBlock:inst3|lpm_compare:inst8|comptree:comparator|cmpchain:cmp[3]|aeb_out ; CLK      ;
; N/A                                     ; None                                                ; 3.177 ns   ; in_Addr[7] ; cacheBlock:inst7|lpm_compare:inst8|comptree:comparator|cmpchain:cmp[3]|aeb_out ; CLK      ;
; N/A                                     ; None                                                ; 3.174 ns   ; in_Addr[5] ; cacheBlock:inst5|lpm_compare:inst8|comptree:comparator|cmpchain:cmp[2]|aeb_out ; CLK      ;
; N/A                                     ; None                                                ; 3.170 ns   ; in_Addr[5] ; cacheBlock:inst7|lpm_compare:inst8|comptree:comparator|cmpchain:cmp[2]|aeb_out ; CLK      ;
; N/A                                     ; None                                                ; 3.168 ns   ; in_Addr[5] ; cacheBlock:inst3|lpm_compare:inst8|comptree:comparator|cmpchain:cmp[2]|aeb_out ; CLK      ;
; N/A                                     ; None                                                ; 3.167 ns   ; in_Addr[4] ; cacheBlock:inst8|lpm_compare:inst8|comptree:comparator|cmpchain:cmp[2]|aeb_out ; CLK      ;
; N/A                                     ; None                                                ; 3.166 ns   ; in_Addr[2] ; cacheBlock:inst2|lpm_dff:inst6|dffs[2]                                         ; CLK      ;
; N/A                                     ; None                                                ; 3.159 ns   ; in_Addr[6] ; cacheBlock:inst8|lpm_compare:inst8|comptree:comparator|cmpchain:cmp[3]|aeb_out ; CLK      ;
; N/A                                     ; None                                                ; 3.153 ns   ; in_Addr[3] ; cacheBlock:inst1|lpm_compare:inst8|comptree:comparator|cmpchain:cmp[1]|aeb_out ; CLK      ;
; Timing analysis restricted to 200 rows. ; To change the limit use Settings (Assignments menu) ;            ;            ;                                                                                ;          ;
+-----------------------------------------+-----------------------------------------------------+------------+------------+--------------------------------------------------------------------------------+----------+


+-----------------------------------------------------------------------------------------------------------------------------------------------------------------------------------------------------------------------+
; tco                                                                                                                                                                                                                   ;
+-----------------------------------------+-----------------------------------------------------+------------+--------------------------------------------------------------------------------+------------+------------+
; Slack                                   ; Required tco                                        ; Actual tco ; From                                                                           ; To         ; From Clock ;
+-----------------------------------------+-----------------------------------------------------+------------+--------------------------------------------------------------------------------+------------+------------+
; N/A                                     ; None                                                ; 14.496 ns  ; cacheBlock:inst3|lpm_compare:inst8|comptree:comparator|cmpchain:cmp[0]|aeb_out ; outData[1] ; CLK        ;
; N/A                                     ; None                                                ; 14.408 ns  ; cacheBlock:inst7|lpm_compare:inst8|comptree:comparator|cmpchain:cmp[0]|aeb_out ; outData[1] ; CLK        ;
; N/A                                     ; None                                                ; 14.386 ns  ; cacheBlock:inst3|lpm_compare:inst8|comptree:comparator|cmpchain:cmp[1]|aeb_out ; outData[1] ; CLK        ;
; N/A                                     ; None                                                ; 14.309 ns  ; cacheBlock:inst7|lpm_compare:inst8|comptree:comparator|cmpchain:cmp[2]|aeb_out ; outData[1] ; CLK        ;
; N/A                                     ; None                                                ; 14.270 ns  ; cacheBlock:inst3|lpm_compare:inst8|comptree:comparator|cmpchain:cmp[0]|aeb_out ; outData[3] ; CLK        ;
; N/A                                     ; None                                                ; 14.236 ns  ; cacheBlock:inst7|lpm_compare:inst8|comptree:comparator|cmpchain:cmp[3]|aeb_out ; outData[1] ; CLK        ;
; N/A                                     ; None                                                ; 14.182 ns  ; cacheBlock:inst7|lpm_compare:inst8|comptree:comparator|cmpchain:cmp[0]|aeb_out ; outData[3] ; CLK        ;
; N/A                                     ; None                                                ; 14.160 ns  ; cacheBlock:inst3|lpm_compare:inst8|comptree:comparator|cmpchain:cmp[1]|aeb_out ; outData[3] ; CLK        ;
; N/A                                     ; None                                                ; 14.112 ns  ; cacheBlock:inst7|lpm_compare:inst8|comptree:comparator|cmpchain:cmp[1]|aeb_out ; outData[1] ; CLK        ;
; N/A                                     ; None                                                ; 14.107 ns  ; cacheBlock:inst3|lpm_compare:inst8|comptree:comparator|cmpchain:cmp[3]|aeb_out ; outData[1] ; CLK        ;
; N/A                                     ; None                                                ; 14.083 ns  ; cacheBlock:inst7|lpm_compare:inst8|comptree:comparator|cmpchain:cmp[2]|aeb_out ; outData[3] ; CLK        ;
; N/A                                     ; None                                                ; 14.075 ns  ; cacheBlock:inst3|lpm_compare:inst8|comptree:comparator|cmpchain:cmp[0]|aeb_out ; outData[6] ; CLK        ;
; N/A                                     ; None                                                ; 14.010 ns  ; cacheBlock:inst7|lpm_compare:inst8|comptree:comparator|cmpchain:cmp[3]|aeb_out ; outData[3] ; CLK        ;
; N/A                                     ; None                                                ; 13.987 ns  ; cacheBlock:inst7|lpm_compare:inst8|comptree:comparator|cmpchain:cmp[0]|aeb_out ; outData[6] ; CLK        ;
; N/A                                     ; None                                                ; 13.986 ns  ; cacheBlock:inst3|lpm_compare:inst8|comptree:comparator|cmpchain:cmp[2]|aeb_out ; outData[1] ; CLK        ;
; N/A                                     ; None                                                ; 13.965 ns  ; cacheBlock:inst3|lpm_compare:inst8|comptree:comparator|cmpchain:cmp[1]|aeb_out ; outData[6] ; CLK        ;
; N/A                                     ; None                                                ; 13.888 ns  ; cacheBlock:inst7|lpm_compare:inst8|comptree:comparator|cmpchain:cmp[2]|aeb_out ; outData[6] ; CLK        ;
; N/A                                     ; None                                                ; 13.886 ns  ; cacheBlock:inst7|lpm_compare:inst8|comptree:comparator|cmpchain:cmp[1]|aeb_out ; outData[3] ; CLK        ;
; N/A                                     ; None                                                ; 13.881 ns  ; cacheBlock:inst3|lpm_compare:inst8|comptree:comparator|cmpchain:cmp[3]|aeb_out ; outData[3] ; CLK        ;
; N/A                                     ; None                                                ; 13.868 ns  ; cacheBlock:inst3|lpm_compare:inst8|comptree:comparator|cmpchain:cmp[0]|aeb_out ; outData[4] ; CLK        ;
; N/A                                     ; None                                                ; 13.815 ns  ; cacheBlock:inst7|lpm_compare:inst8|comptree:comparator|cmpchain:cmp[3]|aeb_out ; outData[6] ; CLK        ;
; N/A                                     ; None                                                ; 13.790 ns  ; cacheBlock:inst3|lpm_compare:inst8|comptree:comparator|cmpchain:cmp[0]|aeb_out ; outData[5] ; CLK        ;
; N/A                                     ; None                                                ; 13.780 ns  ; cacheBlock:inst7|lpm_compare:inst8|comptree:comparator|cmpchain:cmp[0]|aeb_out ; outData[4] ; CLK        ;
; N/A                                     ; None                                                ; 13.765 ns  ; cacheBlock:inst8|lpm_compare:inst8|comptree:comparator|cmpchain:cmp[0]|aeb_out ; outData[1] ; CLK        ;
; N/A                                     ; None                                                ; 13.760 ns  ; cacheBlock:inst3|lpm_compare:inst8|comptree:comparator|cmpchain:cmp[2]|aeb_out ; outData[3] ; CLK        ;
; N/A                                     ; None                                                ; 13.758 ns  ; cacheBlock:inst3|lpm_compare:inst8|comptree:comparator|cmpchain:cmp[1]|aeb_out ; outData[4] ; CLK        ;
; N/A                                     ; None                                                ; 13.711 ns  ; cacheBlock:inst4|lpm_compare:inst8|comptree:comparator|cmpchain:cmp[3]|aeb_out ; outData[1] ; CLK        ;
; N/A                                     ; None                                                ; 13.702 ns  ; cacheBlock:inst7|lpm_compare:inst8|comptree:comparator|cmpchain:cmp[0]|aeb_out ; outData[5] ; CLK        ;
; N/A                                     ; None                                                ; 13.699 ns  ; cacheBlock:inst4|lpm_compare:inst8|comptree:comparator|cmpchain:cmp[3]|aeb_out ; outData[6] ; CLK        ;
; N/A                                     ; None                                                ; 13.691 ns  ; cacheBlock:inst7|lpm_compare:inst8|comptree:comparator|cmpchain:cmp[1]|aeb_out ; outData[6] ; CLK        ;
; N/A                                     ; None                                                ; 13.686 ns  ; cacheBlock:inst3|lpm_compare:inst8|comptree:comparator|cmpchain:cmp[3]|aeb_out ; outData[6] ; CLK        ;
; N/A                                     ; None                                                ; 13.681 ns  ; cacheBlock:inst7|lpm_compare:inst8|comptree:comparator|cmpchain:cmp[2]|aeb_out ; outData[4] ; CLK        ;
; N/A                                     ; None                                                ; 13.680 ns  ; cacheBlock:inst3|lpm_compare:inst8|comptree:comparator|cmpchain:cmp[1]|aeb_out ; outData[5] ; CLK        ;
; N/A                                     ; None                                                ; 13.659 ns  ; cacheBlock:inst8|lpm_compare:inst8|comptree:comparator|cmpchain:cmp[2]|aeb_out ; outData[1] ; CLK        ;
; N/A                                     ; None                                                ; 13.650 ns  ; cacheBlock:inst2|lpm_compare:inst8|comptree:comparator|cmpchain:cmp[3]|aeb_out ; outData[6] ; CLK        ;
; N/A                                     ; None                                                ; 13.615 ns  ; cacheBlock:inst4|lpm_compare:inst8|comptree:comparator|cmpchain:cmp[1]|aeb_out ; outData[1] ; CLK        ;
; N/A                                     ; None                                                ; 13.608 ns  ; cacheBlock:inst7|lpm_compare:inst8|comptree:comparator|cmpchain:cmp[3]|aeb_out ; outData[4] ; CLK        ;
; N/A                                     ; None                                                ; 13.603 ns  ; cacheBlock:inst7|lpm_compare:inst8|comptree:comparator|cmpchain:cmp[2]|aeb_out ; outData[5] ; CLK        ;
; N/A                                     ; None                                                ; 13.603 ns  ; cacheBlock:inst4|lpm_compare:inst8|comptree:comparator|cmpchain:cmp[1]|aeb_out ; outData[6] ; CLK        ;
; N/A                                     ; None                                                ; 13.602 ns  ; cacheBlock:inst2|lpm_compare:inst8|comptree:comparator|cmpchain:cmp[0]|aeb_out ; outData[6] ; CLK        ;
; N/A                                     ; None                                                ; 13.589 ns  ; cacheBlock:inst8|lpm_compare:inst8|comptree:comparator|cmpchain:cmp[0]|aeb_out ; outData[6] ; CLK        ;
; N/A                                     ; None                                                ; 13.584 ns  ; cacheBlock:inst8|lpm_compare:inst8|comptree:comparator|cmpchain:cmp[3]|aeb_out ; outData[1] ; CLK        ;
; N/A                                     ; None                                                ; 13.584 ns  ; cacheBlock:inst6|lpm_compare:inst8|comptree:comparator|cmpchain:cmp[0]|aeb_out ; outData[6] ; CLK        ;
; N/A                                     ; None                                                ; 13.565 ns  ; cacheBlock:inst3|lpm_compare:inst8|comptree:comparator|cmpchain:cmp[2]|aeb_out ; outData[6] ; CLK        ;
; N/A                                     ; None                                                ; 13.547 ns  ; cacheBlock:inst2|lpm_compare:inst8|comptree:comparator|cmpchain:cmp[2]|aeb_out ; outData[6] ; CLK        ;
; N/A                                     ; None                                                ; 13.539 ns  ; cacheBlock:inst8|lpm_compare:inst8|comptree:comparator|cmpchain:cmp[0]|aeb_out ; outData[3] ; CLK        ;
; N/A                                     ; None                                                ; 13.536 ns  ; cacheBlock:inst4|lpm_compare:inst8|comptree:comparator|cmpchain:cmp[2]|aeb_out ; outData[1] ; CLK        ;
; N/A                                     ; None                                                ; 13.530 ns  ; cacheBlock:inst7|lpm_compare:inst8|comptree:comparator|cmpchain:cmp[3]|aeb_out ; outData[5] ; CLK        ;
; N/A                                     ; None                                                ; 13.524 ns  ; cacheBlock:inst4|lpm_compare:inst8|comptree:comparator|cmpchain:cmp[2]|aeb_out ; outData[6] ; CLK        ;
; N/A                                     ; None                                                ; 13.485 ns  ; cacheBlock:inst4|lpm_compare:inst8|comptree:comparator|cmpchain:cmp[3]|aeb_out ; outData[3] ; CLK        ;
; N/A                                     ; None                                                ; 13.485 ns  ; cacheBlock:inst6|lpm_compare:inst8|comptree:comparator|cmpchain:cmp[2]|aeb_out ; outData[6] ; CLK        ;
; N/A                                     ; None                                                ; 13.484 ns  ; cacheBlock:inst7|lpm_compare:inst8|comptree:comparator|cmpchain:cmp[1]|aeb_out ; outData[4] ; CLK        ;
; N/A                                     ; None                                                ; 13.483 ns  ; cacheBlock:inst8|lpm_compare:inst8|comptree:comparator|cmpchain:cmp[2]|aeb_out ; outData[6] ; CLK        ;
; N/A                                     ; None                                                ; 13.479 ns  ; cacheBlock:inst3|lpm_compare:inst8|comptree:comparator|cmpchain:cmp[3]|aeb_out ; outData[4] ; CLK        ;
; N/A                                     ; None                                                ; 13.462 ns  ; cacheBlock:inst8|lpm_compare:inst8|comptree:comparator|cmpchain:cmp[1]|aeb_out ; outData[1] ; CLK        ;
; N/A                                     ; None                                                ; 13.460 ns  ; cacheBlock:inst3|lpm_compare:inst8|comptree:comparator|cmpchain:cmp[0]|aeb_out ; outData[0] ; CLK        ;
; N/A                                     ; None                                                ; 13.433 ns  ; cacheBlock:inst8|lpm_compare:inst8|comptree:comparator|cmpchain:cmp[2]|aeb_out ; outData[3] ; CLK        ;
; N/A                                     ; None                                                ; 13.408 ns  ; cacheBlock:inst8|lpm_compare:inst8|comptree:comparator|cmpchain:cmp[3]|aeb_out ; outData[6] ; CLK        ;
; N/A                                     ; None                                                ; 13.406 ns  ; cacheBlock:inst4|lpm_compare:inst8|comptree:comparator|cmpchain:cmp[0]|aeb_out ; outData[1] ; CLK        ;
; N/A                                     ; None                                                ; 13.406 ns  ; cacheBlock:inst7|lpm_compare:inst8|comptree:comparator|cmpchain:cmp[1]|aeb_out ; outData[5] ; CLK        ;
; N/A                                     ; None                                                ; 13.406 ns  ; cacheBlock:inst6|lpm_compare:inst8|comptree:comparator|cmpchain:cmp[3]|aeb_out ; outData[6] ; CLK        ;
; N/A                                     ; None                                                ; 13.401 ns  ; cacheBlock:inst3|lpm_compare:inst8|comptree:comparator|cmpchain:cmp[3]|aeb_out ; outData[5] ; CLK        ;
; N/A                                     ; None                                                ; 13.394 ns  ; cacheBlock:inst4|lpm_compare:inst8|comptree:comparator|cmpchain:cmp[0]|aeb_out ; outData[6] ; CLK        ;
; N/A                                     ; None                                                ; 13.389 ns  ; cacheBlock:inst4|lpm_compare:inst8|comptree:comparator|cmpchain:cmp[1]|aeb_out ; outData[3] ; CLK        ;
; N/A                                     ; None                                                ; 13.372 ns  ; cacheBlock:inst7|lpm_compare:inst8|comptree:comparator|cmpchain:cmp[0]|aeb_out ; outData[0] ; CLK        ;
; N/A                                     ; None                                                ; 13.358 ns  ; cacheBlock:inst8|lpm_compare:inst8|comptree:comparator|cmpchain:cmp[3]|aeb_out ; outData[3] ; CLK        ;
; N/A                                     ; None                                                ; 13.358 ns  ; cacheBlock:inst3|lpm_compare:inst8|comptree:comparator|cmpchain:cmp[2]|aeb_out ; outData[4] ; CLK        ;
; N/A                                     ; None                                                ; 13.351 ns  ; cacheBlock:inst2|lpm_compare:inst8|comptree:comparator|cmpchain:cmp[1]|aeb_out ; outData[6] ; CLK        ;
; N/A                                     ; None                                                ; 13.350 ns  ; cacheBlock:inst3|lpm_compare:inst8|comptree:comparator|cmpchain:cmp[1]|aeb_out ; outData[0] ; CLK        ;
; N/A                                     ; None                                                ; 13.343 ns  ; cacheBlock:inst2|lpm_compare:inst8|comptree:comparator|cmpchain:cmp[3]|aeb_out ; outData[3] ; CLK        ;
; N/A                                     ; None                                                ; 13.310 ns  ; cacheBlock:inst4|lpm_compare:inst8|comptree:comparator|cmpchain:cmp[2]|aeb_out ; outData[3] ; CLK        ;
; N/A                                     ; None                                                ; 13.296 ns  ; cacheBlock:inst4|lpm_compare:inst8|comptree:comparator|cmpchain:cmp[3]|aeb_out ; outData[4] ; CLK        ;
; N/A                                     ; None                                                ; 13.295 ns  ; cacheBlock:inst2|lpm_compare:inst8|comptree:comparator|cmpchain:cmp[0]|aeb_out ; outData[3] ; CLK        ;
; N/A                                     ; None                                                ; 13.289 ns  ; cacheBlock:inst6|lpm_compare:inst8|comptree:comparator|cmpchain:cmp[1]|aeb_out ; outData[6] ; CLK        ;
; N/A                                     ; None                                                ; 13.286 ns  ; cacheBlock:inst8|lpm_compare:inst8|comptree:comparator|cmpchain:cmp[1]|aeb_out ; outData[6] ; CLK        ;
; N/A                                     ; None                                                ; 13.281 ns  ; cacheBlock:inst3|lpm_compare:inst8|comptree:comparator|cmpchain:cmp[0]|aeb_out ; outData[2] ; CLK        ;
; N/A                                     ; None                                                ; 13.280 ns  ; cacheBlock:inst3|lpm_compare:inst8|comptree:comparator|cmpchain:cmp[2]|aeb_out ; outData[5] ; CLK        ;
; N/A                                     ; None                                                ; 13.277 ns  ; cacheBlock:inst6|lpm_compare:inst8|comptree:comparator|cmpchain:cmp[0]|aeb_out ; outData[3] ; CLK        ;
; N/A                                     ; None                                                ; 13.276 ns  ; cacheBlock:inst2|lpm_compare:inst8|comptree:comparator|cmpchain:cmp[3]|aeb_out ; outData[1] ; CLK        ;
; N/A                                     ; None                                                ; 13.273 ns  ; cacheBlock:inst7|lpm_compare:inst8|comptree:comparator|cmpchain:cmp[2]|aeb_out ; outData[0] ; CLK        ;
; N/A                                     ; None                                                ; 13.267 ns  ; cacheBlock:inst5|lpm_compare:inst8|comptree:comparator|cmpchain:cmp[0]|aeb_out ; outData[6] ; CLK        ;
; N/A                                     ; None                                                ; 13.247 ns  ; cacheBlock:inst2|lpm_compare:inst8|comptree:comparator|cmpchain:cmp[3]|aeb_out ; outData[4] ; CLK        ;
; N/A                                     ; None                                                ; 13.240 ns  ; cacheBlock:inst2|lpm_compare:inst8|comptree:comparator|cmpchain:cmp[2]|aeb_out ; outData[3] ; CLK        ;
; N/A                                     ; None                                                ; 13.236 ns  ; cacheBlock:inst8|lpm_compare:inst8|comptree:comparator|cmpchain:cmp[1]|aeb_out ; outData[3] ; CLK        ;
; N/A                                     ; None                                                ; 13.228 ns  ; cacheBlock:inst2|lpm_compare:inst8|comptree:comparator|cmpchain:cmp[0]|aeb_out ; outData[1] ; CLK        ;
; N/A                                     ; None                                                ; 13.210 ns  ; cacheBlock:inst6|lpm_compare:inst8|comptree:comparator|cmpchain:cmp[0]|aeb_out ; outData[1] ; CLK        ;
; N/A                                     ; None                                                ; 13.204 ns  ; cacheBlock:inst3|lpm_compare:inst8|comptree:comparator|cmpchain:cmp[0]|aeb_out ; outData[7] ; CLK        ;
; N/A                                     ; None                                                ; 13.200 ns  ; cacheBlock:inst7|lpm_compare:inst8|comptree:comparator|cmpchain:cmp[3]|aeb_out ; outData[0] ; CLK        ;
; N/A                                     ; None                                                ; 13.200 ns  ; cacheBlock:inst4|lpm_compare:inst8|comptree:comparator|cmpchain:cmp[1]|aeb_out ; outData[4] ; CLK        ;
; N/A                                     ; None                                                ; 13.199 ns  ; cacheBlock:inst2|lpm_compare:inst8|comptree:comparator|cmpchain:cmp[0]|aeb_out ; outData[4] ; CLK        ;
; N/A                                     ; None                                                ; 13.193 ns  ; cacheBlock:inst7|lpm_compare:inst8|comptree:comparator|cmpchain:cmp[0]|aeb_out ; outData[2] ; CLK        ;
; N/A                                     ; None                                                ; 13.186 ns  ; cacheBlock:inst8|lpm_compare:inst8|comptree:comparator|cmpchain:cmp[0]|aeb_out ; outData[4] ; CLK        ;
; N/A                                     ; None                                                ; 13.181 ns  ; cacheBlock:inst6|lpm_compare:inst8|comptree:comparator|cmpchain:cmp[0]|aeb_out ; outData[4] ; CLK        ;
; N/A                                     ; None                                                ; 13.180 ns  ; cacheBlock:inst4|lpm_compare:inst8|comptree:comparator|cmpchain:cmp[0]|aeb_out ; outData[3] ; CLK        ;
; N/A                                     ; None                                                ; 13.178 ns  ; cacheBlock:inst6|lpm_compare:inst8|comptree:comparator|cmpchain:cmp[2]|aeb_out ; outData[3] ; CLK        ;
; N/A                                     ; None                                                ; 13.173 ns  ; cacheBlock:inst2|lpm_compare:inst8|comptree:comparator|cmpchain:cmp[2]|aeb_out ; outData[1] ; CLK        ;
; N/A                                     ; None                                                ; 13.171 ns  ; cacheBlock:inst3|lpm_compare:inst8|comptree:comparator|cmpchain:cmp[1]|aeb_out ; outData[2] ; CLK        ;
; N/A                                     ; None                                                ; 13.155 ns  ; cacheBlock:inst5|lpm_compare:inst8|comptree:comparator|cmpchain:cmp[2]|aeb_out ; outData[6] ; CLK        ;
; N/A                                     ; None                                                ; 13.149 ns  ; cacheBlock:inst1|lpm_compare:inst8|comptree:comparator|cmpchain:cmp[0]|aeb_out ; outData[6] ; CLK        ;
; N/A                                     ; None                                                ; 13.144 ns  ; cacheBlock:inst2|lpm_compare:inst8|comptree:comparator|cmpchain:cmp[2]|aeb_out ; outData[4] ; CLK        ;
; N/A                                     ; None                                                ; 13.121 ns  ; cacheBlock:inst4|lpm_compare:inst8|comptree:comparator|cmpchain:cmp[2]|aeb_out ; outData[4] ; CLK        ;
; N/A                                     ; None                                                ; 13.119 ns  ; cacheBlock:inst5|lpm_compare:inst8|comptree:comparator|cmpchain:cmp[1]|aeb_out ; outData[6] ; CLK        ;
; N/A                                     ; None                                                ; 13.116 ns  ; cacheBlock:inst7|lpm_compare:inst8|comptree:comparator|cmpchain:cmp[0]|aeb_out ; outData[7] ; CLK        ;
; N/A                                     ; None                                                ; 13.111 ns  ; cacheBlock:inst6|lpm_compare:inst8|comptree:comparator|cmpchain:cmp[2]|aeb_out ; outData[1] ; CLK        ;
; N/A                                     ; None                                                ; 13.104 ns  ; cacheBlock:inst4|lpm_compare:inst8|comptree:comparator|cmpchain:cmp[3]|aeb_out ; outData[5] ; CLK        ;
; N/A                                     ; None                                                ; 13.099 ns  ; cacheBlock:inst6|lpm_compare:inst8|comptree:comparator|cmpchain:cmp[3]|aeb_out ; outData[3] ; CLK        ;
; N/A                                     ; None                                                ; 13.094 ns  ; cacheBlock:inst7|lpm_compare:inst8|comptree:comparator|cmpchain:cmp[2]|aeb_out ; outData[2] ; CLK        ;
; N/A                                     ; None                                                ; 13.094 ns  ; cacheBlock:inst3|lpm_compare:inst8|comptree:comparator|cmpchain:cmp[1]|aeb_out ; outData[7] ; CLK        ;
; N/A                                     ; None                                                ; 13.084 ns  ; cacheBlock:inst5|lpm_compare:inst8|comptree:comparator|cmpchain:cmp[3]|aeb_out ; outData[6] ; CLK        ;
; N/A                                     ; None                                                ; 13.082 ns  ; cacheBlock:inst6|lpm_compare:inst8|comptree:comparator|cmpchain:cmp[2]|aeb_out ; outData[4] ; CLK        ;
; N/A                                     ; None                                                ; 13.080 ns  ; cacheBlock:inst8|lpm_compare:inst8|comptree:comparator|cmpchain:cmp[2]|aeb_out ; outData[4] ; CLK        ;
; N/A                                     ; None                                                ; 13.076 ns  ; cacheBlock:inst7|lpm_compare:inst8|comptree:comparator|cmpchain:cmp[1]|aeb_out ; outData[0] ; CLK        ;
; N/A                                     ; None                                                ; 13.071 ns  ; cacheBlock:inst3|lpm_compare:inst8|comptree:comparator|cmpchain:cmp[3]|aeb_out ; outData[0] ; CLK        ;
; N/A                                     ; None                                                ; 13.059 ns  ; cacheBlock:inst8|lpm_compare:inst8|comptree:comparator|cmpchain:cmp[0]|aeb_out ; outData[5] ; CLK        ;
; N/A                                     ; None                                                ; 13.055 ns  ; cacheBlock:inst2|lpm_compare:inst8|comptree:comparator|cmpchain:cmp[3]|aeb_out ; outData[5] ; CLK        ;
; N/A                                     ; None                                                ; 13.044 ns  ; cacheBlock:inst2|lpm_compare:inst8|comptree:comparator|cmpchain:cmp[1]|aeb_out ; outData[3] ; CLK        ;
; N/A                                     ; None                                                ; 13.039 ns  ; cacheBlock:inst1|lpm_compare:inst8|comptree:comparator|cmpchain:cmp[2]|aeb_out ; outData[6] ; CLK        ;
; N/A                                     ; None                                                ; 13.032 ns  ; cacheBlock:inst6|lpm_compare:inst8|comptree:comparator|cmpchain:cmp[3]|aeb_out ; outData[1] ; CLK        ;
; N/A                                     ; None                                                ; 13.021 ns  ; cacheBlock:inst7|lpm_compare:inst8|comptree:comparator|cmpchain:cmp[3]|aeb_out ; outData[2] ; CLK        ;
; N/A                                     ; None                                                ; 13.017 ns  ; cacheBlock:inst7|lpm_compare:inst8|comptree:comparator|cmpchain:cmp[2]|aeb_out ; outData[7] ; CLK        ;
; N/A                                     ; None                                                ; 13.008 ns  ; cacheBlock:inst4|lpm_compare:inst8|comptree:comparator|cmpchain:cmp[1]|aeb_out ; outData[5] ; CLK        ;
; N/A                                     ; None                                                ; 13.007 ns  ; cacheBlock:inst2|lpm_compare:inst8|comptree:comparator|cmpchain:cmp[0]|aeb_out ; outData[5] ; CLK        ;
; N/A                                     ; None                                                ; 13.005 ns  ; cacheBlock:inst8|lpm_compare:inst8|comptree:comparator|cmpchain:cmp[3]|aeb_out ; outData[4] ; CLK        ;
; N/A                                     ; None                                                ; 13.003 ns  ; cacheBlock:inst6|lpm_compare:inst8|comptree:comparator|cmpchain:cmp[3]|aeb_out ; outData[4] ; CLK        ;
; N/A                                     ; None                                                ; 13.002 ns  ; cacheBlock:inst4|lpm_compare:inst8|comptree:comparator|cmpchain:cmp[3]|aeb_out ; outData[0] ; CLK        ;
; N/A                                     ; None                                                ; 12.991 ns  ; cacheBlock:inst4|lpm_compare:inst8|comptree:comparator|cmpchain:cmp[0]|aeb_out ; outData[4] ; CLK        ;
; N/A                                     ; None                                                ; 12.989 ns  ; cacheBlock:inst6|lpm_compare:inst8|comptree:comparator|cmpchain:cmp[0]|aeb_out ; outData[5] ; CLK        ;
; N/A                                     ; None                                                ; 12.982 ns  ; cacheBlock:inst6|lpm_compare:inst8|comptree:comparator|cmpchain:cmp[1]|aeb_out ; outData[3] ; CLK        ;
; N/A                                     ; None                                                ; 12.982 ns  ; cacheBlock:inst1|lpm_compare:inst8|comptree:comparator|cmpchain:cmp[1]|aeb_out ; outData[6] ; CLK        ;
; N/A                                     ; None                                                ; 12.977 ns  ; cacheBlock:inst2|lpm_compare:inst8|comptree:comparator|cmpchain:cmp[1]|aeb_out ; outData[1] ; CLK        ;
; N/A                                     ; None                                                ; 12.969 ns  ; cacheBlock:inst1|lpm_compare:inst8|comptree:comparator|cmpchain:cmp[3]|aeb_out ; outData[6] ; CLK        ;
; N/A                                     ; None                                                ; 12.953 ns  ; cacheBlock:inst2|lpm_compare:inst8|comptree:comparator|cmpchain:cmp[3]|aeb_out ; outData[0] ; CLK        ;
; N/A                                     ; None                                                ; 12.953 ns  ; cacheBlock:inst8|lpm_compare:inst8|comptree:comparator|cmpchain:cmp[2]|aeb_out ; outData[5] ; CLK        ;
; N/A                                     ; None                                                ; 12.952 ns  ; cacheBlock:inst2|lpm_compare:inst8|comptree:comparator|cmpchain:cmp[2]|aeb_out ; outData[5] ; CLK        ;
; N/A                                     ; None                                                ; 12.950 ns  ; cacheBlock:inst3|lpm_compare:inst8|comptree:comparator|cmpchain:cmp[2]|aeb_out ; outData[0] ; CLK        ;
; N/A                                     ; None                                                ; 12.948 ns  ; cacheBlock:inst2|lpm_compare:inst8|comptree:comparator|cmpchain:cmp[1]|aeb_out ; outData[4] ; CLK        ;
; N/A                                     ; None                                                ; 12.944 ns  ; cacheBlock:inst7|lpm_compare:inst8|comptree:comparator|cmpchain:cmp[3]|aeb_out ; outData[7] ; CLK        ;
; N/A                                     ; None                                                ; 12.929 ns  ; cacheBlock:inst4|lpm_compare:inst8|comptree:comparator|cmpchain:cmp[2]|aeb_out ; outData[5] ; CLK        ;
; N/A                                     ; None                                                ; 12.915 ns  ; cacheBlock:inst6|lpm_compare:inst8|comptree:comparator|cmpchain:cmp[1]|aeb_out ; outData[1] ; CLK        ;
; N/A                                     ; None                                                ; 12.906 ns  ; cacheBlock:inst4|lpm_compare:inst8|comptree:comparator|cmpchain:cmp[1]|aeb_out ; outData[0] ; CLK        ;
; N/A                                     ; None                                                ; 12.905 ns  ; cacheBlock:inst2|lpm_compare:inst8|comptree:comparator|cmpchain:cmp[0]|aeb_out ; outData[0] ; CLK        ;
; N/A                                     ; None                                                ; 12.897 ns  ; cacheBlock:inst7|lpm_compare:inst8|comptree:comparator|cmpchain:cmp[1]|aeb_out ; outData[2] ; CLK        ;
; N/A                                     ; None                                                ; 12.892 ns  ; cacheBlock:inst8|lpm_compare:inst8|comptree:comparator|cmpchain:cmp[0]|aeb_out ; outData[0] ; CLK        ;
; N/A                                     ; None                                                ; 12.892 ns  ; cacheBlock:inst3|lpm_compare:inst8|comptree:comparator|cmpchain:cmp[3]|aeb_out ; outData[2] ; CLK        ;
; N/A                                     ; None                                                ; 12.890 ns  ; cacheBlock:inst6|lpm_compare:inst8|comptree:comparator|cmpchain:cmp[2]|aeb_out ; outData[5] ; CLK        ;
; N/A                                     ; None                                                ; 12.887 ns  ; cacheBlock:inst6|lpm_compare:inst8|comptree:comparator|cmpchain:cmp[0]|aeb_out ; outData[0] ; CLK        ;
; N/A                                     ; None                                                ; 12.886 ns  ; cacheBlock:inst6|lpm_compare:inst8|comptree:comparator|cmpchain:cmp[1]|aeb_out ; outData[4] ; CLK        ;
; N/A                                     ; None                                                ; 12.883 ns  ; cacheBlock:inst8|lpm_compare:inst8|comptree:comparator|cmpchain:cmp[1]|aeb_out ; outData[4] ; CLK        ;
; N/A                                     ; None                                                ; 12.878 ns  ; cacheBlock:inst8|lpm_compare:inst8|comptree:comparator|cmpchain:cmp[3]|aeb_out ; outData[5] ; CLK        ;
; N/A                                     ; None                                                ; 12.850 ns  ; cacheBlock:inst2|lpm_compare:inst8|comptree:comparator|cmpchain:cmp[2]|aeb_out ; outData[0] ; CLK        ;
; N/A                                     ; None                                                ; 12.827 ns  ; cacheBlock:inst4|lpm_compare:inst8|comptree:comparator|cmpchain:cmp[2]|aeb_out ; outData[0] ; CLK        ;
; N/A                                     ; None                                                ; 12.820 ns  ; cacheBlock:inst7|lpm_compare:inst8|comptree:comparator|cmpchain:cmp[1]|aeb_out ; outData[7] ; CLK        ;
; N/A                                     ; None                                                ; 12.815 ns  ; cacheBlock:inst3|lpm_compare:inst8|comptree:comparator|cmpchain:cmp[3]|aeb_out ; outData[7] ; CLK        ;
; N/A                                     ; None                                                ; 12.811 ns  ; cacheBlock:inst6|lpm_compare:inst8|comptree:comparator|cmpchain:cmp[3]|aeb_out ; outData[5] ; CLK        ;
; N/A                                     ; None                                                ; 12.799 ns  ; cacheBlock:inst4|lpm_compare:inst8|comptree:comparator|cmpchain:cmp[0]|aeb_out ; outData[5] ; CLK        ;
; N/A                                     ; None                                                ; 12.788 ns  ; cacheBlock:inst6|lpm_compare:inst8|comptree:comparator|cmpchain:cmp[2]|aeb_out ; outData[0] ; CLK        ;
; N/A                                     ; None                                                ; 12.786 ns  ; cacheBlock:inst8|lpm_compare:inst8|comptree:comparator|cmpchain:cmp[2]|aeb_out ; outData[0] ; CLK        ;
; N/A                                     ; None                                                ; 12.771 ns  ; cacheBlock:inst3|lpm_compare:inst8|comptree:comparator|cmpchain:cmp[2]|aeb_out ; outData[2] ; CLK        ;
; N/A                                     ; None                                                ; 12.756 ns  ; cacheBlock:inst8|lpm_compare:inst8|comptree:comparator|cmpchain:cmp[1]|aeb_out ; outData[5] ; CLK        ;
; N/A                                     ; None                                                ; 12.756 ns  ; cacheBlock:inst2|lpm_compare:inst8|comptree:comparator|cmpchain:cmp[1]|aeb_out ; outData[5] ; CLK        ;
; N/A                                     ; None                                                ; 12.711 ns  ; cacheBlock:inst8|lpm_compare:inst8|comptree:comparator|cmpchain:cmp[3]|aeb_out ; outData[0] ; CLK        ;
; N/A                                     ; None                                                ; 12.709 ns  ; cacheBlock:inst6|lpm_compare:inst8|comptree:comparator|cmpchain:cmp[3]|aeb_out ; outData[0] ; CLK        ;
; N/A                                     ; None                                                ; 12.697 ns  ; cacheBlock:inst4|lpm_compare:inst8|comptree:comparator|cmpchain:cmp[0]|aeb_out ; outData[0] ; CLK        ;
; N/A                                     ; None                                                ; 12.694 ns  ; cacheBlock:inst6|lpm_compare:inst8|comptree:comparator|cmpchain:cmp[1]|aeb_out ; outData[5] ; CLK        ;
; N/A                                     ; None                                                ; 12.694 ns  ; cacheBlock:inst3|lpm_compare:inst8|comptree:comparator|cmpchain:cmp[2]|aeb_out ; outData[7] ; CLK        ;
; N/A                                     ; None                                                ; 12.654 ns  ; cacheBlock:inst2|lpm_compare:inst8|comptree:comparator|cmpchain:cmp[1]|aeb_out ; outData[0] ; CLK        ;
; N/A                                     ; None                                                ; 12.599 ns  ; cacheBlock:inst4|lpm_compare:inst8|comptree:comparator|cmpchain:cmp[3]|aeb_out ; outData[7] ; CLK        ;
; N/A                                     ; None                                                ; 12.592 ns  ; cacheBlock:inst6|lpm_compare:inst8|comptree:comparator|cmpchain:cmp[1]|aeb_out ; outData[0] ; CLK        ;
; N/A                                     ; None                                                ; 12.589 ns  ; cacheBlock:inst8|lpm_compare:inst8|comptree:comparator|cmpchain:cmp[1]|aeb_out ; outData[0] ; CLK        ;
; N/A                                     ; None                                                ; 12.551 ns  ; cacheBlock:inst5|lpm_compare:inst8|comptree:comparator|cmpchain:cmp[0]|aeb_out ; outData[1] ; CLK        ;
; N/A                                     ; None                                                ; 12.550 ns  ; cacheBlock:inst8|lpm_compare:inst8|comptree:comparator|cmpchain:cmp[0]|aeb_out ; outData[2] ; CLK        ;
; N/A                                     ; None                                                ; 12.550 ns  ; cacheBlock:inst2|lpm_compare:inst8|comptree:comparator|cmpchain:cmp[3]|aeb_out ; outData[7] ; CLK        ;
; N/A                                     ; None                                                ; 12.518 ns  ; cacheBlock:inst5|lpm_compare:inst8|comptree:comparator|cmpchain:cmp[0]|aeb_out ; outData[3] ; CLK        ;
; N/A                                     ; None                                                ; 12.503 ns  ; cacheBlock:inst4|lpm_compare:inst8|comptree:comparator|cmpchain:cmp[1]|aeb_out ; outData[7] ; CLK        ;
; N/A                                     ; None                                                ; 12.502 ns  ; cacheBlock:inst2|lpm_compare:inst8|comptree:comparator|cmpchain:cmp[0]|aeb_out ; outData[7] ; CLK        ;
; N/A                                     ; None                                                ; 12.496 ns  ; cacheBlock:inst4|lpm_compare:inst8|comptree:comparator|cmpchain:cmp[3]|aeb_out ; outData[2] ; CLK        ;
; N/A                                     ; None                                                ; 12.489 ns  ; cacheBlock:inst8|lpm_compare:inst8|comptree:comparator|cmpchain:cmp[0]|aeb_out ; outData[7] ; CLK        ;
; N/A                                     ; None                                                ; 12.484 ns  ; cacheBlock:inst6|lpm_compare:inst8|comptree:comparator|cmpchain:cmp[0]|aeb_out ; outData[7] ; CLK        ;
; N/A                                     ; None                                                ; 12.447 ns  ; cacheBlock:inst2|lpm_compare:inst8|comptree:comparator|cmpchain:cmp[2]|aeb_out ; outData[7] ; CLK        ;
; N/A                                     ; None                                                ; 12.444 ns  ; cacheBlock:inst8|lpm_compare:inst8|comptree:comparator|cmpchain:cmp[2]|aeb_out ; outData[2] ; CLK        ;
; N/A                                     ; None                                                ; 12.439 ns  ; cacheBlock:inst5|lpm_compare:inst8|comptree:comparator|cmpchain:cmp[2]|aeb_out ; outData[1] ; CLK        ;
; N/A                                     ; None                                                ; 12.433 ns  ; cacheBlock:inst1|lpm_compare:inst8|comptree:comparator|cmpchain:cmp[0]|aeb_out ; outData[1] ; CLK        ;
; N/A                                     ; None                                                ; 12.424 ns  ; cacheBlock:inst4|lpm_compare:inst8|comptree:comparator|cmpchain:cmp[2]|aeb_out ; outData[7] ; CLK        ;
; N/A                                     ; None                                                ; 12.406 ns  ; cacheBlock:inst5|lpm_compare:inst8|comptree:comparator|cmpchain:cmp[2]|aeb_out ; outData[3] ; CLK        ;
; N/A                                     ; None                                                ; 12.403 ns  ; cacheBlock:inst5|lpm_compare:inst8|comptree:comparator|cmpchain:cmp[1]|aeb_out ; outData[1] ; CLK        ;
; N/A                                     ; None                                                ; 12.400 ns  ; cacheBlock:inst4|lpm_compare:inst8|comptree:comparator|cmpchain:cmp[1]|aeb_out ; outData[2] ; CLK        ;
; N/A                                     ; None                                                ; 12.400 ns  ; cacheBlock:inst1|lpm_compare:inst8|comptree:comparator|cmpchain:cmp[0]|aeb_out ; outData[3] ; CLK        ;
; N/A                                     ; None                                                ; 12.385 ns  ; cacheBlock:inst6|lpm_compare:inst8|comptree:comparator|cmpchain:cmp[2]|aeb_out ; outData[7] ; CLK        ;
; N/A                                     ; None                                                ; 12.383 ns  ; cacheBlock:inst8|lpm_compare:inst8|comptree:comparator|cmpchain:cmp[2]|aeb_out ; outData[7] ; CLK        ;
; N/A                                     ; None                                                ; 12.370 ns  ; cacheBlock:inst5|lpm_compare:inst8|comptree:comparator|cmpchain:cmp[1]|aeb_out ; outData[3] ; CLK        ;
; N/A                                     ; None                                                ; 12.369 ns  ; cacheBlock:inst8|lpm_compare:inst8|comptree:comparator|cmpchain:cmp[3]|aeb_out ; outData[2] ; CLK        ;
; N/A                                     ; None                                                ; 12.368 ns  ; cacheBlock:inst5|lpm_compare:inst8|comptree:comparator|cmpchain:cmp[3]|aeb_out ; outData[1] ; CLK        ;
; N/A                                     ; None                                                ; 12.335 ns  ; cacheBlock:inst5|lpm_compare:inst8|comptree:comparator|cmpchain:cmp[3]|aeb_out ; outData[3] ; CLK        ;
; N/A                                     ; None                                                ; 12.323 ns  ; cacheBlock:inst1|lpm_compare:inst8|comptree:comparator|cmpchain:cmp[2]|aeb_out ; outData[1] ; CLK        ;
; N/A                                     ; None                                                ; 12.321 ns  ; cacheBlock:inst4|lpm_compare:inst8|comptree:comparator|cmpchain:cmp[2]|aeb_out ; outData[2] ; CLK        ;
; N/A                                     ; None                                                ; 12.308 ns  ; cacheBlock:inst8|lpm_compare:inst8|comptree:comparator|cmpchain:cmp[3]|aeb_out ; outData[7] ; CLK        ;
; N/A                                     ; None                                                ; 12.306 ns  ; cacheBlock:inst6|lpm_compare:inst8|comptree:comparator|cmpchain:cmp[3]|aeb_out ; outData[7] ; CLK        ;
; N/A                                     ; None                                                ; 12.294 ns  ; cacheBlock:inst4|lpm_compare:inst8|comptree:comparator|cmpchain:cmp[0]|aeb_out ; outData[7] ; CLK        ;
; N/A                                     ; None                                                ; 12.290 ns  ; cacheBlock:inst1|lpm_compare:inst8|comptree:comparator|cmpchain:cmp[2]|aeb_out ; outData[3] ; CLK        ;
; N/A                                     ; None                                                ; 12.279 ns  ; cacheBlock:inst5|lpm_compare:inst8|comptree:comparator|cmpchain:cmp[0]|aeb_out ; outData[5] ; CLK        ;
; Timing analysis restricted to 200 rows. ; To change the limit use Settings (Assignments menu) ;            ;                                                                                ;            ;            ;
+-----------------------------------------+-----------------------------------------------------+------------+--------------------------------------------------------------------------------+------------+------------+


+-----------------------------------------------------------------------+
; tpd                                                                   ;
+-------+-------------------+-----------------+------------+------------+
; Slack ; Required P2P Time ; Actual P2P Time ; From       ; To         ;
+-------+-------------------+-----------------+------------+------------+
; N/A   ; None              ; 13.155 ns       ; RD         ; outData[6] ;
; N/A   ; None              ; 12.439 ns       ; RD         ; outData[1] ;
; N/A   ; None              ; 12.406 ns       ; RD         ; outData[3] ;
; N/A   ; None              ; 12.167 ns       ; RD         ; outData[5] ;
; N/A   ; None              ; 12.163 ns       ; RD         ; outData[4] ;
; N/A   ; None              ; 12.055 ns       ; RD         ; outData[7] ;
; N/A   ; None              ; 11.727 ns       ; RD         ; outData[2] ;
; N/A   ; None              ; 11.588 ns       ; RD         ; outData[0] ;
; N/A   ; None              ; 10.716 ns       ; inData[3]  ; outData[3] ;
; N/A   ; None              ; 10.472 ns       ; inData[6]  ; outData[6] ;
; N/A   ; None              ; 10.408 ns       ; inData[5]  ; outData[5] ;
; N/A   ; None              ; 10.216 ns       ; inData[1]  ; outData[1] ;
; N/A   ; None              ; 9.917 ns        ; inData[2]  ; outData[2] ;
; N/A   ; None              ; 9.600 ns        ; inData[0]  ; outData[0] ;
; N/A   ; None              ; 9.562 ns        ; inData[4]  ; outData[4] ;
; N/A   ; None              ; 9.492 ns        ; inData[7]  ; outData[7] ;
; N/A   ; None              ; 8.091 ns        ; in_Addr[3] ; outAddr[3] ;
; N/A   ; None              ; 7.837 ns        ; in_Addr[6] ; outAddr[6] ;
; N/A   ; None              ; 7.746 ns        ; in_Addr[1] ; outAddr[1] ;
; N/A   ; None              ; 7.679 ns        ; in_Addr[2] ; outAddr[2] ;
; N/A   ; None              ; 7.656 ns        ; in_Addr[5] ; outAddr[5] ;
; N/A   ; None              ; 7.608 ns        ; in_Addr[0] ; outAddr[0] ;
; N/A   ; None              ; 7.600 ns        ; in_Addr[7] ; outAddr[7] ;
; N/A   ; None              ; 7.469 ns        ; in_Addr[4] ; outAddr[4] ;
+-------+-------------------+-----------------+------------+------------+


+--------------------------------------------------------------------------------------------------------------------------------------------------------------------------------------------------------------------+
; th                                                                                                                                                                                                                 ;
+-----------------------------------------+-----------------------------------------------------+-----------+------------+--------------------------------------------------------------------------------+----------+
; Minimum Slack                           ; Required th                                         ; Actual th ; From       ; To                                                                             ; To Clock ;
+-----------------------------------------+-----------------------------------------------------+-----------+------------+--------------------------------------------------------------------------------+----------+
; N/A                                     ; None                                                ; -2.094 ns ; inData[3]  ; cacheBlock:inst5|lpm_dff:inst|dffs[3]                                          ; CLK      ;
; N/A                                     ; None                                                ; -2.095 ns ; inData[3]  ; cacheBlock:inst7|lpm_dff:inst|dffs[3]                                          ; CLK      ;
; N/A                                     ; None                                                ; -2.122 ns ; inData[2]  ; cacheBlock:inst3|lpm_dff:inst|dffs[2]                                          ; CLK      ;
; N/A                                     ; None                                                ; -2.136 ns ; inData[2]  ; cacheBlock:inst6|lpm_dff:inst|dffs[2]                                          ; CLK      ;
; N/A                                     ; None                                                ; -2.138 ns ; inData[2]  ; cacheBlock:inst8|lpm_dff:inst|dffs[2]                                          ; CLK      ;
; N/A                                     ; None                                                ; -2.209 ns ; inData[5]  ; cacheBlock:inst5|lpm_dff:inst|dffs[5]                                          ; CLK      ;
; N/A                                     ; None                                                ; -2.212 ns ; inData[5]  ; cacheBlock:inst7|lpm_dff:inst|dffs[5]                                          ; CLK      ;
; N/A                                     ; None                                                ; -2.219 ns ; inData[0]  ; cacheBlock:inst6|lpm_dff:inst|dffs[0]                                          ; CLK      ;
; N/A                                     ; None                                                ; -2.221 ns ; inData[0]  ; cacheBlock:inst8|lpm_dff:inst|dffs[0]                                          ; CLK      ;
; N/A                                     ; None                                                ; -2.248 ns ; inData[6]  ; cacheBlock:inst1|lpm_dff:inst|dffs[6]                                          ; CLK      ;
; N/A                                     ; None                                                ; -2.261 ns ; inData[6]  ; cacheBlock:inst5|lpm_dff:inst|dffs[6]                                          ; CLK      ;
; N/A                                     ; None                                                ; -2.262 ns ; inData[6]  ; cacheBlock:inst7|lpm_dff:inst|dffs[6]                                          ; CLK      ;
; N/A                                     ; None                                                ; -2.269 ns ; inData[4]  ; cacheBlock:inst6|lpm_dff:inst|dffs[4]                                          ; CLK      ;
; N/A                                     ; None                                                ; -2.269 ns ; inData[4]  ; cacheBlock:inst8|lpm_dff:inst|dffs[4]                                          ; CLK      ;
; N/A                                     ; None                                                ; -2.275 ns ; inData[7]  ; cacheBlock:inst2|lpm_dff:inst|dffs[7]                                          ; CLK      ;
; N/A                                     ; None                                                ; -2.276 ns ; inData[4]  ; cacheBlock:inst4|lpm_dff:inst|dffs[4]                                          ; CLK      ;
; N/A                                     ; None                                                ; -2.279 ns ; inData[7]  ; cacheBlock:inst1|lpm_dff:inst|dffs[7]                                          ; CLK      ;
; N/A                                     ; None                                                ; -2.307 ns ; inData[6]  ; cacheBlock:inst8|lpm_dff:inst|dffs[6]                                          ; CLK      ;
; N/A                                     ; None                                                ; -2.310 ns ; inData[6]  ; cacheBlock:inst6|lpm_dff:inst|dffs[6]                                          ; CLK      ;
; N/A                                     ; None                                                ; -2.319 ns ; inData[0]  ; cacheBlock:inst5|lpm_dff:inst|dffs[0]                                          ; CLK      ;
; N/A                                     ; None                                                ; -2.321 ns ; inData[0]  ; cacheBlock:inst7|lpm_dff:inst|dffs[0]                                          ; CLK      ;
; N/A                                     ; None                                                ; -2.347 ns ; inData[7]  ; cacheBlock:inst3|lpm_dff:inst|dffs[7]                                          ; CLK      ;
; N/A                                     ; None                                                ; -2.347 ns ; inData[7]  ; cacheBlock:inst4|lpm_dff:inst|dffs[7]                                          ; CLK      ;
; N/A                                     ; None                                                ; -2.357 ns ; in_Addr[6] ; cacheBlock:inst1|lpm_dff:inst6|dffs[6]                                         ; CLK      ;
; N/A                                     ; None                                                ; -2.360 ns ; in_Addr[6] ; cacheBlock:inst2|lpm_dff:inst6|dffs[6]                                         ; CLK      ;
; N/A                                     ; None                                                ; -2.365 ns ; inData[0]  ; cacheBlock:inst3|lpm_dff:inst|dffs[0]                                          ; CLK      ;
; N/A                                     ; None                                                ; -2.369 ns ; inData[0]  ; cacheBlock:inst4|lpm_dff:inst|dffs[0]                                          ; CLK      ;
; N/A                                     ; None                                                ; -2.404 ns ; inData[0]  ; cacheBlock:inst2|lpm_dff:inst|dffs[0]                                          ; CLK      ;
; N/A                                     ; None                                                ; -2.404 ns ; inData[0]  ; cacheBlock:inst1|lpm_dff:inst|dffs[0]                                          ; CLK      ;
; N/A                                     ; None                                                ; -2.409 ns ; inData[7]  ; cacheBlock:inst8|lpm_dff:inst|dffs[7]                                          ; CLK      ;
; N/A                                     ; None                                                ; -2.410 ns ; inData[7]  ; cacheBlock:inst6|lpm_dff:inst|dffs[7]                                          ; CLK      ;
; N/A                                     ; None                                                ; -2.419 ns ; inData[5]  ; cacheBlock:inst1|lpm_dff:inst|dffs[5]                                          ; CLK      ;
; N/A                                     ; None                                                ; -2.435 ns ; inData[5]  ; cacheBlock:inst3|lpm_dff:inst|dffs[5]                                          ; CLK      ;
; N/A                                     ; None                                                ; -2.444 ns ; inData[4]  ; cacheBlock:inst7|lpm_dff:inst|dffs[4]                                          ; CLK      ;
; N/A                                     ; None                                                ; -2.445 ns ; inData[4]  ; cacheBlock:inst5|lpm_dff:inst|dffs[4]                                          ; CLK      ;
; N/A                                     ; None                                                ; -2.495 ns ; inData[5]  ; cacheBlock:inst4|lpm_dff:inst|dffs[5]                                          ; CLK      ;
; N/A                                     ; None                                                ; -2.495 ns ; in_Addr[3] ; cacheBlock:inst5|lpm_dff:inst6|dffs[3]                                         ; CLK      ;
; N/A                                     ; None                                                ; -2.496 ns ; inData[5]  ; cacheBlock:inst2|lpm_dff:inst|dffs[5]                                          ; CLK      ;
; N/A                                     ; None                                                ; -2.509 ns ; inData[3]  ; cacheBlock:inst4|lpm_dff:inst|dffs[3]                                          ; CLK      ;
; N/A                                     ; None                                                ; -2.511 ns ; inData[3]  ; cacheBlock:inst2|lpm_dff:inst|dffs[3]                                          ; CLK      ;
; N/A                                     ; None                                                ; -2.517 ns ; inData[1]  ; cacheBlock:inst1|lpm_dff:inst|dffs[1]                                          ; CLK      ;
; N/A                                     ; None                                                ; -2.518 ns ; inData[1]  ; cacheBlock:inst2|lpm_dff:inst|dffs[1]                                          ; CLK      ;
; N/A                                     ; None                                                ; -2.518 ns ; inData[7]  ; cacheBlock:inst5|lpm_dff:inst|dffs[7]                                          ; CLK      ;
; N/A                                     ; None                                                ; -2.520 ns ; inData[2]  ; cacheBlock:inst4|lpm_dff:inst|dffs[2]                                          ; CLK      ;
; N/A                                     ; None                                                ; -2.520 ns ; inData[7]  ; cacheBlock:inst7|lpm_dff:inst|dffs[7]                                          ; CLK      ;
; N/A                                     ; None                                                ; -2.533 ns ; in_Addr[4] ; cacheBlock:inst7|lpm_dff:inst6|dffs[4]                                         ; CLK      ;
; N/A                                     ; None                                                ; -2.539 ns ; in_Addr[4] ; cacheBlock:inst4|lpm_dff:inst6|dffs[4]                                         ; CLK      ;
; N/A                                     ; None                                                ; -2.540 ns ; in_Addr[4] ; cacheBlock:inst6|lpm_dff:inst6|dffs[4]                                         ; CLK      ;
; N/A                                     ; None                                                ; -2.541 ns ; in_Addr[4] ; cacheBlock:inst3|lpm_dff:inst6|dffs[4]                                         ; CLK      ;
; N/A                                     ; None                                                ; -2.544 ns ; inData[5]  ; cacheBlock:inst8|lpm_dff:inst|dffs[5]                                          ; CLK      ;
; N/A                                     ; None                                                ; -2.547 ns ; inData[6]  ; cacheBlock:inst4|lpm_dff:inst|dffs[6]                                          ; CLK      ;
; N/A                                     ; None                                                ; -2.548 ns ; inData[5]  ; cacheBlock:inst6|lpm_dff:inst|dffs[5]                                          ; CLK      ;
; N/A                                     ; None                                                ; -2.551 ns ; inData[6]  ; cacheBlock:inst2|lpm_dff:inst|dffs[6]                                          ; CLK      ;
; N/A                                     ; None                                                ; -2.596 ns ; inData[3]  ; cacheBlock:inst6|lpm_dff:inst|dffs[3]                                          ; CLK      ;
; N/A                                     ; None                                                ; -2.599 ns ; inData[3]  ; cacheBlock:inst8|lpm_dff:inst|dffs[3]                                          ; CLK      ;
; N/A                                     ; None                                                ; -2.603 ns ; in_Addr[6] ; cacheBlock:inst2|lpm_compare:inst8|comptree:comparator|cmpchain:cmp[3]|aeb_out ; CLK      ;
; N/A                                     ; None                                                ; -2.625 ns ; inData[2]  ; cacheBlock:inst1|lpm_dff:inst|dffs[2]                                          ; CLK      ;
; N/A                                     ; None                                                ; -2.628 ns ; inData[4]  ; cacheBlock:inst1|lpm_dff:inst|dffs[4]                                          ; CLK      ;
; N/A                                     ; None                                                ; -2.632 ns ; inData[4]  ; cacheBlock:inst2|lpm_dff:inst|dffs[4]                                          ; CLK      ;
; N/A                                     ; None                                                ; -2.645 ns ; in_Addr[1] ; cacheBlock:inst3|lpm_dff:inst6|dffs[1]                                         ; CLK      ;
; N/A                                     ; None                                                ; -2.658 ns ; inData[2]  ; cacheBlock:inst2|lpm_dff:inst|dffs[2]                                          ; CLK      ;
; N/A                                     ; None                                                ; -2.663 ns ; inData[2]  ; cacheBlock:inst7|lpm_dff:inst|dffs[2]                                          ; CLK      ;
; N/A                                     ; None                                                ; -2.664 ns ; in_Addr[6] ; cacheBlock:inst4|lpm_compare:inst8|comptree:comparator|cmpchain:cmp[3]|aeb_out ; CLK      ;
; N/A                                     ; None                                                ; -2.667 ns ; inData[2]  ; cacheBlock:inst5|lpm_dff:inst|dffs[2]                                          ; CLK      ;
; N/A                                     ; None                                                ; -2.669 ns ; inData[6]  ; cacheBlock:inst3|lpm_dff:inst|dffs[6]                                          ; CLK      ;
; N/A                                     ; None                                                ; -2.669 ns ; in_Addr[3] ; cacheBlock:inst3|lpm_dff:inst6|dffs[3]                                         ; CLK      ;
; N/A                                     ; None                                                ; -2.687 ns ; in_Addr[4] ; cacheBlock:inst5|lpm_dff:inst6|dffs[4]                                         ; CLK      ;
; N/A                                     ; None                                                ; -2.692 ns ; in_Addr[2] ; cacheBlock:inst3|lpm_dff:inst6|dffs[2]                                         ; CLK      ;
; N/A                                     ; None                                                ; -2.693 ns ; in_Addr[2] ; cacheBlock:inst5|lpm_dff:inst6|dffs[2]                                         ; CLK      ;
; N/A                                     ; None                                                ; -2.717 ns ; in_Addr[1] ; cacheBlock:inst8|lpm_dff:inst6|dffs[1]                                         ; CLK      ;
; N/A                                     ; None                                                ; -2.724 ns ; in_Addr[6] ; cacheBlock:inst1|lpm_compare:inst8|comptree:comparator|cmpchain:cmp[3]|aeb_out ; CLK      ;
; N/A                                     ; None                                                ; -2.726 ns ; in_Addr[6] ; cacheBlock:inst5|lpm_compare:inst8|comptree:comparator|cmpchain:cmp[3]|aeb_out ; CLK      ;
; N/A                                     ; None                                                ; -2.732 ns ; inData[3]  ; cacheBlock:inst1|lpm_dff:inst|dffs[3]                                          ; CLK      ;
; N/A                                     ; None                                                ; -2.751 ns ; inData[3]  ; cacheBlock:inst3|lpm_dff:inst|dffs[3]                                          ; CLK      ;
; N/A                                     ; None                                                ; -2.772 ns ; in_Addr[4] ; cacheBlock:inst3|lpm_compare:inst8|comptree:comparator|cmpchain:cmp[2]|aeb_out ; CLK      ;
; N/A                                     ; None                                                ; -2.772 ns ; in_Addr[4] ; cacheBlock:inst7|lpm_compare:inst8|comptree:comparator|cmpchain:cmp[2]|aeb_out ; CLK      ;
; N/A                                     ; None                                                ; -2.774 ns ; in_Addr[3] ; cacheBlock:inst8|lpm_dff:inst6|dffs[3]                                         ; CLK      ;
; N/A                                     ; None                                                ; -2.774 ns ; in_Addr[4] ; cacheBlock:inst6|lpm_compare:inst8|comptree:comparator|cmpchain:cmp[2]|aeb_out ; CLK      ;
; N/A                                     ; None                                                ; -2.803 ns ; in_Addr[3] ; cacheBlock:inst7|lpm_dff:inst6|dffs[3]                                         ; CLK      ;
; N/A                                     ; None                                                ; -2.804 ns ; in_Addr[3] ; cacheBlock:inst7|lpm_compare:inst8|comptree:comparator|cmpchain:cmp[1]|aeb_out ; CLK      ;
; N/A                                     ; None                                                ; -2.806 ns ; in_Addr[6] ; cacheBlock:inst6|lpm_compare:inst8|comptree:comparator|cmpchain:cmp[3]|aeb_out ; CLK      ;
; N/A                                     ; None                                                ; -2.807 ns ; in_Addr[0] ; cacheBlock:inst1|lpm_dff:inst6|dffs[0]                                         ; CLK      ;
; N/A                                     ; None                                                ; -2.812 ns ; in_Addr[6] ; cacheBlock:inst8|lpm_dff:inst6|dffs[6]                                         ; CLK      ;
; N/A                                     ; None                                                ; -2.815 ns ; in_Addr[1] ; cacheBlock:inst3|lpm_compare:inst8|comptree:comparator|cmpchain:cmp[0]|aeb_out ; CLK      ;
; N/A                                     ; None                                                ; -2.822 ns ; in_Addr[6] ; cacheBlock:inst4|lpm_dff:inst6|dffs[6]                                         ; CLK      ;
; N/A                                     ; None                                                ; -2.823 ns ; in_Addr[4] ; cacheBlock:inst5|lpm_compare:inst8|comptree:comparator|cmpchain:cmp[2]|aeb_out ; CLK      ;
; N/A                                     ; None                                                ; -2.824 ns ; in_Addr[4] ; cacheBlock:inst1|lpm_compare:inst8|comptree:comparator|cmpchain:cmp[2]|aeb_out ; CLK      ;
; N/A                                     ; None                                                ; -2.826 ns ; in_Addr[6] ; cacheBlock:inst3|lpm_dff:inst6|dffs[6]                                         ; CLK      ;
; N/A                                     ; None                                                ; -2.836 ns ; in_Addr[6] ; cacheBlock:inst7|lpm_dff:inst6|dffs[6]                                         ; CLK      ;
; N/A                                     ; None                                                ; -2.837 ns ; in_Addr[6] ; cacheBlock:inst5|lpm_dff:inst6|dffs[6]                                         ; CLK      ;
; N/A                                     ; None                                                ; -2.839 ns ; in_Addr[2] ; cacheBlock:inst8|lpm_compare:inst8|comptree:comparator|cmpchain:cmp[1]|aeb_out ; CLK      ;
; N/A                                     ; None                                                ; -2.840 ns ; inData[4]  ; cacheBlock:inst3|lpm_dff:inst|dffs[4]                                          ; CLK      ;
; N/A                                     ; None                                                ; -2.861 ns ; in_Addr[1] ; cacheBlock:inst6|lpm_dff:inst6|dffs[1]                                         ; CLK      ;
; N/A                                     ; None                                                ; -2.878 ns ; in_Addr[2] ; cacheBlock:inst5|lpm_compare:inst8|comptree:comparator|cmpchain:cmp[1]|aeb_out ; CLK      ;
; N/A                                     ; None                                                ; -2.879 ns ; in_Addr[2] ; cacheBlock:inst3|lpm_compare:inst8|comptree:comparator|cmpchain:cmp[1]|aeb_out ; CLK      ;
; N/A                                     ; None                                                ; -2.879 ns ; in_Addr[1] ; cacheBlock:inst1|lpm_dff:inst6|dffs[1]                                         ; CLK      ;
; N/A                                     ; None                                                ; -2.885 ns ; in_Addr[2] ; cacheBlock:inst1|lpm_dff:inst6|dffs[2]                                         ; CLK      ;
; N/A                                     ; None                                                ; -2.886 ns ; in_Addr[2] ; cacheBlock:inst1|lpm_compare:inst8|comptree:comparator|cmpchain:cmp[1]|aeb_out ; CLK      ;
; N/A                                     ; None                                                ; -2.893 ns ; in_Addr[1] ; cacheBlock:inst4|lpm_dff:inst6|dffs[1]                                         ; CLK      ;
; N/A                                     ; None                                                ; -2.895 ns ; in_Addr[6] ; cacheBlock:inst6|lpm_dff:inst6|dffs[6]                                         ; CLK      ;
; N/A                                     ; None                                                ; -2.906 ns ; inData[1]  ; cacheBlock:inst6|lpm_dff:inst|dffs[1]                                          ; CLK      ;
; N/A                                     ; None                                                ; -2.907 ns ; in_Addr[2] ; cacheBlock:inst2|lpm_compare:inst8|comptree:comparator|cmpchain:cmp[1]|aeb_out ; CLK      ;
; N/A                                     ; None                                                ; -2.909 ns ; inData[1]  ; cacheBlock:inst8|lpm_dff:inst|dffs[1]                                          ; CLK      ;
; N/A                                     ; None                                                ; -2.919 ns ; in_Addr[0] ; cacheBlock:inst8|lpm_compare:inst8|comptree:comparator|cmpchain:cmp[0]|aeb_out ; CLK      ;
; N/A                                     ; None                                                ; -2.924 ns ; in_Addr[3] ; cacheBlock:inst5|lpm_compare:inst8|comptree:comparator|cmpchain:cmp[1]|aeb_out ; CLK      ;
; N/A                                     ; None                                                ; -2.925 ns ; in_Addr[3] ; cacheBlock:inst3|lpm_compare:inst8|comptree:comparator|cmpchain:cmp[1]|aeb_out ; CLK      ;
; N/A                                     ; None                                                ; -2.926 ns ; in_Addr[5] ; cacheBlock:inst6|lpm_dff:inst6|dffs[5]                                         ; CLK      ;
; N/A                                     ; None                                                ; -2.930 ns ; in_Addr[5] ; cacheBlock:inst5|lpm_dff:inst6|dffs[5]                                         ; CLK      ;
; N/A                                     ; None                                                ; -2.931 ns ; in_Addr[5] ; cacheBlock:inst7|lpm_dff:inst6|dffs[5]                                         ; CLK      ;
; N/A                                     ; None                                                ; -2.931 ns ; in_Addr[7] ; cacheBlock:inst7|lpm_dff:inst6|dffs[7]                                         ; CLK      ;
; N/A                                     ; None                                                ; -2.935 ns ; in_Addr[7] ; cacheBlock:inst5|lpm_dff:inst6|dffs[7]                                         ; CLK      ;
; N/A                                     ; None                                                ; -2.941 ns ; in_Addr[5] ; cacheBlock:inst8|lpm_dff:inst6|dffs[5]                                         ; CLK      ;
; N/A                                     ; None                                                ; -2.941 ns ; in_Addr[7] ; cacheBlock:inst8|lpm_dff:inst6|dffs[7]                                         ; CLK      ;
; N/A                                     ; None                                                ; -2.945 ns ; in_Addr[7] ; cacheBlock:inst3|lpm_dff:inst6|dffs[7]                                         ; CLK      ;
; N/A                                     ; None                                                ; -2.962 ns ; inData[1]  ; cacheBlock:inst4|lpm_dff:inst|dffs[1]                                          ; CLK      ;
; N/A                                     ; None                                                ; -2.998 ns ; in_Addr[4] ; cacheBlock:inst4|lpm_compare:inst8|comptree:comparator|cmpchain:cmp[2]|aeb_out ; CLK      ;
; N/A                                     ; None                                                ; -2.998 ns ; in_Addr[4] ; cacheBlock:inst8|lpm_dff:inst6|dffs[4]                                         ; CLK      ;
; N/A                                     ; None                                                ; -3.001 ns ; in_Addr[3] ; cacheBlock:inst8|lpm_compare:inst8|comptree:comparator|cmpchain:cmp[1]|aeb_out ; CLK      ;
; N/A                                     ; None                                                ; -3.009 ns ; in_Addr[0] ; cacheBlock:inst4|lpm_compare:inst8|comptree:comparator|cmpchain:cmp[0]|aeb_out ; CLK      ;
; N/A                                     ; None                                                ; -3.025 ns ; in_Addr[2] ; cacheBlock:inst4|lpm_compare:inst8|comptree:comparator|cmpchain:cmp[1]|aeb_out ; CLK      ;
; N/A                                     ; None                                                ; -3.025 ns ; in_Addr[2] ; cacheBlock:inst4|lpm_dff:inst6|dffs[2]                                         ; CLK      ;
; N/A                                     ; None                                                ; -3.034 ns ; in_Addr[0] ; cacheBlock:inst5|lpm_compare:inst8|comptree:comparator|cmpchain:cmp[0]|aeb_out ; CLK      ;
; N/A                                     ; None                                                ; -3.036 ns ; in_Addr[0] ; cacheBlock:inst1|lpm_compare:inst8|comptree:comparator|cmpchain:cmp[0]|aeb_out ; CLK      ;
; N/A                                     ; None                                                ; -3.043 ns ; in_Addr[3] ; cacheBlock:inst1|lpm_compare:inst8|comptree:comparator|cmpchain:cmp[1]|aeb_out ; CLK      ;
; N/A                                     ; None                                                ; -3.049 ns ; in_Addr[6] ; cacheBlock:inst8|lpm_compare:inst8|comptree:comparator|cmpchain:cmp[3]|aeb_out ; CLK      ;
; N/A                                     ; None                                                ; -3.056 ns ; in_Addr[2] ; cacheBlock:inst2|lpm_dff:inst6|dffs[2]                                         ; CLK      ;
; N/A                                     ; None                                                ; -3.057 ns ; in_Addr[4] ; cacheBlock:inst8|lpm_compare:inst8|comptree:comparator|cmpchain:cmp[2]|aeb_out ; CLK      ;
; N/A                                     ; None                                                ; -3.058 ns ; in_Addr[5] ; cacheBlock:inst3|lpm_compare:inst8|comptree:comparator|cmpchain:cmp[2]|aeb_out ; CLK      ;
; N/A                                     ; None                                                ; -3.060 ns ; in_Addr[5] ; cacheBlock:inst7|lpm_compare:inst8|comptree:comparator|cmpchain:cmp[2]|aeb_out ; CLK      ;
; N/A                                     ; None                                                ; -3.064 ns ; in_Addr[5] ; cacheBlock:inst5|lpm_compare:inst8|comptree:comparator|cmpchain:cmp[2]|aeb_out ; CLK      ;
; N/A                                     ; None                                                ; -3.067 ns ; in_Addr[7] ; cacheBlock:inst3|lpm_compare:inst8|comptree:comparator|cmpchain:cmp[3]|aeb_out ; CLK      ;
; N/A                                     ; None                                                ; -3.067 ns ; in_Addr[7] ; cacheBlock:inst7|lpm_compare:inst8|comptree:comparator|cmpchain:cmp[3]|aeb_out ; CLK      ;
; N/A                                     ; None                                                ; -3.068 ns ; in_Addr[5] ; cacheBlock:inst1|lpm_compare:inst8|comptree:comparator|cmpchain:cmp[2]|aeb_out ; CLK      ;
; N/A                                     ; None                                                ; -3.073 ns ; in_Addr[1] ; cacheBlock:inst8|lpm_compare:inst8|comptree:comparator|cmpchain:cmp[0]|aeb_out ; CLK      ;
; N/A                                     ; None                                                ; -3.076 ns ; inData[1]  ; cacheBlock:inst3|lpm_dff:inst|dffs[1]                                          ; CLK      ;
; N/A                                     ; None                                                ; -3.080 ns ; in_Addr[6] ; cacheBlock:inst7|lpm_compare:inst8|comptree:comparator|cmpchain:cmp[3]|aeb_out ; CLK      ;
; N/A                                     ; None                                                ; -3.083 ns ; in_Addr[1] ; cacheBlock:inst2|lpm_dff:inst6|dffs[1]                                         ; CLK      ;
; N/A                                     ; None                                                ; -3.084 ns ; in_Addr[1] ; cacheBlock:inst2|lpm_compare:inst8|comptree:comparator|cmpchain:cmp[0]|aeb_out ; CLK      ;
; N/A                                     ; None                                                ; -3.084 ns ; in_Addr[6] ; cacheBlock:inst3|lpm_compare:inst8|comptree:comparator|cmpchain:cmp[3]|aeb_out ; CLK      ;
; N/A                                     ; None                                                ; -3.086 ns ; in_Addr[3] ; cacheBlock:inst4|lpm_dff:inst6|dffs[3]                                         ; CLK      ;
; N/A                                     ; None                                                ; -3.091 ns ; in_Addr[7] ; cacheBlock:inst6|lpm_compare:inst8|comptree:comparator|cmpchain:cmp[3]|aeb_out ; CLK      ;
; N/A                                     ; None                                                ; -3.094 ns ; in_Addr[7] ; cacheBlock:inst6|lpm_dff:inst6|dffs[7]                                         ; CLK      ;
; N/A                                     ; None                                                ; -3.099 ns ; in_Addr[7] ; cacheBlock:inst5|lpm_compare:inst8|comptree:comparator|cmpchain:cmp[3]|aeb_out ; CLK      ;
; N/A                                     ; None                                                ; -3.101 ns ; in_Addr[7] ; cacheBlock:inst1|lpm_compare:inst8|comptree:comparator|cmpchain:cmp[3]|aeb_out ; CLK      ;
; N/A                                     ; None                                                ; -3.140 ns ; in_Addr[0] ; cacheBlock:inst3|lpm_dff:inst6|dffs[0]                                         ; CLK      ;
; N/A                                     ; None                                                ; -3.142 ns ; in_Addr[0] ; cacheBlock:inst4|lpm_dff:inst6|dffs[0]                                         ; CLK      ;
; N/A                                     ; None                                                ; -3.160 ns ; in_Addr[4] ; cacheBlock:inst2|lpm_compare:inst8|comptree:comparator|cmpchain:cmp[2]|aeb_out ; CLK      ;
; N/A                                     ; None                                                ; -3.164 ns ; in_Addr[0] ; cacheBlock:inst3|lpm_compare:inst8|comptree:comparator|cmpchain:cmp[0]|aeb_out ; CLK      ;
; N/A                                     ; None                                                ; -3.170 ns ; in_Addr[4] ; cacheBlock:inst1|lpm_dff:inst6|dffs[4]                                         ; CLK      ;
; N/A                                     ; None                                                ; -3.172 ns ; in_Addr[4] ; cacheBlock:inst2|lpm_dff:inst6|dffs[4]                                         ; CLK      ;
; N/A                                     ; None                                                ; -3.179 ns ; in_Addr[5] ; cacheBlock:inst8|lpm_compare:inst8|comptree:comparator|cmpchain:cmp[2]|aeb_out ; CLK      ;
; N/A                                     ; None                                                ; -3.195 ns ; in_Addr[5] ; cacheBlock:inst4|lpm_dff:inst6|dffs[5]                                         ; CLK      ;
; N/A                                     ; None                                                ; -3.209 ns ; in_Addr[1] ; cacheBlock:inst5|lpm_compare:inst8|comptree:comparator|cmpchain:cmp[0]|aeb_out ; CLK      ;
; N/A                                     ; None                                                ; -3.211 ns ; in_Addr[3] ; cacheBlock:inst6|lpm_dff:inst6|dffs[3]                                         ; CLK      ;
; N/A                                     ; None                                                ; -3.213 ns ; in_Addr[2] ; cacheBlock:inst6|lpm_compare:inst8|comptree:comparator|cmpchain:cmp[1]|aeb_out ; CLK      ;
; N/A                                     ; None                                                ; -3.213 ns ; in_Addr[1] ; cacheBlock:inst1|lpm_compare:inst8|comptree:comparator|cmpchain:cmp[0]|aeb_out ; CLK      ;
; N/A                                     ; None                                                ; -3.217 ns ; in_Addr[1] ; cacheBlock:inst6|lpm_compare:inst8|comptree:comparator|cmpchain:cmp[0]|aeb_out ; CLK      ;
; N/A                                     ; None                                                ; -3.231 ns ; in_Addr[2] ; cacheBlock:inst7|lpm_dff:inst6|dffs[2]                                         ; CLK      ;
; N/A                                     ; None                                                ; -3.240 ns ; inData[1]  ; cacheBlock:inst5|lpm_dff:inst|dffs[1]                                          ; CLK      ;
; N/A                                     ; None                                                ; -3.242 ns ; inData[1]  ; cacheBlock:inst7|lpm_dff:inst|dffs[1]                                          ; CLK      ;
; N/A                                     ; None                                                ; -3.259 ns ; in_Addr[1] ; cacheBlock:inst7|lpm_dff:inst6|dffs[1]                                         ; CLK      ;
; N/A                                     ; None                                                ; -3.262 ns ; in_Addr[1] ; cacheBlock:inst5|lpm_dff:inst6|dffs[1]                                         ; CLK      ;
; N/A                                     ; None                                                ; -3.282 ns ; in_Addr[5] ; cacheBlock:inst3|lpm_dff:inst6|dffs[5]                                         ; CLK      ;
; N/A                                     ; None                                                ; -3.291 ns ; in_Addr[5] ; cacheBlock:inst6|lpm_compare:inst8|comptree:comparator|cmpchain:cmp[2]|aeb_out ; CLK      ;
; N/A                                     ; None                                                ; -3.337 ns ; in_Addr[2] ; cacheBlock:inst6|lpm_dff:inst6|dffs[2]                                         ; CLK      ;
; N/A                                     ; None                                                ; -3.339 ns ; in_Addr[2] ; cacheBlock:inst8|lpm_dff:inst6|dffs[2]                                         ; CLK      ;
; N/A                                     ; None                                                ; -3.344 ns ; in_Addr[3] ; cacheBlock:inst1|lpm_dff:inst6|dffs[3]                                         ; CLK      ;
; N/A                                     ; None                                                ; -3.352 ns ; in_Addr[1] ; cacheBlock:inst4|lpm_compare:inst8|comptree:comparator|cmpchain:cmp[0]|aeb_out ; CLK      ;
; N/A                                     ; None                                                ; -3.356 ns ; in_Addr[7] ; cacheBlock:inst4|lpm_dff:inst6|dffs[7]                                         ; CLK      ;
; N/A                                     ; None                                                ; -3.358 ns ; in_Addr[0] ; cacheBlock:inst7|lpm_compare:inst8|comptree:comparator|cmpchain:cmp[0]|aeb_out ; CLK      ;
; N/A                                     ; None                                                ; -3.383 ns ; WR         ; lpm_counter:inst30|cntr_lq5:auto_generated|safe_q[2]                           ; CLK      ;
; N/A                                     ; None                                                ; -3.384 ns ; in_Addr[3] ; cacheBlock:inst2|lpm_dff:inst6|dffs[3]                                         ; CLK      ;
; N/A                                     ; None                                                ; -3.385 ns ; in_Addr[7] ; cacheBlock:inst8|lpm_compare:inst8|comptree:comparator|cmpchain:cmp[3]|aeb_out ; CLK      ;
; N/A                                     ; None                                                ; -3.430 ns ; in_Addr[5] ; cacheBlock:inst4|lpm_compare:inst8|comptree:comparator|cmpchain:cmp[2]|aeb_out ; CLK      ;
; N/A                                     ; None                                                ; -3.474 ns ; in_Addr[7] ; cacheBlock:inst1|lpm_dff:inst6|dffs[7]                                         ; CLK      ;
; N/A                                     ; None                                                ; -3.482 ns ; in_Addr[7] ; cacheBlock:inst2|lpm_compare:inst8|comptree:comparator|cmpchain:cmp[3]|aeb_out ; CLK      ;
; N/A                                     ; None                                                ; -3.483 ns ; in_Addr[7] ; cacheBlock:inst2|lpm_dff:inst6|dffs[7]                                         ; CLK      ;
; N/A                                     ; None                                                ; -3.518 ns ; in_Addr[1] ; cacheBlock:inst7|lpm_compare:inst8|comptree:comparator|cmpchain:cmp[0]|aeb_out ; CLK      ;
; N/A                                     ; None                                                ; -3.543 ns ; in_Addr[3] ; cacheBlock:inst6|lpm_compare:inst8|comptree:comparator|cmpchain:cmp[1]|aeb_out ; CLK      ;
; N/A                                     ; None                                                ; -3.548 ns ; in_Addr[3] ; cacheBlock:inst4|lpm_compare:inst8|comptree:comparator|cmpchain:cmp[1]|aeb_out ; CLK      ;
; N/A                                     ; None                                                ; -3.566 ns ; in_Addr[5] ; cacheBlock:inst1|lpm_dff:inst6|dffs[5]                                         ; CLK      ;
; N/A                                     ; None                                                ; -3.589 ns ; in_Addr[0] ; cacheBlock:inst2|lpm_dff:inst6|dffs[0]                                         ; CLK      ;
; N/A                                     ; None                                                ; -3.591 ns ; in_Addr[7] ; cacheBlock:inst4|lpm_compare:inst8|comptree:comparator|cmpchain:cmp[3]|aeb_out ; CLK      ;
; N/A                                     ; None                                                ; -3.594 ns ; in_Addr[0] ; cacheBlock:inst5|lpm_dff:inst6|dffs[0]                                         ; CLK      ;
; N/A                                     ; None                                                ; -3.598 ns ; in_Addr[0] ; cacheBlock:inst7|lpm_dff:inst6|dffs[0]                                         ; CLK      ;
; N/A                                     ; None                                                ; -3.609 ns ; WR         ; lpm_counter:inst30|cntr_lq5:auto_generated|safe_q[1]                           ; CLK      ;
; N/A                                     ; None                                                ; -3.610 ns ; WR         ; lpm_counter:inst30|cntr_lq5:auto_generated|safe_q[0]                           ; CLK      ;
; N/A                                     ; None                                                ; -3.722 ns ; in_Addr[5] ; cacheBlock:inst2|lpm_dff:inst6|dffs[5]                                         ; CLK      ;
; N/A                                     ; None                                                ; -3.739 ns ; in_Addr[3] ; cacheBlock:inst2|lpm_compare:inst8|comptree:comparator|cmpchain:cmp[1]|aeb_out ; CLK      ;
; N/A                                     ; None                                                ; -3.769 ns ; in_Addr[2] ; cacheBlock:inst7|lpm_compare:inst8|comptree:comparator|cmpchain:cmp[1]|aeb_out ; CLK      ;
; N/A                                     ; None                                                ; -3.770 ns ; WR         ; cacheBlock:inst2|lpm_dff:inst6|dffs[7]                                         ; CLK      ;
; N/A                                     ; None                                                ; -3.770 ns ; WR         ; cacheBlock:inst2|lpm_dff:inst6|dffs[5]                                         ; CLK      ;
; N/A                                     ; None                                                ; -3.770 ns ; WR         ; cacheBlock:inst2|lpm_dff:inst6|dffs[1]                                         ; CLK      ;
; N/A                                     ; None                                                ; -3.770 ns ; WR         ; cacheBlock:inst2|lpm_dff:inst6|dffs[3]                                         ; CLK      ;
; N/A                                     ; None                                                ; -3.918 ns ; WR         ; cacheBlock:inst2|lpm_dff:inst|dffs[6]                                          ; CLK      ;
; N/A                                     ; None                                                ; -3.918 ns ; WR         ; cacheBlock:inst2|lpm_dff:inst|dffs[5]                                          ; CLK      ;
; N/A                                     ; None                                                ; -3.942 ns ; in_Addr[0] ; cacheBlock:inst2|lpm_compare:inst8|comptree:comparator|cmpchain:cmp[0]|aeb_out ; CLK      ;
; N/A                                     ; None                                                ; -3.972 ns ; WR         ; cacheBlock:inst3|lpm_dff:inst|dffs[7]                                          ; CLK      ;
; N/A                                     ; None                                                ; -3.972 ns ; WR         ; cacheBlock:inst3|lpm_dff:inst|dffs[6]                                          ; CLK      ;
; N/A                                     ; None                                                ; -3.972 ns ; WR         ; cacheBlock:inst3|lpm_dff:inst|dffs[5]                                          ; CLK      ;
; Timing analysis restricted to 200 rows. ; To change the limit use Settings (Assignments menu) ;           ;            ;                                                                                ;          ;
+-----------------------------------------+-----------------------------------------------------+-----------+------------+--------------------------------------------------------------------------------+----------+


+--------------------------+
; Timing Analyzer Messages ;
+--------------------------+
Info: *******************************************************************
Info: Running Quartus II Timing Analyzer
    Info: Version 5.0 Build 148 04/26/2005 SJ Full Version
    Info: Processing started: Sun Feb 20 12:05:34 2022
Info: Command: quartus_tan --read_settings_files=off --write_settings_files=off cache -c cache --timing_analysis_only
Warning: Found pins functioning as undefined clocks and/or memory enables
    Info: Assuming node "CLK" is an undefined clock
Info: Clock "CLK" has Internal fmax of 275.48 MHz between source register "cacheBlock:inst4|lpm_compare:inst8|comptree:comparator|cmpchain:cmp[3]|aeb_out" and destination register "lpm_counter:inst30|cntr_lq5:auto_generated|safe_q[0]" (period= 3.63 ns)
    Info: + Longest register to register delay is 3.464 ns
        Info: 1: + IC(0.000 ns) + CELL(0.000 ns) = 0.000 ns; Loc. = LC_X30_Y25_N3; Fanout = 1; REG Node = 'cacheBlock:inst4|lpm_compare:inst8|comptree:comparator|cmpchain:cmp[3]|aeb_out'
        Info: 2: + IC(0.398 ns) + CELL(0.366 ns) = 0.764 ns; Loc. = LC_X30_Y25_N8; Fanout = 2; COMB Node = 'cacheBlock:inst4|lpm_compare:inst8|comptree:comparator|comptree:sub_comptree|cmpchain:cmp_end|aeb_out~36'
        Info: 3: + IC(0.810 ns) + CELL(0.366 ns) = 1.940 ns; Loc. = LC_X32_Y25_N3; Fanout = 27; COMB Node = 'inst29~44'
        Info: 4: + IC(0.352 ns) + CELL(0.366 ns) = 2.658 ns; Loc. = LC_X32_Y25_N9; Fanout = 3; COMB Node = 'inst31'
        Info: 5: + IC(0.348 ns) + CELL(0.458 ns) = 3.464 ns; Loc. = LC_X32_Y25_N5; Fanout = 11; REG Node = 'lpm_counter:inst30|cntr_lq5:auto_generated|safe_q[0]'
        Info: Total cell delay = 1.556 ns ( 44.92 % )
        Info: Total interconnect delay = 1.908 ns ( 55.08 % )
    Info: - Smallest clock skew is 0.000 ns
        Info: + Shortest clock path from clock "CLK" to destination register is 2.794 ns
            Info: 1: + IC(0.000 ns) + CELL(0.725 ns) = 0.725 ns; Loc. = PIN_L2; Fanout = 163; CLK Node = 'CLK'
            Info: 2: + IC(1.527 ns) + CELL(0.542 ns) = 2.794 ns; Loc. = LC_X32_Y25_N5; Fanout = 11; REG Node = 'lpm_counter:inst30|cntr_lq5:auto_generated|safe_q[0]'
            Info: Total cell delay = 1.267 ns ( 45.35 % )
            Info: Total interconnect delay = 1.527 ns ( 54.65 % )
        Info: - Longest clock path from clock "CLK" to source register is 2.794 ns
            Info: 1: + IC(0.000 ns) + CELL(0.725 ns) = 0.725 ns; Loc. = PIN_L2; Fanout = 163; CLK Node = 'CLK'
            Info: 2: + IC(1.527 ns) + CELL(0.542 ns) = 2.794 ns; Loc. = LC_X30_Y25_N3; Fanout = 1; REG Node = 'cacheBlock:inst4|lpm_compare:inst8|comptree:comparator|cmpchain:cmp[3]|aeb_out'
            Info: Total cell delay = 1.267 ns ( 45.35 % )
            Info: Total interconnect delay = 1.527 ns ( 54.65 % )
    Info: + Micro clock to output delay of source is 0.156 ns
    Info: + Micro setup delay of destination is 0.010 ns
Info: tsu for register "cacheBlock:inst5|lpm_dff:inst6|dffs[2]" (data pin = "WR", clock pin = "CLK") is 5.018 ns
    Info: + Longest pin to register delay is 7.807 ns
        Info: 1: + IC(0.000 ns) + CELL(1.234 ns) = 1.234 ns; Loc. = PIN_F1; Fanout = 9; PIN Node = 'WR'
        Info: 2: + IC(4.286 ns) + CELL(0.366 ns) = 5.886 ns; Loc. = LC_X32_Y25_N8; Fanout = 16; COMB Node = 'inst25~9'
        Info: 3: + IC(1.216 ns) + CELL(0.705 ns) = 7.807 ns; Loc. = LC_X30_Y26_N2; Fanout = 2; REG Node = 'cacheBlock:inst5|lpm_dff:inst6|dffs[2]'
        Info: Total cell delay = 2.305 ns ( 29.52 % )
        Info: Total interconnect delay = 5.502 ns ( 70.48 % )
    Info: + Micro setup delay of destination is 0.010 ns
    Info: - Shortest clock path from clock "CLK" to destination register is 2.799 ns
        Info: 1: + IC(0.000 ns) + CELL(0.725 ns) = 0.725 ns; Loc. = PIN_L2; Fanout = 163; CLK Node = 'CLK'
        Info: 2: + IC(1.532 ns) + CELL(0.542 ns) = 2.799 ns; Loc. = LC_X30_Y26_N2; Fanout = 2; REG Node = 'cacheBlock:inst5|lpm_dff:inst6|dffs[2]'
        Info: Total cell delay = 1.267 ns ( 45.27 % )
        Info: Total interconnect delay = 1.532 ns ( 54.73 % )
Info: tco from clock "CLK" to destination pin "outData[1]" through register "cacheBlock:inst3|lpm_compare:inst8|comptree:comparator|cmpchain:cmp[0]|aeb_out" is 14.496 ns
    Info: + Longest clock path from clock "CLK" to source register is 2.799 ns
        Info: 1: + IC(0.000 ns) + CELL(0.725 ns) = 0.725 ns; Loc. = PIN_L2; Fanout = 163; CLK Node = 'CLK'
        Info: 2: + IC(1.532 ns) + CELL(0.542 ns) = 2.799 ns; Loc. = LC_X31_Y26_N9; Fanout = 1; REG Node = 'cacheBlock:inst3|lpm_compare:inst8|comptree:comparator|cmpchain:cmp[0]|aeb_out'
        Info: Total cell delay = 1.267 ns ( 45.27 % )
        Info: Total interconnect delay = 1.532 ns ( 54.73 % )
    Info: + Micro clock to output delay of source is 0.156 ns
    Info: + Longest register to pin delay is 11.541 ns
        Info: 1: + IC(0.000 ns) + CELL(0.000 ns) = 0.000 ns; Loc. = LC_X31_Y26_N9; Fanout = 1; REG Node = 'cacheBlock:inst3|lpm_compare:inst8|comptree:comparator|cmpchain:cmp[0]|aeb_out'
        Info: 2: + IC(1.005 ns) + CELL(0.366 ns) = 1.371 ns; Loc. = LC_X32_Y27_N4; Fanout = 4; COMB Node = 'inst29~45'
        Info: 3: + IC(1.063 ns) + CELL(0.366 ns) = 2.800 ns; Loc. = LC_X32_Y24_N4; Fanout = 24; COMB Node = 'coder:inst38|inst7'
        Info: 4: + IC(1.095 ns) + CELL(0.075 ns) = 3.970 ns; Loc. = LC_X33_Y25_N3; Fanout = 1; COMB Node = 'lpm_mux:inst34|mux_vsd:auto_generated|w_result107w~58'
        Info: 5: + IC(0.320 ns) + CELL(0.366 ns) = 4.656 ns; Loc. = LC_X33_Y25_N1; Fanout = 1; COMB Node = 'lpm_mux:inst34|mux_vsd:auto_generated|w_result107w~59'
        Info: 6: + IC(1.213 ns) + CELL(0.280 ns) = 6.149 ns; Loc. = LC_X32_Y22_N8; Fanout = 1; COMB Node = 'busmux:inst35|lpm_mux:$00000|mux_cgc:auto_generated|w_result25w~175'
        Info: 7: + IC(1.003 ns) + CELL(0.075 ns) = 7.227 ns; Loc. = LC_X33_Y25_N0; Fanout = 1; COMB Node = 'busmux:inst35|lpm_mux:$00000|mux_cgc:auto_generated|w_result25w~176'
        Info: 8: + IC(1.938 ns) + CELL(2.376 ns) = 11.541 ns; Loc. = PIN_D2; Fanout = 0; PIN Node = 'outData[1]'
        Info: Total cell delay = 3.904 ns ( 33.83 % )
        Info: Total interconnect delay = 7.637 ns ( 66.17 % )
Info: Longest tpd from source pin "RD" to destination pin "outData[6]" is 13.155 ns
    Info: 1: + IC(0.000 ns) + CELL(0.972 ns) = 0.972 ns; Loc. = PIN_B14; Fanout = 1; PIN Node = 'RD'
    Info: 2: + IC(4.246 ns) + CELL(0.280 ns) = 5.498 ns; Loc. = LC_X31_Y27_N9; Fanout = 16; COMB Node = 'inst36'
    Info: 3: + IC(1.941 ns) + CELL(0.366 ns) = 7.805 ns; Loc. = LC_X32_Y23_N6; Fanout = 1; COMB Node = 'busmux:inst35|lpm_mux:$00000|mux_cgc:auto_generated|w_result85w~175'
    Info: 4: + IC(0.325 ns) + CELL(0.075 ns) = 8.205 ns; Loc. = LC_X32_Y23_N3; Fanout = 1; COMB Node = 'busmux:inst35|lpm_mux:$00000|mux_cgc:auto_generated|w_result85w~176'
    Info: 5: + IC(2.546 ns) + CELL(2.404 ns) = 13.155 ns; Loc. = PIN_Y9; Fanout = 0; PIN Node = 'outData[6]'
    Info: Total cell delay = 4.097 ns ( 31.14 % )
    Info: Total interconnect delay = 9.058 ns ( 68.86 % )
Info: th for register "cacheBlock:inst5|lpm_dff:inst|dffs[3]" (data pin = "inData[3]", clock pin = "CLK") is -2.094 ns
    Info: + Longest clock path from clock "CLK" to destination register is 2.803 ns
        Info: 1: + IC(0.000 ns) + CELL(0.725 ns) = 0.725 ns; Loc. = PIN_L2; Fanout = 163; CLK Node = 'CLK'
        Info: 2: + IC(1.536 ns) + CELL(0.542 ns) = 2.803 ns; Loc. = LC_X33_Y27_N5; Fanout = 2; REG Node = 'cacheBlock:inst5|lpm_dff:inst|dffs[3]'
        Info: Total cell delay = 1.267 ns ( 45.20 % )
        Info: Total interconnect delay = 1.536 ns ( 54.80 % )
    Info: + Micro hold delay of destination is 0.100 ns
    Info: - Shortest pin to register delay is 4.997 ns
        Info: 1: + IC(0.000 ns) + CELL(1.087 ns) = 1.087 ns; Loc. = PIN_F10; Fanout = 9; PIN Node = 'inData[3]'
        Info: 2: + IC(3.825 ns) + CELL(0.085 ns) = 4.997 ns; Loc. = LC_X33_Y27_N5; Fanout = 2; REG Node = 'cacheBlock:inst5|lpm_dff:inst|dffs[3]'
        Info: Total cell delay = 1.172 ns ( 23.45 % )
        Info: Total interconnect delay = 3.825 ns ( 76.55 % )
Info: Quartus II Timing Analyzer was successful. 0 errors, 1 warning
    Info: Processing ended: Sun Feb 20 12:05:35 2022
    Info: Elapsed time: 00:00:01


