Fitter report for cache
Sun Feb 20 12:05:29 2022
Version 5.0 Build 148 04/26/2005 SJ Full Version


---------------------
; Table of Contents ;
---------------------
  1. Legal Notice
  2. Fitter Summary
  3. Fitter Settings
  4. Fitter Device Options
  5. Fitter Equations
  6. Pin-Out File
  7. Fitter Resource Usage Summary
  8. Input Pins
  9. Output Pins
 10. I/O Bank Usage
 11. All Package Pins
 12. Output Pin Default Load For Reported TCO
 13. Fitter Resource Utilization by Entity
 14. Delay Chain Summary
 15. Pad To Core Delay Chain Fanout
 16. Control Signals
 17. Global & Other Fast Signals
 18. Non-Global High Fan-Out Signals
 19. Interconnect Usage Summary
 20. LAB Logic Elements
 21. LAB-wide Signals
 22. LAB Signals Sourced
 23. LAB Signals Sourced Out
 24. LAB Distinct Inputs
 25. Fitter Messages



----------------
; Legal Notice ;
----------------
Copyright (C) 1991-2005 Altera Corporation
Your use of Altera Corporation's design tools, logic functions 
and other software and tools, and its AMPP partner logic       
functions, and any output files any of the foregoing           
(including device programming or simulation files), and any    
associated documentation or information are expressly subject  
to the terms and conditions of the Altera Program License      
Subscription Agreement, Altera MegaCore Function License       
Agreement, or other applicable license agreement, including,   
without limitation, that your use is for the sole purpose of   
programming logic devices manufactured by Altera and sold by   
Altera or its authorized distributors.  Please refer to the    
applicable agreement for further details.



+---------------------------------------------------------------------+
; Fitter Summary                                                      ;
+--------------------------+------------------------------------------+
; Fitter Status            ; Successful - Sun Feb 20 12:05:29 2022    ;
; Quartus II Version       ; 5.0 Build 148 04/26/2005 SJ Full Version ;
; Revision Name            ; cache                                    ;
; Top-level Entity Name    ; cache                                    ;
; Family                   ; Stratix                                  ;
; Device                   ; EP1S10F484C5                             ;
; Timing Models            ; Final                                    ;
; Total logic elements     ; 203 / 10,570 ( 1 % )                     ;
; Total pins               ; 164 / 336 ( 48 % )                       ;
; Total virtual pins       ; 0                                        ;
; Total memory bits        ; 0 / 920,448 ( 0 % )                      ;
; DSP block 9-bit elements ; 0 / 48 ( 0 % )                           ;
; Total PLLs               ; 0 / 6 ( 0 % )                            ;
; Total DLLs               ; 0 / 2 ( 0 % )                            ;
+--------------------------+------------------------------------------+


+----------------------------------------------------------------------------------------------------------------------+
; Fitter Settings                                                                                                      ;
+----------------------------------------------------+--------------------------------+--------------------------------+
; Option                                             ; Setting                        ; Default Value                  ;
+----------------------------------------------------+--------------------------------+--------------------------------+
; Device                                             ; AUTO                           ;                                ;
; Use smart compilation                              ; Off                            ; Off                            ;
; Placement Effort Multiplier                        ; 1.0                            ; 1.0                            ;
; Router Effort Multiplier                           ; 1.0                            ; 1.0                            ;
; Optimize Hold Timing                               ; IO Paths and Minimum TPD Paths ; IO Paths and Minimum TPD Paths ;
; Optimize Fast-Corner Timing                        ; Off                            ; Off                            ;
; Optimize Timing                                    ; Normal compilation             ; Normal compilation             ;
; Optimize IOC Register Placement for Timing         ; On                             ; On                             ;
; Limit to One Fitting Attempt                       ; Off                            ; Off                            ;
; Final Placement Optimizations                      ; Automatically                  ; Automatically                  ;
; Fitter Initial Placement Seed                      ; 1                              ; 1                              ;
; Slow Slew Rate                                     ; Off                            ; Off                            ;
; PCI I/O                                            ; Off                            ; Off                            ;
; Weak Pull-Up Resistor                              ; Off                            ; Off                            ;
; Enable Bus-Hold Circuitry                          ; Off                            ; Off                            ;
; Auto Global Memory Control Signals                 ; Off                            ; Off                            ;
; Auto Packed Registers -- Stratix/Stratix GX        ; Auto                           ; Auto                           ;
; Auto Delay Chains                                  ; On                             ; On                             ;
; Auto Merge PLLs                                    ; On                             ; On                             ;
; Perform Physical Synthesis for Combinational Logic ; Off                            ; Off                            ;
; Perform Register Duplication                       ; Off                            ; Off                            ;
; Perform Register Retiming                          ; Off                            ; Off                            ;
; Fitter Effort                                      ; Auto Fit                       ; Auto Fit                       ;
; Physical Synthesis Effort Level                    ; Normal                         ; Normal                         ;
; Logic Cell Insertion - Logic Duplication           ; Auto                           ; Auto                           ;
; Auto Register Duplication                          ; Off                            ; Off                            ;
; Auto Global Clock                                  ; On                             ; On                             ;
; Auto Global Register Control Signals               ; On                             ; On                             ;
+----------------------------------------------------+--------------------------------+--------------------------------+


+-------------------------------------------------------------------------+
; Fitter Device Options                                                   ;
+----------------------------------------------+--------------------------+
; Option                                       ; Setting                  ;
+----------------------------------------------+--------------------------+
; Enable user-supplied start-up clock (CLKUSR) ; Off                      ;
; Enable device-wide reset (DEV_CLRn)          ; Off                      ;
; Enable device-wide output enable (DEV_OE)    ; Off                      ;
; Enable INIT_DONE output                      ; Off                      ;
; Configuration scheme                         ; Passive Serial           ;
; Error detection CRC                          ; Off                      ;
; Reserve Data[0] pin after configuration      ; As input tri-stated      ;
; Reserve all unused pins                      ; As output driving ground ;
; Base pin-out file on sameframe device        ; Off                      ;
+----------------------------------------------+--------------------------+


+------------------+
; Fitter Equations ;
+------------------+
The equations can be found in C:/max2work/lab4sem1/cache/cache.fit.eqn.


+--------------+
; Pin-Out File ;
+--------------+
The pin-out file can be found in C:/max2work/lab4sem1/cache/cache.pin.


+--------------------------------------------------------------------+
; Fitter Resource Usage Summary                                      ;
+---------------------------------------------+----------------------+
; Resource                                    ; Usage                ;
+---------------------------------------------+----------------------+
; Total logic elements                        ; 203 / 10,570 ( 1 % ) ;
;     -- Combinational with no register       ; 40                   ;
;     -- Register only                        ; 96                   ;
;     -- Combinational with a register        ; 67                   ;
;                                             ;                      ;
; Logic element usage by number of LUT inputs ;                      ;
;     -- 4 input functions                    ; 93                   ;
;     -- 3 input functions                    ; 11                   ;
;     -- 2 input functions                    ; 3                    ;
;     -- 1 input functions                    ; 43                   ;
;     -- 0 input functions                    ; 53                   ;
;                                             ;                      ;
; Logic elements by mode                      ;                      ;
;     -- normal mode                          ; 201                  ;
;     -- arithmetic mode                      ; 2                    ;
;     -- qfbk mode                            ; 32                   ;
;     -- register cascade mode                ; 0                    ;
;     -- synchronous clear/load mode          ; 85                   ;
;     -- asynchronous clear/load mode         ; 0                    ;
;                                             ;                      ;
; Total LABs                                  ; 22 / 1,057 ( 2 % )   ;
; Logic elements in carry chains              ; 3                    ;
; User inserted logic elements                ; 0                    ;
; Virtual pins                                ; 0                    ;
; I/O pins                                    ; 164 / 336 ( 48 % )   ;
;     -- Clock pins                           ; 7 / 16 ( 43 % )      ;
; Global signals                              ; 1                    ;
; M512s                                       ; 0 / 94 ( 0 % )       ;
; M4Ks                                        ; 0 / 60 ( 0 % )       ;
; M-RAMs                                      ; 0 / 1 ( 0 % )        ;
; Total memory bits                           ; 0 / 920,448 ( 0 % )  ;
; Total RAM block bits                        ; 0 / 920,448 ( 0 % )  ;
; DSP block 9-bit elements                    ; 0 / 48 ( 0 % )       ;
; Global clocks                               ; 1 / 16 ( 6 % )       ;
; Regional clocks                             ; 0 / 16 ( 0 % )       ;
; Fast regional clocks                        ; 0 / 8 ( 0 % )        ;
; SERDES transmitters                         ; 0 / 44 ( 0 % )       ;
; SERDES receivers                            ; 0 / 44 ( 0 % )       ;
; Maximum fan-out node                        ; CLK                  ;
; Maximum fan-out                             ; 163                  ;
; Total fan-out                               ; 943                  ;
; Average fan-out                             ; 2.56                 ;
+---------------------------------------------+----------------------+


+------------------------------------------------------------------------------------------------------------------------------------------------------------------------------------------------------------------------------------------------------------------+
; Input Pins                                                                                                                                                                                                                                                       ;
+------------+-------+----------+--------------+--------------+-------------+-----------------------+--------------------+--------+----------------+---------------+-----------------+----------+--------------+--------------+-------------+----------------------+
; Name       ; Pin # ; I/O Bank ; X coordinate ; Y coordinate ; Cell number ; Combinational Fan-Out ; Registered Fan-Out ; Global ; Input Register ; Power Up High ; PCI I/O Enabled ; Bus Hold ; Weak Pull Up ; I/O Standard ; Termination ; Location assigned by ;
+------------+-------+----------+--------------+--------------+-------------+-----------------------+--------------------+--------+----------------+---------------+-----------------+----------+--------------+--------------+-------------+----------------------+
; CLK        ; L2    ; 5        ; 53           ; 19           ; 3           ; 163                   ; 0                  ; yes    ; no             ; no            ; no              ; no       ; Off          ; LVTTL        ; Off         ; Fitter               ;
; RD         ; B14   ; 3        ; 21           ; 31           ; 2           ; 1                     ; 0                  ; no     ; no             ; no            ; no              ; no       ; Off          ; LVTTL        ; Off         ; Fitter               ;
; WR         ; F1    ; 5        ; 53           ; 23           ; 3           ; 9                     ; 0                  ; no     ; no             ; no            ; no              ; no       ; Off          ; LVTTL        ; Off         ; Fitter               ;
; inData[0]  ; C9    ; 4        ; 36           ; 31           ; 5           ; 9                     ; 0                  ; no     ; no             ; no            ; no              ; no       ; Off          ; LVTTL        ; Off         ; Fitter               ;
; inData[1]  ; AB11  ; 7        ; 29           ; 0            ; 3           ; 9                     ; 0                  ; no     ; no             ; no            ; no              ; no       ; Off          ; LVTTL        ; Off         ; Fitter               ;
; inData[2]  ; A11   ; 4        ; 29           ; 31           ; 3           ; 9                     ; 0                  ; no     ; no             ; no            ; no              ; no       ; Off          ; LVTTL        ; Off         ; Fitter               ;
; inData[3]  ; F10   ; 4        ; 33           ; 31           ; 2           ; 9                     ; 0                  ; no     ; no             ; no            ; no              ; no       ; Off          ; LVTTL        ; Off         ; Fitter               ;
; inData[4]  ; F9    ; 4        ; 36           ; 31           ; 1           ; 9                     ; 0                  ; no     ; no             ; no            ; no              ; no       ; Off          ; LVTTL        ; Off         ; Fitter               ;
; inData[5]  ; L7    ; 4        ; 36           ; 31           ; 3           ; 9                     ; 0                  ; no     ; no             ; no            ; no              ; no       ; Off          ; LVTTL        ; Off         ; Fitter               ;
; inData[6]  ; K8    ; 4        ; 33           ; 31           ; 5           ; 9                     ; 0                  ; no     ; no             ; no            ; no              ; no       ; Off          ; LVTTL        ; Off         ; Fitter               ;
; inData[7]  ; B11   ; 4        ; 29           ; 31           ; 1           ; 9                     ; 0                  ; no     ; no             ; no            ; no              ; no       ; Off          ; LVTTL        ; Off         ; Fitter               ;
; in_Addr[0] ; A6    ; 4        ; 46           ; 31           ; 2           ; 17                    ; 0                  ; no     ; no             ; no            ; no              ; no       ; Off          ; LVTTL        ; Off         ; Fitter               ;
; in_Addr[1] ; F17   ; 3        ; 7            ; 31           ; 0           ; 17                    ; 0                  ; no     ; no             ; no            ; no              ; no       ; Off          ; LVTTL        ; Off         ; Fitter               ;
; in_Addr[2] ; D15   ; 3        ; 12           ; 31           ; 2           ; 17                    ; 0                  ; no     ; no             ; no            ; no              ; no       ; Off          ; LVTTL        ; Off         ; Fitter               ;
; in_Addr[3] ; G8    ; 4        ; 41           ; 31           ; 4           ; 17                    ; 0                  ; no     ; no             ; no            ; no              ; no       ; Off          ; LVTTL        ; Off         ; Fitter               ;
; in_Addr[4] ; E13   ; 3        ; 21           ; 31           ; 0           ; 17                    ; 0                  ; no     ; no             ; no            ; no              ; no       ; Off          ; LVTTL        ; Off         ; Fitter               ;
; in_Addr[5] ; E17   ; 3        ; 7            ; 31           ; 2           ; 17                    ; 0                  ; no     ; no             ; no            ; no              ; no       ; Off          ; LVTTL        ; Off         ; Fitter               ;
; in_Addr[6] ; AA11  ; 7        ; 29           ; 0            ; 1           ; 17                    ; 0                  ; no     ; no             ; no            ; no              ; no       ; Off          ; LVTTL        ; Off         ; Fitter               ;
; in_Addr[7] ; C18   ; 3        ; 5            ; 31           ; 4           ; 17                    ; 0                  ; no     ; no             ; no            ; no              ; no       ; Off          ; LVTTL        ; Off         ; Fitter               ;
+------------+-------+----------+--------------+--------------+-------------+-----------------------+--------------------+--------+----------------+---------------+-----------------+----------+--------------+--------------+-------------+----------------------+


+---------------------------------------------------------------------------------------------------------------------------------------------------------------------------------------------------------------------------------------------------------------------------------------------------------------------------+
; Output Pins                                                                                                                                                                                                                                                                                                               ;
+------------------+-------+----------+--------------+--------------+-------------+-----------------+------------------------+---------------+----------------+-----------------+------------+---------------+----------+--------------+--------------+------------------+-------------+----------------------+-------------+
; Name             ; Pin # ; I/O Bank ; X coordinate ; Y coordinate ; Cell number ; Output Register ; Output Enable Register ; Power Up High ; Slow Slew Rate ; PCI I/O Enabled ; Open Drain ; TRI Primitive ; Bus Hold ; Weak Pull Up ; I/O Standard ; Current Strength ; Termination ; Location assigned by ; Load        ;
+------------------+-------+----------+--------------+--------------+-------------+-----------------+------------------------+---------------+----------------+-----------------+------------+---------------+----------+--------------+--------------+------------------+-------------+----------------------+-------------+
; Hit              ; G20   ; 2        ; 0            ; 27           ; 1           ; no              ; no                     ; no            ; no             ; no              ; no         ; no            ; no       ; Off          ; LVTTL        ; 24mA             ; Off         ; Fitter               ; Unspecified ;
; localAddrs[0][0] ; C5    ; 4        ; 48           ; 31           ; 4           ; no              ; no                     ; no            ; no             ; no              ; no         ; no            ; no       ; Off          ; LVTTL        ; 24mA             ; Off         ; Fitter               ; Unspecified ;
; localAddrs[0][1] ; J7    ; 4        ; 50           ; 31           ; 0           ; no              ; no                     ; no            ; no             ; no              ; no         ; no            ; no       ; Off          ; LVTTL        ; 24mA             ; Off         ; Fitter               ; Unspecified ;
; localAddrs[0][2] ; B17   ; 3        ; 7            ; 31           ; 3           ; no              ; no                     ; no            ; no             ; no              ; no         ; no            ; no       ; Off          ; LVTTL        ; 24mA             ; Off         ; Fitter               ; Unspecified ;
; localAddrs[0][3] ; B12   ; 9        ; 25           ; 31           ; 2           ; no              ; no                     ; no            ; no             ; no              ; no         ; no            ; no       ; Off          ; LVTTL        ; 24mA             ; Off         ; Fitter               ; Unspecified ;
; localAddrs[0][4] ; L15   ; 3        ; 19           ; 31           ; 0           ; no              ; no                     ; no            ; no             ; no              ; no         ; no            ; no       ; Off          ; LVTTL        ; 24mA             ; Off         ; Fitter               ; Unspecified ;
; localAddrs[0][5] ; D9    ; 4        ; 36           ; 31           ; 2           ; no              ; no                     ; no            ; no             ; no              ; no         ; no            ; no       ; Off          ; LVTTL        ; 24mA             ; Off         ; Fitter               ; Unspecified ;
; localAddrs[0][6] ; D14   ; 3        ; 17           ; 31           ; 2           ; no              ; no                     ; no            ; no             ; no              ; no         ; no            ; no       ; Off          ; LVTTL        ; 24mA             ; Off         ; Fitter               ; Unspecified ;
; localAddrs[0][7] ; C8    ; 4        ; 41           ; 31           ; 3           ; no              ; no                     ; no            ; no             ; no              ; no         ; no            ; no       ; Off          ; LVTTL        ; 24mA             ; Off         ; Fitter               ; Unspecified ;
; localAddrs[1][0] ; G22   ; 2        ; 0            ; 22           ; 2           ; no              ; no                     ; no            ; no             ; no              ; no         ; no            ; no       ; Off          ; LVTTL        ; 24mA             ; Off         ; Fitter               ; Unspecified ;
; localAddrs[1][1] ; AA12  ; 11       ; 25           ; 0            ; 2           ; no              ; no                     ; no            ; no             ; no              ; no         ; no            ; no       ; Off          ; LVTTL        ; 24mA             ; Off         ; Fitter               ; Unspecified ;
; localAddrs[1][2] ; F22   ; 2        ; 0            ; 23           ; 3           ; no              ; no                     ; no            ; no             ; no              ; no         ; no            ; no       ; Off          ; LVTTL        ; 24mA             ; Off         ; Fitter               ; Unspecified ;
; localAddrs[1][3] ; L6    ; 5        ; 53           ; 22           ; 1           ; no              ; no                     ; no            ; no             ; no              ; no         ; no            ; no       ; Off          ; LVTTL        ; 24mA             ; Off         ; Fitter               ; Unspecified ;
; localAddrs[1][4] ; Y12   ; 11       ; 25           ; 0            ; 1           ; no              ; no                     ; no            ; no             ; no              ; no         ; no            ; no       ; Off          ; LVTTL        ; 24mA             ; Off         ; Fitter               ; Unspecified ;
; localAddrs[1][5] ; AA13  ; 11       ; 25           ; 0            ; 4           ; no              ; no                     ; no            ; no             ; no              ; no         ; no            ; no       ; Off          ; LVTTL        ; 24mA             ; Off         ; Fitter               ; Unspecified ;
; localAddrs[1][6] ; A12   ; 9        ; 25           ; 31           ; 3           ; no              ; no                     ; no            ; no             ; no              ; no         ; no            ; no       ; Off          ; LVTTL        ; 24mA             ; Off         ; Fitter               ; Unspecified ;
; localAddrs[1][7] ; L17   ; 2        ; 0            ; 22           ; 0           ; no              ; no                     ; no            ; no             ; no              ; no         ; no            ; no       ; Off          ; LVTTL        ; 24mA             ; Off         ; Fitter               ; Unspecified ;
; localAddrs[2][0] ; B13   ; 9        ; 25           ; 31           ; 5           ; no              ; no                     ; no            ; no             ; no              ; no         ; no            ; no       ; Off          ; LVTTL        ; 24mA             ; Off         ; Fitter               ; Unspecified ;
; localAddrs[2][1] ; L16   ; 3        ; 17           ; 31           ; 1           ; no              ; no                     ; no            ; no             ; no              ; no         ; no            ; no       ; Off          ; LVTTL        ; 24mA             ; Off         ; Fitter               ; Unspecified ;
; localAddrs[2][2] ; M15   ; 3        ; 19           ; 31           ; 3           ; no              ; no                     ; no            ; no             ; no              ; no         ; no            ; no       ; Off          ; LVTTL        ; 24mA             ; Off         ; Fitter               ; Unspecified ;
; localAddrs[2][3] ; F14   ; 3        ; 17           ; 31           ; 3           ; no              ; no                     ; no            ; no             ; no              ; no         ; no            ; no       ; Off          ; LVTTL        ; 24mA             ; Off         ; Fitter               ; Unspecified ;
; localAddrs[2][4] ; B7    ; 4        ; 46           ; 31           ; 5           ; no              ; no                     ; no            ; no             ; no              ; no         ; no            ; no       ; Off          ; LVTTL        ; 24mA             ; Off         ; Fitter               ; Unspecified ;
; localAddrs[2][5] ; A15   ; 3        ; 19           ; 31           ; 1           ; no              ; no                     ; no            ; no             ; no              ; no         ; no            ; no       ; Off          ; LVTTL        ; 24mA             ; Off         ; Fitter               ; Unspecified ;
; localAddrs[2][6] ; A4    ; 4        ; 50           ; 31           ; 3           ; no              ; no                     ; no            ; no             ; no              ; no         ; no            ; no       ; Off          ; LVTTL        ; 24mA             ; Off         ; Fitter               ; Unspecified ;
; localAddrs[2][7] ; E15   ; 3        ; 12           ; 31           ; 3           ; no              ; no                     ; no            ; no             ; no              ; no         ; no            ; no       ; Off          ; LVTTL        ; 24mA             ; Off         ; Fitter               ; Unspecified ;
; localAddrs[3][0] ; C14   ; 3        ; 21           ; 31           ; 3           ; no              ; no                     ; no            ; no             ; no              ; no         ; no            ; no       ; Off          ; LVTTL        ; 24mA             ; Off         ; Fitter               ; Unspecified ;
; localAddrs[3][1] ; C17   ; 3        ; 7            ; 31           ; 1           ; no              ; no                     ; no            ; no             ; no              ; no         ; no            ; no       ; Off          ; LVTTL        ; 24mA             ; Off         ; Fitter               ; Unspecified ;
; localAddrs[3][2] ; D17   ; 3        ; 5            ; 31           ; 5           ; no              ; no                     ; no            ; no             ; no              ; no         ; no            ; no       ; Off          ; LVTTL        ; 24mA             ; Off         ; Fitter               ; Unspecified ;
; localAddrs[3][3] ; B16   ; 3        ; 9            ; 31           ; 3           ; no              ; no                     ; no            ; no             ; no              ; no         ; no            ; no       ; Off          ; LVTTL        ; 24mA             ; Off         ; Fitter               ; Unspecified ;
; localAddrs[3][4] ; J15   ; 3        ; 17           ; 31           ; 5           ; no              ; no                     ; no            ; no             ; no              ; no         ; no            ; no       ; Off          ; LVTTL        ; 24mA             ; Off         ; Fitter               ; Unspecified ;
; localAddrs[3][5] ; G16   ; 3        ; 9            ; 31           ; 2           ; no              ; no                     ; no            ; no             ; no              ; no         ; no            ; no       ; Off          ; LVTTL        ; 24mA             ; Off         ; Fitter               ; Unspecified ;
; localAddrs[3][6] ; C15   ; 3        ; 17           ; 31           ; 4           ; no              ; no                     ; no            ; no             ; no              ; no         ; no            ; no       ; Off          ; LVTTL        ; 24mA             ; Off         ; Fitter               ; Unspecified ;
; localAddrs[3][7] ; F21   ; 2        ; 0            ; 23           ; 2           ; no              ; no                     ; no            ; no             ; no              ; no         ; no            ; no       ; Off          ; LVTTL        ; 24mA             ; Off         ; Fitter               ; Unspecified ;
; localAddrs[4][0] ; J6    ; 5        ; 53           ; 26           ; 1           ; no              ; no                     ; no            ; no             ; no              ; no         ; no            ; no       ; Off          ; LVTTL        ; 24mA             ; Off         ; Fitter               ; Unspecified ;
; localAddrs[4][1] ; G5    ; 5        ; 53           ; 28           ; 1           ; no              ; no                     ; no            ; no             ; no              ; no         ; no            ; no       ; Off          ; LVTTL        ; 24mA             ; Off         ; Fitter               ; Unspecified ;
; localAddrs[4][2] ; C13   ; 9        ; 25           ; 31           ; 4           ; no              ; no                     ; no            ; no             ; no              ; no         ; no            ; no       ; Off          ; LVTTL        ; 24mA             ; Off         ; Fitter               ; Unspecified ;
; localAddrs[4][3] ; C4    ; 4        ; 50           ; 31           ; 5           ; no              ; no                     ; no            ; no             ; no              ; no         ; no            ; no       ; Off          ; LVTTL        ; 24mA             ; Off         ; Fitter               ; Unspecified ;
; localAddrs[4][4] ; B8    ; 4        ; 36           ; 31           ; 4           ; no              ; no                     ; no            ; no             ; no              ; no         ; no            ; no       ; Off          ; LVTTL        ; 24mA             ; Off         ; Fitter               ; Unspecified ;
; localAddrs[4][5] ; B6    ; 4        ; 46           ; 31           ; 0           ; no              ; no                     ; no            ; no             ; no              ; no         ; no            ; no       ; Off          ; LVTTL        ; 24mA             ; Off         ; Fitter               ; Unspecified ;
; localAddrs[4][6] ; F8    ; 4        ; 41           ; 31           ; 0           ; no              ; no                     ; no            ; no             ; no              ; no         ; no            ; no       ; Off          ; LVTTL        ; 24mA             ; Off         ; Fitter               ; Unspecified ;
; localAddrs[4][7] ; C3    ; 4        ; 50           ; 31           ; 4           ; no              ; no                     ; no            ; no             ; no              ; no         ; no            ; no       ; Off          ; LVTTL        ; 24mA             ; Off         ; Fitter               ; Unspecified ;
; localAddrs[5][0] ; J16   ; 3        ; 12           ; 31           ; 5           ; no              ; no                     ; no            ; no             ; no              ; no         ; no            ; no       ; Off          ; LVTTL        ; 24mA             ; Off         ; Fitter               ; Unspecified ;
; localAddrs[5][1] ; B15   ; 3        ; 12           ; 31           ; 1           ; no              ; no                     ; no            ; no             ; no              ; no         ; no            ; no       ; Off          ; LVTTL        ; 24mA             ; Off         ; Fitter               ; Unspecified ;
; localAddrs[5][2] ; K16   ; 3        ; 12           ; 31           ; 4           ; no              ; no                     ; no            ; no             ; no              ; no         ; no            ; no       ; Off          ; LVTTL        ; 24mA             ; Off         ; Fitter               ; Unspecified ;
; localAddrs[5][3] ; H20   ; 2        ; 0            ; 24           ; 1           ; no              ; no                     ; no            ; no             ; no              ; no         ; no            ; no       ; Off          ; LVTTL        ; 24mA             ; Off         ; Fitter               ; Unspecified ;
; localAddrs[5][4] ; C16   ; 3        ; 9            ; 31           ; 0           ; no              ; no                     ; no            ; no             ; no              ; no         ; no            ; no       ; Off          ; LVTTL        ; 24mA             ; Off         ; Fitter               ; Unspecified ;
; localAddrs[5][5] ; E16   ; 3        ; 9            ; 31           ; 5           ; no              ; no                     ; no            ; no             ; no              ; no         ; no            ; no       ; Off          ; LVTTL        ; 24mA             ; Off         ; Fitter               ; Unspecified ;
; localAddrs[5][6] ; C12   ; 9        ; 25           ; 31           ; 1           ; no              ; no                     ; no            ; no             ; no              ; no         ; no            ; no       ; Off          ; LVTTL        ; 24mA             ; Off         ; Fitter               ; Unspecified ;
; localAddrs[5][7] ; A18   ; 3        ; 5            ; 31           ; 3           ; no              ; no                     ; no            ; no             ; no              ; no         ; no            ; no       ; Off          ; LVTTL        ; 24mA             ; Off         ; Fitter               ; Unspecified ;
; localAddrs[6][0] ; H10   ; 4        ; 33           ; 31           ; 1           ; no              ; no                     ; no            ; no             ; no              ; no         ; no            ; no       ; Off          ; LVTTL        ; 24mA             ; Off         ; Fitter               ; Unspecified ;
; localAddrs[6][1] ; F6    ; 4        ; 44           ; 31           ; 0           ; no              ; no                     ; no            ; no             ; no              ; no         ; no            ; no       ; Off          ; LVTTL        ; 24mA             ; Off         ; Fitter               ; Unspecified ;
; localAddrs[6][2] ; E8    ; 4        ; 41           ; 31           ; 2           ; no              ; no                     ; no            ; no             ; no              ; no         ; no            ; no       ; Off          ; LVTTL        ; 24mA             ; Off         ; Fitter               ; Unspecified ;
; localAddrs[6][3] ; B3    ; 4        ; 52           ; 31           ; 5           ; no              ; no                     ; no            ; no             ; no              ; no         ; no            ; no       ; Off          ; LVTTL        ; 24mA             ; Off         ; Fitter               ; Unspecified ;
; localAddrs[6][4] ; C6    ; 4        ; 48           ; 31           ; 0           ; no              ; no                     ; no            ; no             ; no              ; no         ; no            ; no       ; Off          ; LVTTL        ; 24mA             ; Off         ; Fitter               ; Unspecified ;
; localAddrs[6][5] ; J8    ; 4        ; 33           ; 31           ; 4           ; no              ; no                     ; no            ; no             ; no              ; no         ; no            ; no       ; Off          ; LVTTL        ; 24mA             ; Off         ; Fitter               ; Unspecified ;
; localAddrs[6][6] ; D5    ; 4        ; 48           ; 31           ; 5           ; no              ; no                     ; no            ; no             ; no              ; no         ; no            ; no       ; Off          ; LVTTL        ; 24mA             ; Off         ; Fitter               ; Unspecified ;
; localAddrs[6][7] ; E9    ; 4        ; 36           ; 31           ; 0           ; no              ; no                     ; no            ; no             ; no              ; no         ; no            ; no       ; Off          ; LVTTL        ; 24mA             ; Off         ; Fitter               ; Unspecified ;
; localAddrs[7][0] ; A8    ; 4        ; 44           ; 31           ; 5           ; no              ; no                     ; no            ; no             ; no              ; no         ; no            ; no       ; Off          ; LVTTL        ; 24mA             ; Off         ; Fitter               ; Unspecified ;
; localAddrs[7][1] ; D1    ; 5        ; 53           ; 30           ; 2           ; no              ; no                     ; no            ; no             ; no              ; no         ; no            ; no       ; Off          ; LVTTL        ; 24mA             ; Off         ; Fitter               ; Unspecified ;
; localAddrs[7][2] ; F5    ; 5        ; 53           ; 29           ; 1           ; no              ; no                     ; no            ; no             ; no              ; no         ; no            ; no       ; Off          ; LVTTL        ; 24mA             ; Off         ; Fitter               ; Unspecified ;
; localAddrs[7][3] ; E5    ; 4        ; 48           ; 31           ; 1           ; no              ; no                     ; no            ; no             ; no              ; no         ; no            ; no       ; Off          ; LVTTL        ; 24mA             ; Off         ; Fitter               ; Unspecified ;
; localAddrs[7][4] ; D7    ; 4        ; 44           ; 31           ; 2           ; no              ; no                     ; no            ; no             ; no              ; no         ; no            ; no       ; Off          ; LVTTL        ; 24mA             ; Off         ; Fitter               ; Unspecified ;
; localAddrs[7][5] ; B4    ; 4        ; 52           ; 31           ; 1           ; no              ; no                     ; no            ; no             ; no              ; no         ; no            ; no       ; Off          ; LVTTL        ; 24mA             ; Off         ; Fitter               ; Unspecified ;
; localAddrs[7][6] ; E1    ; 5        ; 53           ; 29           ; 3           ; no              ; no                     ; no            ; no             ; no              ; no         ; no            ; no       ; Off          ; LVTTL        ; 24mA             ; Off         ; Fitter               ; Unspecified ;
; localAddrs[7][7] ; G3    ; 5        ; 53           ; 27           ; 1           ; no              ; no                     ; no            ; no             ; no              ; no         ; no            ; no       ; Off          ; LVTTL        ; 24mA             ; Off         ; Fitter               ; Unspecified ;
; localData[0][0]  ; G14   ; 3        ; 19           ; 31           ; 5           ; no              ; no                     ; no            ; no             ; no              ; no         ; no            ; no       ; Off          ; LVTTL        ; 24mA             ; Off         ; Fitter               ; Unspecified ;
; localData[0][1]  ; G9    ; 4        ; 31           ; 31           ; 0           ; no              ; no                     ; no            ; no             ; no              ; no         ; no            ; no       ; Off          ; LVTTL        ; 24mA             ; Off         ; Fitter               ; Unspecified ;
; localData[0][2]  ; J9    ; 4        ; 33           ; 31           ; 0           ; no              ; no                     ; no            ; no             ; no              ; no         ; no            ; no       ; Off          ; LVTTL        ; 24mA             ; Off         ; Fitter               ; Unspecified ;
; localData[0][3]  ; K15   ; 3        ; 19           ; 31           ; 2           ; no              ; no                     ; no            ; no             ; no              ; no         ; no            ; no       ; Off          ; LVTTL        ; 24mA             ; Off         ; Fitter               ; Unspecified ;
; localData[0][4]  ; D12   ; 9        ; 25           ; 31           ; 0           ; no              ; no                     ; no            ; no             ; no              ; no         ; no            ; no       ; Off          ; LVTTL        ; 24mA             ; Off         ; Fitter               ; Unspecified ;
; localData[0][5]  ; E14   ; 3        ; 17           ; 31           ; 0           ; no              ; no                     ; no            ; no             ; no              ; no         ; no            ; no       ; Off          ; LVTTL        ; 24mA             ; Off         ; Fitter               ; Unspecified ;
; localData[0][6]  ; K14   ; 3        ; 19           ; 31           ; 4           ; no              ; no                     ; no            ; no             ; no              ; no         ; no            ; no       ; Off          ; LVTTL        ; 24mA             ; Off         ; Fitter               ; Unspecified ;
; localData[0][7]  ; N10   ; 7        ; 31           ; 0            ; 3           ; no              ; no                     ; no            ; no             ; no              ; no         ; no            ; no       ; Off          ; LVTTL        ; 24mA             ; Off         ; Fitter               ; Unspecified ;
; localData[1][0]  ; K10   ; 4        ; 31           ; 31           ; 3           ; no              ; no                     ; no            ; no             ; no              ; no         ; no            ; no       ; Off          ; LVTTL        ; 24mA             ; Off         ; Fitter               ; Unspecified ;
; localData[1][1]  ; G2    ; 5        ; 53           ; 22           ; 3           ; no              ; no                     ; no            ; no             ; no              ; no         ; no            ; no       ; Off          ; LVTTL        ; 24mA             ; Off         ; Fitter               ; Unspecified ;
; localData[1][2]  ; U9    ; 7        ; 36           ; 0            ; 5           ; no              ; no                     ; no            ; no             ; no              ; no         ; no            ; no       ; Off          ; LVTTL        ; 24mA             ; Off         ; Fitter               ; Unspecified ;
; localData[1][3]  ; G21   ; 2        ; 0            ; 22           ; 3           ; no              ; no                     ; no            ; no             ; no              ; no         ; no            ; no       ; Off          ; LVTTL        ; 24mA             ; Off         ; Fitter               ; Unspecified ;
; localData[1][4]  ; D8    ; 4        ; 41           ; 31           ; 1           ; no              ; no                     ; no            ; no             ; no              ; no         ; no            ; no       ; Off          ; LVTTL        ; 24mA             ; Off         ; Fitter               ; Unspecified ;
; localData[1][5]  ; H2    ; 5        ; 53           ; 21           ; 2           ; no              ; no                     ; no            ; no             ; no              ; no         ; no            ; no       ; Off          ; LVTTL        ; 24mA             ; Off         ; Fitter               ; Unspecified ;
; localData[1][6]  ; P9    ; 7        ; 33           ; 0            ; 3           ; no              ; no                     ; no            ; no             ; no              ; no         ; no            ; no       ; Off          ; LVTTL        ; 24mA             ; Off         ; Fitter               ; Unspecified ;
; localData[1][7]  ; R8    ; 7        ; 31           ; 0            ; 0           ; no              ; no                     ; no            ; no             ; no              ; no         ; no            ; no       ; Off          ; LVTTL        ; 24mA             ; Off         ; Fitter               ; Unspecified ;
; localData[2][0]  ; B5    ; 4        ; 48           ; 31           ; 2           ; no              ; no                     ; no            ; no             ; no              ; no         ; no            ; no       ; Off          ; LVTTL        ; 24mA             ; Off         ; Fitter               ; Unspecified ;
; localData[2][1]  ; H17   ; 2        ; 0            ; 25           ; 1           ; no              ; no                     ; no            ; no             ; no              ; no         ; no            ; no       ; Off          ; LVTTL        ; 24mA             ; Off         ; Fitter               ; Unspecified ;
; localData[2][2]  ; J19   ; 2        ; 0            ; 26           ; 1           ; no              ; no                     ; no            ; no             ; no              ; no         ; no            ; no       ; Off          ; LVTTL        ; 24mA             ; Off         ; Fitter               ; Unspecified ;
; localData[2][3]  ; K17   ; 2        ; 0            ; 23           ; 1           ; no              ; no                     ; no            ; no             ; no              ; no         ; no            ; no       ; Off          ; LVTTL        ; 24mA             ; Off         ; Fitter               ; Unspecified ;
; localData[2][4]  ; F3    ; 5        ; 53           ; 30           ; 1           ; no              ; no                     ; no            ; no             ; no              ; no         ; no            ; no       ; Off          ; LVTTL        ; 24mA             ; Off         ; Fitter               ; Unspecified ;
; localData[2][5]  ; D18   ; 3        ; 5            ; 31           ; 1           ; no              ; no                     ; no            ; no             ; no              ; no         ; no            ; no       ; Off          ; LVTTL        ; 24mA             ; Off         ; Fitter               ; Unspecified ;
; localData[2][6]  ; A16   ; 3        ; 9            ; 31           ; 4           ; no              ; no                     ; no            ; no             ; no              ; no         ; no            ; no       ; Off          ; LVTTL        ; 24mA             ; Off         ; Fitter               ; Unspecified ;
; localData[2][7]  ; G19   ; 2        ; 0            ; 27           ; 0           ; no              ; no                     ; no            ; no             ; no              ; no         ; no            ; no       ; Off          ; LVTTL        ; 24mA             ; Off         ; Fitter               ; Unspecified ;
; localData[3][0]  ; D16   ; 3        ; 9            ; 31           ; 1           ; no              ; no                     ; no            ; no             ; no              ; no         ; no            ; no       ; Off          ; LVTTL        ; 24mA             ; Off         ; Fitter               ; Unspecified ;
; localData[3][1]  ; AB12  ; 11       ; 25           ; 0            ; 3           ; no              ; no                     ; no            ; no             ; no              ; no         ; no            ; no       ; Off          ; LVTTL        ; 24mA             ; Off         ; Fitter               ; Unspecified ;
; localData[3][2]  ; N2    ; 6        ; 53           ; 11           ; 0           ; no              ; no                     ; no            ; no             ; no              ; no         ; no            ; no       ; Off          ; LVTTL        ; 24mA             ; Off         ; Fitter               ; Unspecified ;
; localData[3][3]  ; W8    ; 7        ; 41           ; 0            ; 1           ; no              ; no                     ; no            ; no             ; no              ; no         ; no            ; no       ; Off          ; LVTTL        ; 24mA             ; Off         ; Fitter               ; Unspecified ;
; localData[3][4]  ; K2    ; 5        ; 53           ; 20           ; 1           ; no              ; no                     ; no            ; no             ; no              ; no         ; no            ; no       ; Off          ; LVTTL        ; 24mA             ; Off         ; Fitter               ; Unspecified ;
; localData[3][5]  ; T10   ; 7        ; 33           ; 0            ; 0           ; no              ; no                     ; no            ; no             ; no              ; no         ; no            ; no       ; Off          ; LVTTL        ; 24mA             ; Off         ; Fitter               ; Unspecified ;
; localData[3][6]  ; T9    ; 7        ; 33           ; 0            ; 5           ; no              ; no                     ; no            ; no             ; no              ; no         ; no            ; no       ; Off          ; LVTTL        ; 24mA             ; Off         ; Fitter               ; Unspecified ;
; localData[3][7]  ; B2    ; 4        ; 52           ; 31           ; 2           ; no              ; no                     ; no            ; no             ; no              ; no         ; no            ; no       ; Off          ; LVTTL        ; 24mA             ; Off         ; Fitter               ; Unspecified ;
; localData[4][0]  ; E7    ; 4        ; 44           ; 31           ; 1           ; no              ; no                     ; no            ; no             ; no              ; no         ; no            ; no       ; Off          ; LVTTL        ; 24mA             ; Off         ; Fitter               ; Unspecified ;
; localData[4][1]  ; A5    ; 4        ; 48           ; 31           ; 3           ; no              ; no                     ; no            ; no             ; no              ; no         ; no            ; no       ; Off          ; LVTTL        ; 24mA             ; Off         ; Fitter               ; Unspecified ;
; localData[4][2]  ; H3    ; 5        ; 53           ; 24           ; 1           ; no              ; no                     ; no            ; no             ; no              ; no         ; no            ; no       ; Off          ; LVTTL        ; 24mA             ; Off         ; Fitter               ; Unspecified ;
; localData[4][3]  ; D6    ; 4        ; 46           ; 31           ; 4           ; no              ; no                     ; no            ; no             ; no              ; no         ; no            ; no       ; Off          ; LVTTL        ; 24mA             ; Off         ; Fitter               ; Unspecified ;
; localData[4][4]  ; F2    ; 5        ; 53           ; 23           ; 2           ; no              ; no                     ; no            ; no             ; no              ; no         ; no            ; no       ; Off          ; LVTTL        ; 24mA             ; Off         ; Fitter               ; Unspecified ;
; localData[4][5]  ; H1    ; 5        ; 53           ; 21           ; 3           ; no              ; no                     ; no            ; no             ; no              ; no         ; no            ; no       ; Off          ; LVTTL        ; 24mA             ; Off         ; Fitter               ; Unspecified ;
; localData[4][6]  ; G1    ; 5        ; 53           ; 22           ; 2           ; no              ; no                     ; no            ; no             ; no              ; no         ; no            ; no       ; Off          ; LVTTL        ; 24mA             ; Off         ; Fitter               ; Unspecified ;
; localData[4][7]  ; K6    ; 5        ; 53           ; 23           ; 1           ; no              ; no                     ; no            ; no             ; no              ; no         ; no            ; no       ; Off          ; LVTTL        ; 24mA             ; Off         ; Fitter               ; Unspecified ;
; localData[5][0]  ; C2    ; 4        ; 52           ; 31           ; 0           ; no              ; no                     ; no            ; no             ; no              ; no         ; no            ; no       ; Off          ; LVTTL        ; 24mA             ; Off         ; Fitter               ; Unspecified ;
; localData[5][1]  ; E2    ; 5        ; 53           ; 29           ; 2           ; no              ; no                     ; no            ; no             ; no              ; no         ; no            ; no       ; Off          ; LVTTL        ; 24mA             ; Off         ; Fitter               ; Unspecified ;
; localData[5][2]  ; D4    ; 4        ; 50           ; 31           ; 2           ; no              ; no                     ; no            ; no             ; no              ; no         ; no            ; no       ; Off          ; LVTTL        ; 24mA             ; Off         ; Fitter               ; Unspecified ;
; localData[5][3]  ; N8    ; 7        ; 33           ; 0            ; 4           ; no              ; no                     ; no            ; no             ; no              ; no         ; no            ; no       ; Off          ; LVTTL        ; 24mA             ; Off         ; Fitter               ; Unspecified ;
; localData[5][4]  ; P8    ; 7        ; 36           ; 0            ; 2           ; no              ; no                     ; no            ; no             ; no              ; no         ; no            ; no       ; Off          ; LVTTL        ; 24mA             ; Off         ; Fitter               ; Unspecified ;
; localData[5][5]  ; N3    ; 6        ; 53           ; 11           ; 1           ; no              ; no                     ; no            ; no             ; no              ; no         ; no            ; no       ; Off          ; LVTTL        ; 24mA             ; Off         ; Fitter               ; Unspecified ;
; localData[5][6]  ; V8    ; 7        ; 41           ; 0            ; 3           ; no              ; no                     ; no            ; no             ; no              ; no         ; no            ; no       ; Off          ; LVTTL        ; 24mA             ; Off         ; Fitter               ; Unspecified ;
; localData[5][7]  ; V9    ; 7        ; 36           ; 0            ; 4           ; no              ; no                     ; no            ; no             ; no              ; no         ; no            ; no       ; Off          ; LVTTL        ; 24mA             ; Off         ; Fitter               ; Unspecified ;
; localData[6][0]  ; A7    ; 4        ; 44           ; 31           ; 4           ; no              ; no                     ; no            ; no             ; no              ; no         ; no            ; no       ; Off          ; LVTTL        ; 24mA             ; Off         ; Fitter               ; Unspecified ;
; localData[6][1]  ; J4    ; 5        ; 53           ; 25           ; 1           ; no              ; no                     ; no            ; no             ; no              ; no         ; no            ; no       ; Off          ; LVTTL        ; 24mA             ; Off         ; Fitter               ; Unspecified ;
; localData[6][2]  ; C7    ; 4        ; 44           ; 31           ; 3           ; no              ; no                     ; no            ; no             ; no              ; no         ; no            ; no       ; Off          ; LVTTL        ; 24mA             ; Off         ; Fitter               ; Unspecified ;
; localData[6][3]  ; G4    ; 5        ; 53           ; 27           ; 0           ; no              ; no                     ; no            ; no             ; no              ; no         ; no            ; no       ; Off          ; LVTTL        ; 24mA             ; Off         ; Fitter               ; Unspecified ;
; localData[6][4]  ; J3    ; 5        ; 53           ; 21           ; 0           ; no              ; no                     ; no            ; no             ; no              ; no         ; no            ; no       ; Off          ; LVTTL        ; 24mA             ; Off         ; Fitter               ; Unspecified ;
; localData[6][5]  ; F7    ; 4        ; 46           ; 31           ; 1           ; no              ; no                     ; no            ; no             ; no              ; no         ; no            ; no       ; Off          ; LVTTL        ; 24mA             ; Off         ; Fitter               ; Unspecified ;
; localData[6][6]  ; H4    ; 5        ; 53           ; 24           ; 0           ; no              ; no                     ; no            ; no             ; no              ; no         ; no            ; no       ; Off          ; LVTTL        ; 24mA             ; Off         ; Fitter               ; Unspecified ;
; localData[6][7]  ; M8    ; 7        ; 33           ; 0            ; 2           ; no              ; no                     ; no            ; no             ; no              ; no         ; no            ; no       ; Off          ; LVTTL        ; 24mA             ; Off         ; Fitter               ; Unspecified ;
; localData[7][0]  ; F4    ; 5        ; 53           ; 30           ; 0           ; no              ; no                     ; no            ; no             ; no              ; no         ; no            ; no       ; Off          ; LVTTL        ; 24mA             ; Off         ; Fitter               ; Unspecified ;
; localData[7][1]  ; K7    ; 4        ; 50           ; 31           ; 1           ; no              ; no                     ; no            ; no             ; no              ; no         ; no            ; no       ; Off          ; LVTTL        ; 24mA             ; Off         ; Fitter               ; Unspecified ;
; localData[7][2]  ; G7    ; 4        ; 52           ; 31           ; 4           ; no              ; no                     ; no            ; no             ; no              ; no         ; no            ; no       ; Off          ; LVTTL        ; 24mA             ; Off         ; Fitter               ; Unspecified ;
; localData[7][3]  ; T8    ; 7        ; 41           ; 0            ; 5           ; no              ; no                     ; no            ; no             ; no              ; no         ; no            ; no       ; Off          ; LVTTL        ; 24mA             ; Off         ; Fitter               ; Unspecified ;
; localData[7][4]  ; J2    ; 5        ; 53           ; 21           ; 1           ; no              ; no                     ; no            ; no             ; no              ; no         ; no            ; no       ; Off          ; LVTTL        ; 24mA             ; Off         ; Fitter               ; Unspecified ;
; localData[7][5]  ; R1    ; 6        ; 53           ; 10           ; 2           ; no              ; no                     ; no            ; no             ; no              ; no         ; no            ; no       ; Off          ; LVTTL        ; 24mA             ; Off         ; Fitter               ; Unspecified ;
; localData[7][6]  ; Y8    ; 7        ; 36           ; 0            ; 3           ; no              ; no                     ; no            ; no             ; no              ; no         ; no            ; no       ; Off          ; LVTTL        ; 24mA             ; Off         ; Fitter               ; Unspecified ;
; localData[7][7]  ; J20   ; 2        ; 0            ; 21           ; 0           ; no              ; no                     ; no            ; no             ; no              ; no         ; no            ; no       ; Off          ; LVTTL        ; 24mA             ; Off         ; Fitter               ; Unspecified ;
; outAddr[0]       ; E6    ; 4        ; 46           ; 31           ; 3           ; no              ; no                     ; no            ; no             ; no              ; no         ; no            ; no       ; Off          ; LVTTL        ; 24mA             ; Off         ; Fitter               ; Unspecified ;
; outAddr[1]       ; A17   ; 3        ; 7            ; 31           ; 5           ; no              ; no                     ; no            ; no             ; no              ; no         ; no            ; no       ; Off          ; LVTTL        ; 24mA             ; Off         ; Fitter               ; Unspecified ;
; outAddr[2]       ; F15   ; 3        ; 12           ; 31           ; 0           ; no              ; no                     ; no            ; no             ; no              ; no         ; no            ; no       ; Off          ; LVTTL        ; 24mA             ; Off         ; Fitter               ; Unspecified ;
; outAddr[3]       ; H8    ; 4        ; 41           ; 31           ; 5           ; no              ; no                     ; no            ; no             ; no              ; no         ; no            ; no       ; Off          ; LVTTL        ; 24mA             ; Off         ; Fitter               ; Unspecified ;
; outAddr[4]       ; D13   ; 3        ; 21           ; 31           ; 1           ; no              ; no                     ; no            ; no             ; no              ; no         ; no            ; no       ; Off          ; LVTTL        ; 24mA             ; Off         ; Fitter               ; Unspecified ;
; outAddr[5]       ; F16   ; 3        ; 7            ; 31           ; 4           ; no              ; no                     ; no            ; no             ; no              ; no         ; no            ; no       ; Off          ; LVTTL        ; 24mA             ; Off         ; Fitter               ; Unspecified ;
; outAddr[6]       ; P10   ; 7        ; 33           ; 0            ; 1           ; no              ; no                     ; no            ; no             ; no              ; no         ; no            ; no       ; Off          ; LVTTL        ; 24mA             ; Off         ; Fitter               ; Unspecified ;
; outAddr[7]       ; B18   ; 3        ; 5            ; 31           ; 0           ; no              ; no                     ; no            ; no             ; no              ; no         ; no            ; no       ; Off          ; LVTTL        ; 24mA             ; Off         ; Fitter               ; Unspecified ;
; outData[0]       ; D3    ; 4        ; 52           ; 31           ; 3           ; no              ; no                     ; no            ; no             ; no              ; no         ; no            ; no       ; Off          ; LVTTL        ; 24mA             ; Off         ; Fitter               ; Unspecified ;
; outData[1]       ; D2    ; 5        ; 53           ; 30           ; 3           ; no              ; no                     ; no            ; no             ; no              ; no         ; no            ; no       ; Off          ; LVTTL        ; 24mA             ; Off         ; Fitter               ; Unspecified ;
; outData[2]       ; K3    ; 5        ; 53           ; 20           ; 0           ; no              ; no                     ; no            ; no             ; no              ; no         ; no            ; no       ; Off          ; LVTTL        ; 24mA             ; Off         ; Fitter               ; Unspecified ;
; outData[3]       ; Y13   ; 11       ; 25           ; 0            ; 5           ; no              ; no                     ; no            ; no             ; no              ; no         ; no            ; no       ; Off          ; LVTTL        ; 24mA             ; Off         ; Fitter               ; Unspecified ;
; outData[4]       ; H19   ; 2        ; 0            ; 24           ; 0           ; no              ; no                     ; no            ; no             ; no              ; no         ; no            ; no       ; Off          ; LVTTL        ; 24mA             ; Off         ; Fitter               ; Unspecified ;
; outData[5]       ; AA8   ; 7        ; 36           ; 0            ; 1           ; no              ; no                     ; no            ; no             ; no              ; no         ; no            ; no       ; Off          ; LVTTL        ; 24mA             ; Off         ; Fitter               ; Unspecified ;
; outData[6]       ; Y9    ; 7        ; 36           ; 0            ; 0           ; no              ; no                     ; no            ; no             ; no              ; no         ; no            ; no       ; Off          ; LVTTL        ; 24mA             ; Off         ; Fitter               ; Unspecified ;
; outData[7]       ; W12   ; 11       ; 25           ; 0            ; 0           ; no              ; no                     ; no            ; no             ; no              ; no         ; no            ; no       ; Off          ; LVTTL        ; 24mA             ; Off         ; Fitter               ; Unspecified ;
+------------------+-------+----------+--------------+--------------+-------------+-----------------+------------------------+---------------+----------------+-----------------+------------+---------------+----------+--------------+--------------+------------------+-------------+----------------------+-------------+


+-------------------------------------------------------------+
; I/O Bank Usage                                              ;
+----------+-------------------+---------------+--------------+
; I/O Bank ; Usage             ; VCCIO Voltage ; VREF Voltage ;
+----------+-------------------+---------------+--------------+
; 1        ; 0 / 29 ( 0 % )    ; 3.3V          ; --           ;
; 2        ; 13 / 30 ( 43 % )  ; 3.3V          ; --           ;
; 3        ; 39 / 51 ( 76 % )  ; 3.3V          ; --           ;
; 4        ; 52 / 52 ( 100 % ) ; 3.3V          ; --           ;
; 5        ; 27 / 29 ( 93 % )  ; 3.3V          ; --           ;
; 6        ; 3 / 29 ( 10 % )   ; 3.3V          ; --           ;
; 7        ; 19 / 52 ( 36 % )  ; 3.3V          ; --           ;
; 8        ; 0 / 51 ( 0 % )    ; 3.3V          ; --           ;
; 9        ; 6 / 6 ( 100 % )   ; 3.3V          ; --           ;
; 11       ; 6 / 6 ( 100 % )   ; 3.3V          ; --           ;
+----------+-------------------+---------------+--------------+


+---------------------------------------------------------------------------------------------------------------------------------------------+
; All Package Pins                                                                                                                            ;
+----------+------------+----------+---------------------------+--------+--------------+---------+------------+-------------+-----------------+
; Location ; Pad Number ; I/O Bank ; Pin Name/Usage            ; Dir.   ; I/O Standard ; Voltage ; I/O Type   ; Termination ; User Assignment ;
+----------+------------+----------+---------------------------+--------+--------------+---------+------------+-------------+-----------------+
; A1       ;            ;          ; VCCINT                    ; power  ;              ; 1.5V    ; --         ; --          ;                 ;
; A2       ;            ;          ; GND                       ; gnd    ;              ;         ; --         ; --          ;                 ;
; A3       ;            ; 4        ; VCCIO4                    ; power  ;              ; 3.3V    ; --         ; --          ;                 ;
; A4       ; 339        ; 4        ; localAddrs[2][6]          ; output ; LVTTL        ;         ; Column I/O ; Off         ; N               ;
; A5       ; 346        ; 4        ; localData[4][1]           ; output ; LVTTL        ;         ; Column I/O ; Off         ; N               ;
; A6       ; 351        ; 4        ; in_Addr[0]                ; input  ; LVTTL        ;         ; Column I/O ; Off         ; N               ;
; A7       ; 355        ; 4        ; localData[6][0]           ; output ; LVTTL        ;         ; Column I/O ; Off         ; N               ;
; A8       ; 356        ; 4        ; localAddrs[7][0]          ; output ; LVTTL        ;         ; Column I/O ; Off         ; N               ;
; A9       ;            ;          ; GND                       ; gnd    ;              ;         ; --         ; --          ;                 ;
; A10      ;            ; 4        ; VCCIO4                    ; power  ;              ; 3.3V    ; --         ; --          ;                 ;
; A11      ; 389        ; 4        ; inData[2]                 ; input  ; LVTTL        ;         ; Column I/O ; Off         ; N               ;
; A12      ; 395        ; 9        ; localAddrs[1][6]          ; output ; LVTTL        ;         ; Column I/O ; Off         ; N               ;
; A13      ;            ; 3        ; VCCIO3                    ; power  ;              ; 3.3V    ; --         ; --          ;                 ;
; A14      ;            ;          ; GND                       ; gnd    ;              ;         ; --         ; --          ;                 ;
; A15      ; 416        ; 3        ; localAddrs[2][5]          ; output ; LVTTL        ;         ; Column I/O ; Off         ; N               ;
; A16      ; 429        ; 3        ; localData[2][6]           ; output ; LVTTL        ;         ; Column I/O ; Off         ; N               ;
; A17      ; 436        ; 3        ; outAddr[1]                ; output ; LVTTL        ;         ; Column I/O ; Off         ; N               ;
; A18      ; 444        ; 3        ; localAddrs[5][7]          ; output ; LVTTL        ;         ; Column I/O ; Off         ; N               ;
; A19      ; 450        ; 3        ; GND*                      ;        ;              ;         ; Column I/O ; --          ;                 ;
; A20      ;            ; 3        ; VCCIO3                    ; power  ;              ; 3.3V    ; --         ; --          ;                 ;
; A21      ;            ;          ; GND                       ; gnd    ;              ;         ; --         ; --          ;                 ;
; A22      ;            ;          ; VCCINT                    ; power  ;              ; 1.5V    ; --         ; --          ;                 ;
; AA1      ;            ;          ; GND                       ; gnd    ;              ;         ; --         ; --          ;                 ;
; AA2      ; 225        ; 7        ; GND*                      ;        ;              ;         ; Column I/O ; --          ;                 ;
; AA3      ; 224        ; 7        ; GND*                      ;        ;              ;         ; Column I/O ; --          ;                 ;
; AA4      ; 220        ; 7        ; GND*                      ;        ;              ;         ; Column I/O ; --          ;                 ;
; AA5      ; 216        ; 7        ; GND*                      ;        ;              ;         ; Column I/O ; --          ;                 ;
; AA6      ; 210        ; 7        ; GND*                      ;        ;              ;         ; Column I/O ; --          ;                 ;
; AA7      ; 204        ; 7        ; GND*                      ;        ;              ;         ; Column I/O ; --          ;                 ;
; AA8      ; 187        ; 7        ; outData[5]                ; output ; LVTTL        ;         ; Column I/O ; Off         ; N               ;
; AA9      ;            ;          ; NC                        ;        ;              ;         ; --         ; --          ;                 ;
; AA10     ;            ;          ; NC                        ;        ;              ;         ; --         ; --          ;                 ;
; AA11     ; 168        ; 7        ; in_Addr[6]                ; input  ; LVTTL        ;         ; Column I/O ; Off         ; N               ;
; AA12     ; 165        ; 11       ; localAddrs[1][1]          ; output ; LVTTL        ;         ; Column I/O ; Off         ; N               ;
; AA13     ; 167        ; 11       ; localAddrs[1][5]          ; output ; LVTTL        ;         ; Column I/O ; Off         ; N               ;
; AA14     ; 153        ; 8        ; GND+                      ;        ;              ;         ; Column I/O ; --          ;                 ;
; AA15     ; 131        ; 8        ; GND*                      ;        ;              ;         ; Column I/O ; --          ;                 ;
; AA16     ; 125        ; 8        ; GND*                      ;        ;              ;         ; Column I/O ; --          ;                 ;
; AA17     ; 111        ; 8        ; GND*                      ;        ;              ;         ; Column I/O ; --          ;                 ;
; AA18     ; 109        ; 8        ; GND*                      ;        ;              ;         ; Column I/O ; --          ;                 ;
; AA19     ; 108        ; 8        ; GND*                      ;        ;              ;         ; Column I/O ; --          ;                 ;
; AA20     ; 103        ; 8        ; GND*                      ;        ;              ;         ; Column I/O ; --          ;                 ;
; AA21     ; 102        ; 8        ; GND*                      ;        ;              ;         ; Column I/O ; --          ;                 ;
; AA22     ;            ;          ; GND                       ; gnd    ;              ;         ; --         ; --          ;                 ;
; AB1      ;            ;          ; VCCINT                    ; power  ;              ; 1.5V    ; --         ; --          ;                 ;
; AB2      ;            ;          ; GND                       ; gnd    ;              ;         ; --         ; --          ;                 ;
; AB3      ;            ; 7        ; VCCIO7                    ; power  ;              ; 3.3V    ; --         ; --          ;                 ;
; AB4      ; 221        ; 7        ; GND*                      ;        ;              ;         ; Column I/O ; --          ;                 ;
; AB5      ; 213        ; 7        ; GND*                      ;        ;              ;         ; Column I/O ; --          ;                 ;
; AB6      ; 212        ; 7        ; GND*                      ;        ;              ;         ; Column I/O ; --          ;                 ;
; AB7      ; 203        ; 7        ; GND*                      ;        ;              ;         ; Column I/O ; --          ;                 ;
; AB8      ; 201        ; 7        ; GND*                      ;        ;              ;         ; Column I/O ; --          ;                 ;
; AB9      ;            ;          ; GND                       ; gnd    ;              ;         ; --         ; --          ;                 ;
; AB10     ;            ; 7        ; VCCIO7                    ; power  ;              ; 3.3V    ; --         ; --          ;                 ;
; AB11     ; 170        ; 7        ; inData[1]                 ; input  ; LVTTL        ;         ; Column I/O ; Off         ; N               ;
; AB12     ; 164        ; 11       ; localData[3][1]           ; output ; LVTTL        ;         ; Column I/O ; Off         ; N               ;
; AB13     ;            ; 8        ; VCCIO8                    ; power  ;              ; 3.3V    ; --         ; --          ;                 ;
; AB14     ;            ;          ; GND                       ; gnd    ;              ;         ; --         ; --          ;                 ;
; AB15     ; 132        ; 8        ; GND*                      ;        ;              ;         ; Column I/O ; --          ;                 ;
; AB16     ; 129        ; 8        ; GND*                      ;        ;              ;         ; Column I/O ; --          ;                 ;
; AB17     ; 118        ; 8        ; GND*                      ;        ;              ;         ; Column I/O ; --          ;                 ;
; AB18     ; 113        ; 8        ; GND*                      ;        ;              ;         ; Column I/O ; --          ;                 ;
; AB19     ; 110        ; 8        ; GND*                      ;        ;              ;         ; Column I/O ; --          ;                 ;
; AB20     ;            ; 8        ; VCCIO8                    ; power  ;              ; 3.3V    ; --         ; --          ;                 ;
; AB21     ;            ;          ; GND                       ; gnd    ;              ;         ; --         ; --          ;                 ;
; AB22     ;            ;          ; VCCINT                    ; power  ;              ; 1.5V    ; --         ; --          ;                 ;
; B1       ;            ;          ; GND                       ; gnd    ;              ;         ; --         ; --          ;                 ;
; B2       ; 332        ; 4        ; localData[3][7]           ; output ; LVTTL        ;         ; Column I/O ; Off         ; N               ;
; B3       ; 331        ; 4        ; localAddrs[6][3]          ; output ; LVTTL        ;         ; Column I/O ; Off         ; N               ;
; B4       ; 335        ; 4        ; localAddrs[7][5]          ; output ; LVTTL        ;         ; Column I/O ; Off         ; N               ;
; B5       ; 345        ; 4        ; localData[2][0]           ; output ; LVTTL        ;         ; Column I/O ; Off         ; N               ;
; B6       ; 353        ; 4        ; localAddrs[4][5]          ; output ; LVTTL        ;         ; Column I/O ; Off         ; N               ;
; B7       ; 350        ; 4        ; localAddrs[2][4]          ; output ; LVTTL        ;         ; Column I/O ; Off         ; N               ;
; B8       ; 367        ; 4        ; localAddrs[4][4]          ; output ; LVTTL        ;         ; Column I/O ; Off         ; N               ;
; B9       ;            ;          ; NC                        ;        ;              ;         ; --         ; --          ;                 ;
; B10      ;            ;          ; NC                        ;        ;              ;         ; --         ; --          ;                 ;
; B11      ; 391        ; 4        ; inData[7]                 ; input  ; LVTTL        ;         ; Column I/O ; Off         ; N               ;
; B12      ; 394        ; 9        ; localAddrs[0][3]          ; output ; LVTTL        ;         ; Column I/O ; Off         ; N               ;
; B13      ; 393        ; 9        ; localAddrs[2][0]          ; output ; LVTTL        ;         ; Column I/O ; Off         ; N               ;
; B14      ; 406        ; 3        ; RD                        ; input  ; LVTTL        ;         ; Column I/O ; Off         ; N               ;
; B15      ; 428        ; 3        ; localAddrs[5][1]          ; output ; LVTTL        ;         ; Column I/O ; Off         ; N               ;
; B16      ; 432        ; 3        ; localAddrs[3][3]          ; output ; LVTTL        ;         ; Column I/O ; Off         ; N               ;
; B17      ; 438        ; 3        ; localAddrs[0][2]          ; output ; LVTTL        ;         ; Column I/O ; Off         ; N               ;
; B18      ; 445        ; 3        ; outAddr[7]                ; output ; LVTTL        ;         ; Column I/O ; Off         ; N               ;
; B19      ; 451        ; 3        ; GND*                      ;        ;              ;         ; Column I/O ; --          ;                 ;
; B20      ; 455        ; 3        ; GND*                      ;        ;              ;         ; Column I/O ; --          ;                 ;
; B21      ; 456        ; 3        ; GND*                      ;        ;              ;         ; Column I/O ; --          ;                 ;
; B22      ;            ;          ; GND                       ; gnd    ;              ;         ; --         ; --          ;                 ;
; C1       ;            ; 5        ; VCCIO5                    ; power  ;              ; 3.3V    ; --         ; --          ;                 ;
; C2       ; 334        ; 4        ; localData[5][0]           ; output ; LVTTL        ;         ; Column I/O ; Off         ; N               ;
; C3       ; 336        ; 4        ; localAddrs[4][7]          ; output ; LVTTL        ;         ; Column I/O ; Off         ; N               ;
; C4       ; 337        ; 4        ; localAddrs[4][3]          ; output ; LVTTL        ;         ; Column I/O ; Off         ; N               ;
; C5       ; 343        ; 4        ; localAddrs[0][0]          ; output ; LVTTL        ;         ; Column I/O ; Off         ; N               ;
; C6       ; 347        ; 4        ; localAddrs[6][4]          ; output ; LVTTL        ;         ; Column I/O ; Off         ; N               ;
; C7       ; 358        ; 4        ; localData[6][2]           ; output ; LVTTL        ;         ; Column I/O ; Off         ; N               ;
; C8       ; 364        ; 4        ; localAddrs[0][7]          ; output ; LVTTL        ;         ; Column I/O ; Off         ; N               ;
; C9       ; 368        ; 4        ; inData[0]                 ; input  ; LVTTL        ;         ; Column I/O ; Off         ; N               ;
; C10      ;            ;          ; NC                        ;        ;              ;         ; --         ; --          ;                 ;
; C11      ;            ;          ; NC                        ;        ;              ;         ; --         ; --          ;                 ;
; C12      ; 397        ; 9        ; localAddrs[5][6]          ; output ; LVTTL        ;         ; Column I/O ; Off         ; N               ;
; C13      ; 392        ; 9        ; localAddrs[4][2]          ; output ; LVTTL        ;         ; Column I/O ; Off         ; N               ;
; C14      ; 407        ; 3        ; localAddrs[3][0]          ; output ; LVTTL        ;         ; Column I/O ; Off         ; N               ;
; C15      ; 417        ; 3        ; localAddrs[3][6]          ; output ; LVTTL        ;         ; Column I/O ; Off         ; N               ;
; C16      ; 433        ; 3        ; localAddrs[5][4]          ; output ; LVTTL        ;         ; Column I/O ; Off         ; N               ;
; C17      ; 440        ; 3        ; localAddrs[3][1]          ; output ; LVTTL        ;         ; Column I/O ; Off         ; N               ;
; C18      ; 441        ; 3        ; in_Addr[7]                ; input  ; LVTTL        ;         ; Column I/O ; Off         ; N               ;
; C19      ; 452        ; 3        ; GND*                      ;        ;              ;         ; Column I/O ; --          ;                 ;
; C20      ; 457        ; 3        ; GND*                      ;        ;              ;         ; Column I/O ; --          ;                 ;
; C21      ; 453        ; 3        ; GND*                      ;        ;              ;         ; Column I/O ; --          ;                 ;
; C22      ;            ; 2        ; VCCIO2                    ; power  ;              ; 3.3V    ; --         ; --          ;                 ;
; D1       ; 329        ; 5        ; localAddrs[7][1]          ; output ; LVTTL        ;         ; Row I/O    ; Off         ; N               ;
; D2       ; 328        ; 5        ; outData[1]                ; output ; LVTTL        ;         ; Row I/O    ; Off         ; N               ;
; D3       ; 333        ; 4        ; outData[0]                ; output ; LVTTL        ;         ; Column I/O ; Off         ; N               ;
; D4       ; 338        ; 4        ; localData[5][2]           ; output ; LVTTL        ;         ; Column I/O ; Off         ; N               ;
; D5       ; 344        ; 4        ; localAddrs[6][6]          ; output ; LVTTL        ;         ; Column I/O ; Off         ; N               ;
; D6       ; 349        ; 4        ; localData[4][3]           ; output ; LVTTL        ;         ; Column I/O ; Off         ; N               ;
; D7       ; 357        ; 4        ; localAddrs[7][4]          ; output ; LVTTL        ;         ; Column I/O ; Off         ; N               ;
; D8       ; 366        ; 4        ; localData[1][4]           ; output ; LVTTL        ;         ; Column I/O ; Off         ; N               ;
; D9       ; 369        ; 4        ; localAddrs[0][5]          ; output ; LVTTL        ;         ; Column I/O ; Off         ; N               ;
; D10      ;            ;          ; NC                        ;        ;              ;         ; --         ; --          ;                 ;
; D11      ;            ;          ; NC                        ;        ;              ;         ; --         ; --          ;                 ;
; D12      ; 396        ; 9        ; localData[0][4]           ; output ; LVTTL        ;         ; Column I/O ; Off         ; N               ;
; D13      ; 409        ; 3        ; outAddr[4]                ; output ; LVTTL        ;         ; Column I/O ; Off         ; N               ;
; D14      ; 419        ; 3        ; localAddrs[0][6]          ; output ; LVTTL        ;         ; Column I/O ; Off         ; N               ;
; D15      ; 425        ; 3        ; in_Addr[2]                ; input  ; LVTTL        ;         ; Column I/O ; Off         ; N               ;
; D16      ; 434        ; 3        ; localData[3][0]           ; output ; LVTTL        ;         ; Column I/O ; Off         ; N               ;
; D17      ; 442        ; 3        ; localAddrs[3][2]          ; output ; LVTTL        ;         ; Column I/O ; Off         ; N               ;
; D18      ; 446        ; 3        ; localData[2][5]           ; output ; LVTTL        ;         ; Column I/O ; Off         ; N               ;
; D19      ; 454        ; 3        ; GND*                      ;        ;              ;         ; Column I/O ; --          ;                 ;
; D20      ; 458        ; 3        ; GND*                      ;        ;              ;         ; Column I/O ; --          ;                 ;
; D21      ; 1          ; 2        ; GND*                      ;        ;              ;         ; Row I/O    ; --          ;                 ;
; D22      ; 0          ; 2        ; GND*                      ;        ;              ;         ; Row I/O    ; --          ;                 ;
; E1       ; 324        ; 5        ; localAddrs[7][6]          ; output ; LVTTL        ;         ; Row I/O    ; Off         ; N               ;
; E2       ; 325        ; 5        ; localData[5][1]           ; output ; LVTTL        ;         ; Row I/O    ; Off         ; N               ;
; E3       ;            ;          ; NC                        ;        ;              ;         ; --         ; --          ;                 ;
; E4       ;            ;          ; NC                        ;        ;              ;         ; --         ; --          ;                 ;
; E5       ; 348        ; 4        ; localAddrs[7][3]          ; output ; LVTTL        ;         ; Column I/O ; Off         ; N               ;
; E6       ; 352        ; 4        ; outAddr[0]                ; output ; LVTTL        ;         ; Column I/O ; Off         ; N               ;
; E7       ; 360        ; 4        ; localData[4][0]           ; output ; LVTTL        ;         ; Column I/O ; Off         ; N               ;
; E8       ; 363        ; 4        ; localAddrs[6][2]          ; output ; LVTTL        ;         ; Column I/O ; Off         ; N               ;
; E9       ; 371        ; 4        ; localAddrs[6][7]          ; output ; LVTTL        ;         ; Column I/O ; Off         ; N               ;
; E10      ;            ;          ; NC                        ;        ;              ;         ; --         ; --          ;                 ;
; E11      ;            ;          ; NC                        ;        ;              ;         ; --         ; --          ;                 ;
; E12      ;            ;          ; NC                        ;        ;              ;         ; --         ; --          ;                 ;
; E13      ; 408        ; 3        ; in_Addr[4]                ; input  ; LVTTL        ;         ; Column I/O ; Off         ; N               ;
; E14      ; 421        ; 3        ; localData[0][5]           ; output ; LVTTL        ;         ; Column I/O ; Off         ; N               ;
; E15      ; 426        ; 3        ; localAddrs[2][7]          ; output ; LVTTL        ;         ; Column I/O ; Off         ; N               ;
; E16      ; 430        ; 3        ; localAddrs[5][5]          ; output ; LVTTL        ;         ; Column I/O ; Off         ; N               ;
; E17      ; 437        ; 3        ; in_Addr[5]                ; input  ; LVTTL        ;         ; Column I/O ; Off         ; N               ;
; E18      ; 443        ; 3        ; GND*                      ;        ;              ;         ; Column I/O ; --          ;                 ;
; E19      ; 2          ; 2        ; GND*                      ;        ;              ;         ; Row I/O    ; --          ;                 ;
; E20      ; 3          ; 2        ; GND*                      ;        ;              ;         ; Row I/O    ; --          ;                 ;
; E21      ; 4          ; 2        ; GND*                      ;        ;              ;         ; Row I/O    ; --          ;                 ;
; E22      ; 5          ; 2        ; GND*                      ;        ;              ;         ; Row I/O    ; --          ;                 ;
; F1       ; 299        ; 5        ; WR                        ; input  ; LVTTL        ;         ; Row I/O    ; Off         ; N               ;
; F2       ; 300        ; 5        ; localData[4][4]           ; output ; LVTTL        ;         ; Row I/O    ; Off         ; N               ;
; F3       ; 326        ; 5        ; localData[2][4]           ; output ; LVTTL        ;         ; Row I/O    ; Off         ; N               ;
; F4       ; 327        ; 5        ; localData[7][0]           ; output ; LVTTL        ;         ; Row I/O    ; Off         ; N               ;
; F5       ; 322        ; 5        ; localAddrs[7][2]          ; output ; LVTTL        ;         ; Row I/O    ; Off         ; N               ;
; F6       ; 359        ; 4        ; localAddrs[6][1]          ; output ; LVTTL        ;         ; Column I/O ; Off         ; N               ;
; F7       ; 354        ; 4        ; localData[6][5]           ; output ; LVTTL        ;         ; Column I/O ; Off         ; N               ;
; F8       ; 365        ; 4        ; localAddrs[4][6]          ; output ; LVTTL        ;         ; Column I/O ; Off         ; N               ;
; F9       ; 372        ; 4        ; inData[4]                 ; input  ; LVTTL        ;         ; Column I/O ; Off         ; N               ;
; F10      ; 376        ; 4        ; inData[3]                 ; input  ; LVTTL        ;         ; Column I/O ; Off         ; N               ;
; F11      ;            ; 1        ; VCCG_PLL5                 ; power  ;              ; 1.5V    ; --         ; --          ;                 ;
; F12      ;            ;          ; GNDA_PLL5                 ; gnd    ;              ;         ; --         ; --          ;                 ;
; F13      ;            ; 9        ; VCC_PLL5_OUTA             ; power  ;              ; 3.3V    ; --         ; --          ;                 ;
; F14      ; 420        ; 3        ; localAddrs[2][3]          ; output ; LVTTL        ;         ; Column I/O ; Off         ; N               ;
; F15      ; 427        ; 3        ; outAddr[2]                ; output ; LVTTL        ;         ; Column I/O ; Off         ; N               ;
; F16      ; 435        ; 3        ; outAddr[5]                ; output ; LVTTL        ;         ; Column I/O ; Off         ; N               ;
; F17      ; 439        ; 3        ; in_Addr[1]                ; input  ; LVTTL        ;         ; Column I/O ; Off         ; N               ;
; F18      ; 7          ; 2        ; GND*                      ;        ;              ;         ; Row I/O    ; --          ;                 ;
; F19      ;            ;          ; NC                        ;        ;              ;         ; --         ; --          ;                 ;
; F20      ;            ;          ; NC                        ;        ;              ;         ; --         ; --          ;                 ;
; F21      ; 29         ; 2        ; localAddrs[3][7]          ; output ; LVTTL        ;         ; Row I/O    ; Off         ; N               ;
; F22      ; 30         ; 2        ; localAddrs[1][2]          ; output ; LVTTL        ;         ; Row I/O    ; Off         ; N               ;
; G1       ; 296        ; 5        ; localData[4][6]           ; output ; LVTTL        ;         ; Row I/O    ; Off         ; N               ;
; G2       ; 295        ; 5        ; localData[1][1]           ; output ; LVTTL        ;         ; Row I/O    ; Off         ; N               ;
; G3       ; 313        ; 5        ; localAddrs[7][7]          ; output ; LVTTL        ;         ; Row I/O    ; Off         ; N               ;
; G4       ; 314        ; 5        ; localData[6][3]           ; output ; LVTTL        ;         ; Row I/O    ; Off         ; N               ;
; G5       ; 318        ; 5        ; localAddrs[4][1]          ; output ; LVTTL        ;         ; Row I/O    ; Off         ; N               ;
; G6       ;            ;          ; GND                       ; gnd    ;              ;         ; --         ; --          ;                 ;
; G7       ; 330        ; 4        ; localData[7][2]           ; output ; LVTTL        ;         ; Column I/O ; Off         ; N               ;
; G8       ; 361        ; 4        ; in_Addr[3]                ; input  ; LVTTL        ;         ; Column I/O ; Off         ; N               ;
; G9       ; 384        ; 4        ; localData[0][1]           ; output ; LVTTL        ;         ; Column I/O ; Off         ; N               ;
; G10      ; 380        ; 4        ; #TMS                      ; input  ;              ;         ; --         ; --          ;                 ;
; G11      ;            ;          ; GNDG_PLL5                 ; gnd    ;              ;         ; --         ; --          ;                 ;
; G12      ;            ;          ; TEMPDIODEp                ;        ;              ;         ; --         ; --          ;                 ;
; G13      ;            ;          ; VCCA_PLL5                 ; power  ;              ; 1.5V    ; --         ; --          ;                 ;
; G14      ; 412        ; 3        ; localData[0][0]           ; output ; LVTTL        ;         ; Column I/O ; Off         ; N               ;
; G15      ;            ;          ; GND                       ; gnd    ;              ;         ; --         ; --          ;                 ;
; G16      ; 431        ; 3        ; localAddrs[3][5]          ; output ; LVTTL        ;         ; Column I/O ; Off         ; N               ;
; G17      ;            ;          ; GND                       ; gnd    ;              ;         ; --         ; --          ;                 ;
; G18      ; 11         ; 2        ; GND*                      ;        ;              ;         ; Row I/O    ; --          ;                 ;
; G19      ; 15         ; 2        ; localData[2][7]           ; output ; LVTTL        ;         ; Row I/O    ; Off         ; N               ;
; G20      ; 16         ; 2        ; Hit                       ; output ; LVTTL        ;         ; Row I/O    ; Off         ; N               ;
; G21      ; 34         ; 2        ; localData[1][3]           ; output ; LVTTL        ;         ; Row I/O    ; Off         ; N               ;
; G22      ; 33         ; 2        ; localAddrs[1][0]          ; output ; LVTTL        ;         ; Row I/O    ; Off         ; N               ;
; H1       ; 290        ; 5        ; localData[4][5]           ; output ; LVTTL        ;         ; Row I/O    ; Off         ; N               ;
; H2       ; 291        ; 5        ; localData[1][5]           ; output ; LVTTL        ;         ; Row I/O    ; Off         ; N               ;
; H3       ; 301        ; 5        ; localData[4][2]           ; output ; LVTTL        ;         ; Row I/O    ; Off         ; N               ;
; H4       ; 302        ; 5        ; localData[6][6]           ; output ; LVTTL        ;         ; Row I/O    ; Off         ; N               ;
; H5       ; 317        ;          ; GND                       ; gnd    ;              ;         ; --         ; --          ;                 ;
; H6       ; 342        ;          ; GND                       ; gnd    ;              ;         ; --         ; --          ;                 ;
; H7       ; 373        ;          ; GND                       ; gnd    ;              ;         ; --         ; --          ;                 ;
; H8       ; 362        ; 4        ; outAddr[3]                ; output ; LVTTL        ;         ; Column I/O ; Off         ; N               ;
; H9       ;            ;          ; NC                        ;        ;              ;         ; --         ; --          ;                 ;
; H10      ; 379        ; 4        ; localAddrs[6][0]          ; output ; LVTTL        ;         ; Column I/O ; Off         ; N               ;
; H11      ; 387        ; 4        ; #TDO                      ; output ;              ;         ; --         ; --          ;                 ;
; H12      ;            ;          ; TEMPDIODEn                ;        ;              ;         ; --         ; --          ;                 ;
; H13      ; 403        ; 3        ; ^nCONFIG                  ;        ;              ;         ; --         ; --          ;                 ;
; H14      ; 410        ;          ; GND                       ; gnd    ;              ;         ; --         ; --          ;                 ;
; H15      ; 447        ;          ; GND                       ; gnd    ;              ;         ; --         ; --          ;                 ;
; H16      ;            ;          ; NC                        ;        ;              ;         ; --         ; --          ;                 ;
; H17      ; 24         ; 2        ; localData[2][1]           ; output ; LVTTL        ;         ; Row I/O    ; Off         ; N               ;
; H18      ; 12         ;          ; GND                       ; gnd    ;              ;         ; --         ; --          ;                 ;
; H19      ; 27         ; 2        ; outData[4]                ; output ; LVTTL        ;         ; Row I/O    ; Off         ; N               ;
; H20      ; 28         ; 2        ; localAddrs[5][3]          ; output ; LVTTL        ;         ; Row I/O    ; Off         ; N               ;
; H21      ; 38         ; 2        ; GND*                      ;        ;              ;         ; Row I/O    ; --          ;                 ;
; H22      ; 39         ; 2        ; GND*                      ;        ;              ;         ; Row I/O    ; --          ;                 ;
; J1       ;            ;          ; GND                       ; gnd    ;              ;         ; --         ; --          ;                 ;
; J2       ; 288        ; 5        ; localData[7][4]           ; output ; LVTTL        ;         ; Row I/O    ; Off         ; N               ;
; J3       ; 289        ; 5        ; localData[6][4]           ; output ; LVTTL        ;         ; Row I/O    ; Off         ; N               ;
; J4       ; 305        ; 5        ; localData[6][1]           ; output ; LVTTL        ;         ; Row I/O    ; Off         ; N               ;
; J5       ; 292        ;          ; GND                       ; gnd    ;              ;         ; --         ; --          ;                 ;
; J6       ; 309        ; 5        ; localAddrs[4][0]          ; output ; LVTTL        ;         ; Row I/O    ; Off         ; N               ;
; J7       ; 340        ; 4        ; localAddrs[0][1]          ; output ; LVTTL        ;         ; Column I/O ; Off         ; N               ;
; J8       ; 374        ; 4        ; localAddrs[6][5]          ; output ; LVTTL        ;         ; Column I/O ; Off         ; N               ;
; J9       ; 378        ; 4        ; localData[0][2]           ; output ; LVTTL        ;         ; Column I/O ; Off         ; N               ;
; J10      ; 381        ; 4        ; #TRST                     ; input  ;              ;         ; --         ; --          ;                 ;
; J11      ; 386        ; 4        ; #TDI                      ; input  ;              ;         ; --         ; --          ;                 ;
; J12      ; 402        ; 3        ; ^nSTATUS                  ;        ;              ;         ; --         ; --          ;                 ;
; J13      ; 404        ; 3        ; ^DCLK                     ;        ;              ;         ; --         ; --          ;                 ;
; J14      ; 448        ; 3        ; GND*                      ;        ;              ;         ; Column I/O ; --          ;                 ;
; J15      ; 418        ; 3        ; localAddrs[3][4]          ; output ; LVTTL        ;         ; Column I/O ; Off         ; N               ;
; J16      ; 424        ; 3        ; localAddrs[5][0]          ; output ; LVTTL        ;         ; Column I/O ; Off         ; N               ;
; J17      ; 14         ; 2        ; GND*                      ;        ;              ;         ; Row I/O    ; --          ;                 ;
; J18      ; 37         ;          ; GND                       ; gnd    ;              ;         ; --         ; --          ;                 ;
; J19      ; 20         ; 2        ; localData[2][2]           ; output ; LVTTL        ;         ; Row I/O    ; Off         ; N               ;
; J20      ; 40         ; 2        ; localData[7][7]           ; output ; LVTTL        ;         ; Row I/O    ; Off         ; N               ;
; J21      ; 41         ; 2        ; GND*                      ;        ;              ;         ; Row I/O    ; --          ;                 ;
; J22      ;            ;          ; GND                       ; gnd    ;              ;         ; --         ; --          ;                 ;
; K1       ;            ; 5        ; VCCIO5                    ; power  ;              ; 3.3V    ; --         ; --          ;                 ;
; K2       ; 284        ; 5        ; localData[3][4]           ; output ; LVTTL        ;         ; Row I/O    ; Off         ; N               ;
; K3       ; 285        ; 5        ; outData[2]                ; output ; LVTTL        ;         ; Row I/O    ; Off         ; N               ;
; K4       ;            ;          ; VCCA_PLL4                 ; power  ;              ; 1.5V    ; --         ; --          ;                 ;
; K5       ;            ; 1        ; VCCG_PLL4                 ; power  ;              ; 1.5V    ; --         ; --          ;                 ;
; K6       ; 297        ; 5        ; localData[4][7]           ; output ; LVTTL        ;         ; Row I/O    ; Off         ; N               ;
; K7       ; 341        ; 4        ; localData[7][1]           ; output ; LVTTL        ;         ; Column I/O ; Off         ; N               ;
; K8       ; 375        ; 4        ; inData[6]                 ; input  ; LVTTL        ;         ; Column I/O ; Off         ; N               ;
; K9       ; 382        ; 4        ; #TCK                      ; input  ;              ;         ; --         ; --          ;                 ;
; K10      ; 383        ; 4        ; localData[1][0]           ; output ; LVTTL        ;         ; Column I/O ; Off         ; N               ;
; K11      ;            ;          ; GND                       ; gnd    ;              ;         ; --         ; --          ;                 ;
; K12      ;            ;          ; VCCINT                    ; power  ;              ; 1.5V    ; --         ; --          ;                 ;
; K13      ; 405        ; 3        ; ^CONF_DONE                ;        ;              ;         ; --         ; --          ;                 ;
; K14      ; 411        ; 3        ; localData[0][6]           ; output ; LVTTL        ;         ; Column I/O ; Off         ; N               ;
; K15      ; 413        ; 3        ; localData[0][3]           ; output ; LVTTL        ;         ; Column I/O ; Off         ; N               ;
; K16      ; 423        ; 3        ; localAddrs[5][2]          ; output ; LVTTL        ;         ; Column I/O ; Off         ; N               ;
; K17      ; 32         ; 2        ; localData[2][3]           ; output ; LVTTL        ;         ; Row I/O    ; Off         ; N               ;
; K18      ;            ; 1        ; VCCG_PLL1                 ; power  ;              ; 1.5V    ; --         ; --          ;                 ;
; K19      ;            ;          ; VCCA_PLL1                 ; power  ;              ; 1.5V    ; --         ; --          ;                 ;
; K20      ; 44         ; 2        ; GND*                      ;        ;              ;         ; Row I/O    ; --          ;                 ;
; K21      ; 45         ; 2        ; GND*                      ;        ;              ;         ; Row I/O    ; --          ;                 ;
; K22      ;            ; 2        ; VCCIO2                    ; power  ;              ; 3.3V    ; --         ; --          ;                 ;
; L1       ; 283        ; 5        ; GND+                      ;        ;              ;         ; Row I/O    ; --          ;                 ;
; L2       ; 282        ; 5        ; CLK                       ; input  ; LVTTL        ;         ; Row I/O    ; Off         ; N               ;
; L3       ; 280        ; 5        ; GND+                      ;        ;              ;         ; Row I/O    ; --          ;                 ;
; L4       ;            ;          ; GNDA_PLL4                 ; gnd    ;              ;         ; --         ; --          ;                 ;
; L5       ;            ;          ; GNDG_PLL4                 ; gnd    ;              ;         ; --         ; --          ;                 ;
; L6       ; 293        ; 5        ; localAddrs[1][3]          ; output ; LVTTL        ;         ; Row I/O    ; Off         ; N               ;
; L7       ; 370        ; 4        ; inData[5]                 ; input  ; LVTTL        ;         ; Column I/O ; Off         ; N               ;
; L8       ; 377        ; 4        ; +~DATA0~ / RESERVED_INPUT ; input  ; LVTTL        ;         ; Column I/O ; Off         ; N               ;
; L9       ;            ;          ; VCCINT                    ; power  ;              ; 1.5V    ; --         ; --          ;                 ;
; L10      ;            ;          ; GND                       ; gnd    ;              ;         ; --         ; --          ;                 ;
; L11      ;            ;          ; VCCINT                    ; power  ;              ; 1.5V    ; --         ; --          ;                 ;
; L12      ;            ;          ; GND                       ; gnd    ;              ;         ; --         ; --          ;                 ;
; L13      ;            ;          ; VCCINT                    ; power  ;              ; 1.5V    ; --         ; --          ;                 ;
; L14      ;            ;          ; GND                       ; gnd    ;              ;         ; --         ; --          ;                 ;
; L15      ; 415        ; 3        ; localAddrs[0][4]          ; output ; LVTTL        ;         ; Column I/O ; Off         ; N               ;
; L16      ; 422        ; 3        ; localAddrs[2][1]          ; output ; LVTTL        ;         ; Column I/O ; Off         ; N               ;
; L17      ; 35         ; 2        ; localAddrs[1][7]          ; output ; LVTTL        ;         ; Row I/O    ; Off         ; N               ;
; L18      ;            ;          ; GNDG_PLL1                 ; gnd    ;              ;         ; --         ; --          ;                 ;
; L19      ;            ;          ; GNDA_PLL1                 ; gnd    ;              ;         ; --         ; --          ;                 ;
; L20      ; 49         ; 2        ; GND+                      ;        ;              ;         ; Row I/O    ; --          ;                 ;
; L21      ; 47         ; 2        ; GND+                      ;        ;              ;         ; Row I/O    ; --          ;                 ;
; L22      ; 46         ; 2        ; GND+                      ;        ;              ;         ; Row I/O    ; --          ;                 ;
; M1       ; 278        ; 6        ; GND+                      ;        ;              ;         ; Row I/O    ; --          ;                 ;
; M2       ; 279        ; 6        ; GND+                      ;        ;              ;         ; Row I/O    ; --          ;                 ;
; M3       ; 277        ; 6        ; GND+                      ;        ;              ;         ; Row I/O    ; --          ;                 ;
; M4       ;            ;          ; GNDA_PLL3                 ; gnd    ;              ;         ; --         ; --          ;                 ;
; M5       ;            ;          ; VCCA_PLL3                 ; power  ;              ; 1.5V    ; --         ; --          ;                 ;
; M6       ; 263        ; 6        ; GND*                      ;        ;              ;         ; Row I/O    ; --          ;                 ;
; M7       ; 198        ; 7        ; GND*                      ;        ;              ;         ; Column I/O ; --          ;                 ;
; M8       ; 183        ; 7        ; localData[6][7]           ; output ; LVTTL        ;         ; Column I/O ; Off         ; N               ;
; M9       ;            ;          ; GND                       ; gnd    ;              ;         ; --         ; --          ;                 ;
; M10      ;            ;          ; VCCINT                    ; power  ;              ; 1.5V    ; --         ; --          ;                 ;
; M11      ;            ;          ; GND                       ; gnd    ;              ;         ; --         ; --          ;                 ;
; M12      ;            ;          ; VCCINT                    ; power  ;              ; 1.5V    ; --         ; --          ;                 ;
; M13      ;            ;          ; GND                       ; gnd    ;              ;         ; --         ; --          ;                 ;
; M14      ;            ;          ; VCCINT                    ; power  ;              ; 1.5V    ; --         ; --          ;                 ;
; M15      ; 414        ; 3        ; localAddrs[2][2]          ; output ; LVTTL        ;         ; Column I/O ; Off         ; N               ;
; M16      ; 459        ; 3        ; GND*                      ;        ;              ;         ; Column I/O ; --          ;                 ;
; M17      ; 66         ; 1        ; GND*                      ;        ;              ;         ; Row I/O    ; --          ;                 ;
; M18      ;            ;          ; VCCA_PLL2                 ; power  ;              ; 1.5V    ; --         ; --          ;                 ;
; M19      ;            ;          ; GNDA_PLL2                 ; gnd    ;              ;         ; --         ; --          ;                 ;
; M20      ; 52         ; 1        ; GND+                      ;        ;              ;         ; Row I/O    ; --          ;                 ;
; M21      ; 50         ; 1        ; GND+                      ;        ;              ;         ; Row I/O    ; --          ;                 ;
; M22      ; 51         ; 1        ; GND+                      ;        ;              ;         ; Row I/O    ; --          ;                 ;
; N1       ;            ; 6        ; VCCIO6                    ; power  ;              ; 3.3V    ; --         ; --          ;                 ;
; N2       ; 273        ; 6        ; localData[3][2]           ; output ; LVTTL        ;         ; Row I/O    ; Off         ; N               ;
; N3       ; 272        ; 6        ; localData[5][5]           ; output ; LVTTL        ;         ; Row I/O    ; Off         ; N               ;
; N4       ;            ;          ; GNDG_PLL3                 ; gnd    ;              ;         ; --         ; --          ;                 ;
; N5       ;            ; 1        ; VCCG_PLL3                 ; power  ;              ; 1.5V    ; --         ; --          ;                 ;
; N6       ; 259        ; 6        ; GND*                      ;        ;              ;         ; Row I/O    ; --          ;                 ;
; N7       ; 218        ; 7        ; GND*                      ;        ;              ;         ; Column I/O ; --          ;                 ;
; N8       ; 185        ; 7        ; localData[5][3]           ; output ; LVTTL        ;         ; Column I/O ; Off         ; N               ;
; N9       ; 177        ; 7        ; ^nIO_PULLUP               ;        ;              ;         ; --         ; --          ;                 ;
; N10      ; 176        ; 7        ; localData[0][7]           ; output ; LVTTL        ;         ; Column I/O ; Off         ; N               ;
; N11      ;            ;          ; VCCINT                    ; power  ;              ; 1.5V    ; --         ; --          ;                 ;
; N12      ;            ;          ; GND                       ; gnd    ;              ;         ; --         ; --          ;                 ;
; N13      ; 128        ; 8        ; GND*                      ;        ;              ;         ; Column I/O ; --          ;                 ;
; N14      ; 140        ; 8        ; GND*                      ;        ;              ;         ; Column I/O ; --          ;                 ;
; N15      ; 144        ; 8        ; GND*                      ;        ;              ;         ; Column I/O ; --          ;                 ;
; N16      ; 126        ; 8        ; GND*                      ;        ;              ;         ; Column I/O ; --          ;                 ;
; N17      ; 70         ; 1        ; GND*                      ;        ;              ;         ; Row I/O    ; --          ;                 ;
; N18      ;            ; 1        ; VCCG_PLL2                 ; power  ;              ; 1.5V    ; --         ; --          ;                 ;
; N19      ;            ;          ; GNDG_PLL2                 ; gnd    ;              ;         ; --         ; --          ;                 ;
; N20      ; 57         ; 1        ; GND*                      ;        ;              ;         ; Row I/O    ; --          ;                 ;
; N21      ; 56         ; 1        ; GND*                      ;        ;              ;         ; Row I/O    ; --          ;                 ;
; N22      ;            ; 1        ; VCCIO1                    ; power  ;              ; 3.3V    ; --         ; --          ;                 ;
; P1       ;            ;          ; GND                       ; gnd    ;              ;         ; --         ; --          ;                 ;
; P2       ; 269        ; 6        ; GND*                      ;        ;              ;         ; Row I/O    ; --          ;                 ;
; P3       ; 268        ; 6        ; GND*                      ;        ;              ;         ; Row I/O    ; --          ;                 ;
; P4       ; 251        ; 6        ; GND*                      ;        ;              ;         ; Row I/O    ; --          ;                 ;
; P5       ; 267        ;          ; GND                       ; gnd    ;              ;         ; --         ; --          ;                 ;
; P6       ; 247        ; 6        ; GND*                      ;        ;              ;         ; Row I/O    ; --          ;                 ;
; P7       ; 219        ; 7        ; GND*                      ;        ;              ;         ; Column I/O ; --          ;                 ;
; P8       ; 190        ; 7        ; localData[5][4]           ; output ; LVTTL        ;         ; Column I/O ; Off         ; N               ;
; P9       ; 182        ; 7        ; localData[1][6]           ; output ; LVTTL        ;         ; Column I/O ; Off         ; N               ;
; P10      ; 180        ; 7        ; outAddr[6]                ; output ; LVTTL        ;         ; Column I/O ; Off         ; N               ;
; P11      ; 173        ; 7        ; ^nCEO                     ;        ;              ;         ; --         ; --          ;                 ;
; P12      ; 156        ; 8        ; ^MSEL1                    ;        ;              ;         ; --         ; --          ;                 ;
; P13      ; 148        ; 8        ; GND*                      ;        ;              ;         ; Column I/O ; --          ;                 ;
; P14      ; 146        ; 8        ; GND*                      ;        ;              ;         ; Column I/O ; --          ;                 ;
; P15      ; 143        ; 8        ; GND*                      ;        ;              ;         ; Column I/O ; --          ;                 ;
; P16      ; 135        ; 8        ; GND*                      ;        ;              ;         ; Column I/O ; --          ;                 ;
; P17      ; 82         ; 1        ; GND*                      ;        ;              ;         ; Row I/O    ; --          ;                 ;
; P18      ; 62         ;          ; GND                       ; gnd    ;              ;         ; --         ; --          ;                 ;
; P19      ; 86         ; 1        ; GND*                      ;        ;              ;         ; Row I/O    ; --          ;                 ;
; P20      ; 61         ; 1        ; GND*                      ;        ;              ;         ; Row I/O    ; --          ;                 ;
; P21      ; 60         ; 1        ; GND*                      ;        ;              ;         ; Row I/O    ; --          ;                 ;
; P22      ;            ;          ; GND                       ; gnd    ;              ;         ; --         ; --          ;                 ;
; R1       ; 271        ; 6        ; localData[7][5]           ; output ; LVTTL        ;         ; Row I/O    ; Off         ; N               ;
; R2       ; 270        ; 6        ; GND*                      ;        ;              ;         ; Row I/O    ; --          ;                 ;
; R3       ; 255        ; 6        ; GND*                      ;        ;              ;         ; Row I/O    ; --          ;                 ;
; R4       ; 256        ; 6        ; GND*                      ;        ;              ;         ; Row I/O    ; --          ;                 ;
; R5       ;            ;          ; NC                        ;        ;              ;         ; --         ; --          ;                 ;
; R6       ; 242        ;          ; GND                       ; gnd    ;              ;         ; --         ; --          ;                 ;
; R7       ; 217        ;          ; GND                       ; gnd    ;              ;         ; --         ; --          ;                 ;
; R8       ; 175        ; 7        ; localData[1][7]           ; output ; LVTTL        ;         ; Column I/O ; Off         ; N               ;
; R9       ; 186        ;          ; GND                       ; gnd    ;              ;         ; --         ; --          ;                 ;
; R10      ; 178        ; 7        ; ^VCCSEL                   ;        ;              ;         ; --         ; --          ;                 ;
; R11      ; 172        ; 7        ; ^nCE                      ;        ;              ;         ; --         ; --          ;                 ;
; R12      ; 157        ; 8        ; ^MSEL2                    ;        ;              ;         ; --         ; --          ;                 ;
; R13      ; 154        ; 8        ; PLL_ENA                   ;        ;              ;         ; --         ; --          ;                 ;
; R14      ;            ;          ; NC                        ;        ;              ;         ; --         ; --          ;                 ;
; R15      ; 134        ; 8        ; GND*                      ;        ;              ;         ; Column I/O ; --          ;                 ;
; R16      ; 149        ;          ; GND                       ; gnd    ;              ;         ; --         ; --          ;                 ;
; R17      ; 87         ;          ; GND                       ; gnd    ;              ;         ; --         ; --          ;                 ;
; R18      ; 112        ;          ; GND                       ; gnd    ;              ;         ; --         ; --          ;                 ;
; R19      ; 74         ; 1        ; GND*                      ;        ;              ;         ; Row I/O    ; --          ;                 ;
; R20      ; 73         ; 1        ; GND*                      ;        ;              ;         ; Row I/O    ; --          ;                 ;
; R21      ; 59         ; 1        ; GND*                      ;        ;              ;         ; Row I/O    ; --          ;                 ;
; R22      ; 58         ; 1        ; GND*                      ;        ;              ;         ; Row I/O    ; --          ;                 ;
; T1       ; 266        ; 6        ; GND*                      ;        ;              ;         ; Row I/O    ; --          ;                 ;
; T2       ; 265        ; 6        ; GND*                      ;        ;              ;         ; Row I/O    ; --          ;                 ;
; T3       ; 244        ; 6        ; GND*                      ;        ;              ;         ; Row I/O    ; --          ;                 ;
; T4       ; 243        ; 6        ; GND*                      ;        ;              ;         ; Row I/O    ; --          ;                 ;
; T5       ; 234        ; 6        ; GND*                      ;        ;              ;         ; Row I/O    ; --          ;                 ;
; T6       ;            ;          ; GND                       ; gnd    ;              ;         ; --         ; --          ;                 ;
; T7       ; 229        ; 7        ; GND*                      ;        ;              ;         ; Column I/O ; --          ;                 ;
; T8       ; 197        ; 7        ; localData[7][3]           ; output ; LVTTL        ;         ; Column I/O ; Off         ; N               ;
; T9       ; 184        ; 7        ; localData[3][6]           ; output ; LVTTL        ;         ; Column I/O ; Off         ; N               ;
; T10      ; 181        ; 7        ; localData[3][5]           ; output ; LVTTL        ;         ; Column I/O ; Off         ; N               ;
; T11      ;            ;          ; GNDG_PLL6                 ; gnd    ;              ;         ; --         ; --          ;                 ;
; T12      ;            ;          ; VCCA_PLL6                 ; power  ;              ; 1.5V    ; --         ; --          ;                 ;
; T13      ; 155        ; 8        ; ^MSEL0                    ;        ;              ;         ; --         ; --          ;                 ;
; T14      ; 147        ; 8        ; GND*                      ;        ;              ;         ; Column I/O ; --          ;                 ;
; T15      ; 136        ; 8        ; GND*                      ;        ;              ;         ; Column I/O ; --          ;                 ;
; T16      ; 119        ; 8        ; GND*                      ;        ;              ;         ; Column I/O ; --          ;                 ;
; T17      ;            ;          ; GND                       ; gnd    ;              ;         ; --         ; --          ;                 ;
; T18      ; 95         ; 1        ; GND*                      ;        ;              ;         ; Row I/O    ; --          ;                 ;
; T19      ; 78         ; 1        ; GND*                      ;        ;              ;         ; Row I/O    ; --          ;                 ;
; T20      ; 77         ; 1        ; GND*                      ;        ;              ;         ; Row I/O    ; --          ;                 ;
; T21      ; 64         ; 1        ; GND*                      ;        ;              ;         ; Row I/O    ; --          ;                 ;
; T22      ; 63         ; 1        ; GND*                      ;        ;              ;         ; Row I/O    ; --          ;                 ;
; U1       ; 261        ; 6        ; GND*                      ;        ;              ;         ; Row I/O    ; --          ;                 ;
; U2       ; 262        ; 6        ; GND*                      ;        ;              ;         ; Row I/O    ; --          ;                 ;
; U3       ;            ;          ; NC                        ;        ;              ;         ; --         ; --          ;                 ;
; U4       ;            ;          ; NC                        ;        ;              ;         ; --         ; --          ;                 ;
; U5       ; 238        ; 6        ; GND*                      ;        ;              ;         ; Row I/O    ; --          ;                 ;
; U6       ; 200        ; 7        ; GND*                      ;        ;              ;         ; Column I/O ; --          ;                 ;
; U7       ; 205        ; 7        ; GND*                      ;        ;              ;         ; Column I/O ; --          ;                 ;
; U8       ; 196        ; 7        ; GND*                      ;        ;              ;         ; Column I/O ; --          ;                 ;
; U9       ; 191        ; 7        ; localData[1][2]           ; output ; LVTTL        ;         ; Column I/O ; Off         ; N               ;
; U10      ; 179        ; 7        ; ^PORSEL                   ;        ;              ;         ; --         ; --          ;                 ;
; U11      ;            ; 1        ; VCCG_PLL6                 ; power  ;              ; 1.5V    ; --         ; --          ;                 ;
; U12      ;            ;          ; GNDA_PLL6                 ; gnd    ;              ;         ; --         ; --          ;                 ;
; U13      ;            ; 11       ; VCC_PLL6_OUTA             ; power  ;              ; 3.3V    ; --         ; --          ;                 ;
; U14      ; 139        ; 8        ; GND*                      ;        ;              ;         ; Column I/O ; --          ;                 ;
; U15      ; 137        ; 8        ; GND*                      ;        ;              ;         ; Column I/O ; --          ;                 ;
; U16      ; 121        ; 8        ; GND*                      ;        ;              ;         ; Column I/O ; --          ;                 ;
; U17      ; 120        ; 8        ; GND*                      ;        ;              ;         ; Column I/O ; --          ;                 ;
; U18      ; 91         ; 1        ; GND*                      ;        ;              ;         ; Row I/O    ; --          ;                 ;
; U19      ; 99         ; 1        ; GND*                      ;        ;              ;         ; Row I/O    ; --          ;                 ;
; U20      ; 98         ; 1        ; GND*                      ;        ;              ;         ; Row I/O    ; --          ;                 ;
; U21      ; 67         ; 1        ; GND*                      ;        ;              ;         ; Row I/O    ; --          ;                 ;
; U22      ; 68         ; 1        ; GND*                      ;        ;              ;         ; Row I/O    ; --          ;                 ;
; V1       ; 250        ; 6        ; GND*                      ;        ;              ;         ; Row I/O    ; --          ;                 ;
; V2       ; 249        ; 6        ; GND*                      ;        ;              ;         ; Row I/O    ; --          ;                 ;
; V3       ; 231        ; 6        ; GND*                      ;        ;              ;         ; Row I/O    ; --          ;                 ;
; V4       ; 230        ; 6        ; GND*                      ;        ;              ;         ; Row I/O    ; --          ;                 ;
; V5       ; 208        ; 7        ; GND*                      ;        ;              ;         ; Column I/O ; --          ;                 ;
; V6       ; 202        ; 7        ; GND*                      ;        ;              ;         ; Column I/O ; --          ;                 ;
; V7       ; 207        ; 7        ; GND*                      ;        ;              ;         ; Column I/O ; --          ;                 ;
; V8       ; 195        ; 7        ; localData[5][6]           ; output ; LVTTL        ;         ; Column I/O ; Off         ; N               ;
; V9       ; 192        ; 7        ; localData[5][7]           ; output ; LVTTL        ;         ; Column I/O ; Off         ; N               ;
; V10      ;            ;          ; NC                        ;        ;              ;         ; --         ; --          ;                 ;
; V11      ;            ;          ; NC                        ;        ;              ;         ; --         ; --          ;                 ;
; V12      ;            ;          ; NC                        ;        ;              ;         ; --         ; --          ;                 ;
; V13      ; 151        ; 8        ; GND+                      ;        ;              ;         ; Column I/O ; --          ;                 ;
; V14      ; 142        ; 8        ; GND*                      ;        ;              ;         ; Column I/O ; --          ;                 ;
; V15      ; 133        ; 8        ; GND*                      ;        ;              ;         ; Column I/O ; --          ;                 ;
; V16      ; 123        ; 8        ; GND*                      ;        ;              ;         ; Column I/O ; --          ;                 ;
; V17      ; 122        ; 8        ; GND*                      ;        ;              ;         ; Column I/O ; --          ;                 ;
; V18      ; 114        ; 8        ; GND*                      ;        ;              ;         ; Column I/O ; --          ;                 ;
; V19      ;            ;          ; NC                        ;        ;              ;         ; --         ; --          ;                 ;
; V20      ;            ;          ; NC                        ;        ;              ;         ; --         ; --          ;                 ;
; V21      ; 76         ; 1        ; GND*                      ;        ;              ;         ; Row I/O    ; --          ;                 ;
; V22      ; 75         ; 1        ; GND*                      ;        ;              ;         ; Row I/O    ; --          ;                 ;
; W1       ; 236        ; 6        ; GND*                      ;        ;              ;         ; Row I/O    ; --          ;                 ;
; W2       ; 237        ; 6        ; GND*                      ;        ;              ;         ; Row I/O    ; --          ;                 ;
; W3       ; 226        ; 7        ; GND*                      ;        ;              ;         ; Column I/O ; --          ;                 ;
; W4       ; 227        ; 7        ; GND*                      ;        ;              ;         ; Column I/O ; --          ;                 ;
; W5       ; 214        ; 7        ; GND*                      ;        ;              ;         ; Column I/O ; --          ;                 ;
; W6       ; 211        ; 7        ; GND*                      ;        ;              ;         ; Column I/O ; --          ;                 ;
; W7       ; 199        ; 7        ; GND*                      ;        ;              ;         ; Column I/O ; --          ;                 ;
; W8       ; 193        ; 7        ; localData[3][3]           ; output ; LVTTL        ;         ; Column I/O ; Off         ; N               ;
; W9       ; 194        ; 7        ; GND*                      ;        ;              ;         ; Column I/O ; --          ;                 ;
; W10      ;            ;          ; NC                        ;        ;              ;         ; --         ; --          ;                 ;
; W11      ;            ;          ; NC                        ;        ;              ;         ; --         ; --          ;                 ;
; W12      ; 163        ; 11       ; outData[7]                ; output ; LVTTL        ;         ; Column I/O ; Off         ; N               ;
; W13      ; 150        ; 8        ; GND*                      ;        ;              ;         ; Column I/O ; --          ;                 ;
; W14      ; 141        ; 8        ; GND*                      ;        ;              ;         ; Column I/O ; --          ;                 ;
; W15      ; 138        ; 8        ; GND*                      ;        ;              ;         ; Column I/O ; --          ;                 ;
; W16      ; 127        ; 8        ; GND*                      ;        ;              ;         ; Column I/O ; --          ;                 ;
; W17      ; 116        ; 8        ; GND*                      ;        ;              ;         ; Column I/O ; --          ;                 ;
; W18      ; 107        ; 8        ; GND*                      ;        ;              ;         ; Column I/O ; --          ;                 ;
; W19      ; 101        ; 8        ; GND*                      ;        ;              ;         ; Column I/O ; --          ;                 ;
; W20      ; 100        ; 8        ; GND*                      ;        ;              ;         ; Column I/O ; --          ;                 ;
; W21      ; 92         ; 1        ; GND*                      ;        ;              ;         ; Row I/O    ; --          ;                 ;
; W22      ; 93         ; 1        ; GND*                      ;        ;              ;         ; Row I/O    ; --          ;                 ;
; Y1       ;            ; 6        ; VCCIO6                    ; power  ;              ; 3.3V    ; --         ; --          ;                 ;
; Y2       ; 222        ; 7        ; GND*                      ;        ;              ;         ; Column I/O ; --          ;                 ;
; Y3       ; 228        ; 7        ; GND*                      ;        ;              ;         ; Column I/O ; --          ;                 ;
; Y4       ; 223        ; 7        ; GND*                      ;        ;              ;         ; Column I/O ; --          ;                 ;
; Y5       ; 215        ; 7        ; GND*                      ;        ;              ;         ; Column I/O ; --          ;                 ;
; Y6       ; 206        ; 7        ; GND*                      ;        ;              ;         ; Column I/O ; --          ;                 ;
; Y7       ; 209        ; 7        ; GND*                      ;        ;              ;         ; Column I/O ; --          ;                 ;
; Y8       ; 189        ; 7        ; localData[7][6]           ; output ; LVTTL        ;         ; Column I/O ; Off         ; N               ;
; Y9       ; 188        ; 7        ; outData[6]                ; output ; LVTTL        ;         ; Column I/O ; Off         ; N               ;
; Y10      ;            ;          ; NC                        ;        ;              ;         ; --         ; --          ;                 ;
; Y11      ;            ;          ; NC                        ;        ;              ;         ; --         ; --          ;                 ;
; Y12      ; 162        ; 11       ; localAddrs[1][4]          ; output ; LVTTL        ;         ; Column I/O ; Off         ; N               ;
; Y13      ; 166        ; 11       ; outData[3]                ; output ; LVTTL        ;         ; Column I/O ; Off         ; N               ;
; Y14      ; 152        ; 8        ; GND*                      ;        ;              ;         ; Column I/O ; --          ;                 ;
; Y15      ; 130        ; 8        ; GND*                      ;        ;              ;         ; Column I/O ; --          ;                 ;
; Y16      ; 124        ; 8        ; GND*                      ;        ;              ;         ; Column I/O ; --          ;                 ;
; Y17      ; 117        ; 8        ; GND*                      ;        ;              ;         ; Column I/O ; --          ;                 ;
; Y18      ; 115        ; 8        ; GND*                      ;        ;              ;         ; Column I/O ; --          ;                 ;
; Y19      ; 106        ; 8        ; GND*                      ;        ;              ;         ; Column I/O ; --          ;                 ;
; Y20      ; 105        ; 8        ; GND*                      ;        ;              ;         ; Column I/O ; --          ;                 ;
; Y21      ; 104        ; 8        ; GND*                      ;        ;              ;         ; Column I/O ; --          ;                 ;
; Y22      ;            ; 1        ; VCCIO1                    ; power  ;              ; 3.3V    ; --         ; --          ;                 ;
+----------+------------+----------+---------------------------+--------+--------------+---------+------------+-------------+-----------------+


+-------------------------------------------------------------------------------+
; Output Pin Default Load For Reported TCO                                      ;
+----------------------------------+-------+------------------------------------+
; I/O Standard                     ; Load  ; Termination Resistance             ;
+----------------------------------+-------+------------------------------------+
; LVTTL                            ; 10 pF ; Not Available                      ;
; LVCMOS                           ; 10 pF ; Not Available                      ;
; 2.5 V                            ; 10 pF ; Not Available                      ;
; 1.8 V                            ; 10 pF ; Not Available                      ;
; 1.5 V                            ; 10 pF ; Not Available                      ;
; GTL                              ; 30 pF ; 25 Ohm (Parallel)                  ;
; GTL+                             ; 30 pF ; 25 Ohm (Parallel)                  ;
; 3.3-V PCI                        ; 10 pF ; 25 Ohm (Parallel)                  ;
; 3.3-V PCI-X                      ; 8 pF  ; 25 Ohm (Parallel)                  ;
; Compact PCI                      ; 10 pF ; 25 Ohm (Parallel)                  ;
; AGP 1X                           ; 10 pF ; Not Available                      ;
; AGP 2X                           ; 10 pF ; Not Available                      ;
; CTT                              ; 30 pF ; 50 Ohm (Parallel)                  ;
; SSTL-3 Class I                   ; 30 pF ; 50 Ohm (Parallel), 25 Ohm (Serial) ;
; SSTL-3 Class II                  ; 30 pF ; 25 Ohm (Parallel), 25 Ohm (Serial) ;
; SSTL-2 Class I                   ; 30 pF ; 50 Ohm (Parallel), 25 Ohm (Serial) ;
; SSTL-2 Class II                  ; 30 pF ; 25 Ohm (Parallel), 25 Ohm (Serial) ;
; SSTL-18 Class I                  ; 30 pF ; 50 Ohm (Parallel), 25 Ohm (Serial) ;
; SSTL-18 Class II                 ; 30 pF ; 25 Ohm (Parallel), 25 Ohm (Serial) ;
; 1.5-V HSTL Class I               ; 20 pF ; 50 Ohm (Parallel)                  ;
; 1.5-V HSTL Class II              ; 20 pF ; 25 Ohm (Parallel)                  ;
; 1.8-V HSTL Class I               ; 20 pF ; 50 Ohm (Parallel)                  ;
; 1.8-V HSTL Class II              ; 20 pF ; 25 Ohm (Parallel)                  ;
; LVDS                             ; 4 pF  ; 100 Ohm (Differential)             ;
; Differential LVPECL              ; 4 pF  ; 100 Ohm (Differential)             ;
; 3.3-V PCML                       ; 4 pF  ; 50 Ohm (Parallel)                  ;
; HyperTransport                   ; 4 pF  ; 100 Ohm (Differential)             ;
; Differential 1.5-V HSTL Class I  ; 0 pF  ; (See 1.5-V HSTL Class I)           ;
; Differential 1.5-V HSTL Class II ; 0 pF  ; (See 1.5-V HSTL Class II)          ;
; Differential 1.8-V HSTL Class I  ; 0 pF  ; (See 1.8-V HSTL Class I)           ;
; Differential 1.8-V HSTL Class II ; 0 pF  ; (See 1.8-V HSTL Class II)          ;
; Differential SSTL-2              ; 30 pF ; (See SSTL-2)                       ;
+----------------------------------+-------+------------------------------------+
Note: User assignments will override these defaults. The user specified values are listed in the Output Pins and Bidir Pins tables.


+--------------------------------------------------------------------------------------------------------------------------------------------------------------------------------------------------------------------------------------------------------------------------------------------------------------------------------------+
; Fitter Resource Utilization by Entity                                                                                                                                                                                                                                                                                                ;
+-------------------------------------+-------------+--------------+-------------+--------------+---------+-----------+-----------+------+--------------+--------------+-------------------+------------------+-----------------+------------------------------------------------------------------------------------------------------+
; Compilation Hierarchy Node          ; Logic Cells ; LC Registers ; Memory Bits ; DSP Elements ; DSP 9x9 ; DSP 18x18 ; DSP 36x36 ; Pins ; Virtual Pins ; LUT-Only LCs ; Register-Only LCs ; LUT/Register LCs ; Carry Chain LCs ; Full Hierarchy Name                                                                                  ;
+-------------------------------------+-------------+--------------+-------------+--------------+---------+-----------+-----------+------+--------------+--------------+-------------------+------------------+-----------------+------------------------------------------------------------------------------------------------------+
; |cache                              ; 203 (14)    ; 163          ; 0           ; 0            ; 0       ; 0         ; 0         ; 164  ; 0            ; 40 (14)      ; 96 (0)            ; 67 (0)           ; 3 (0)           ; |cache                                                                                               ;
;    |busmux:inst35|                  ; 16 (0)      ; 0            ; 0           ; 0            ; 0       ; 0         ; 0         ; 0    ; 0            ; 16 (0)       ; 0 (0)             ; 0 (0)            ; 0 (0)           ; |cache|busmux:inst35                                                                                 ;
;       |lpm_mux:$00000|              ; 16 (0)      ; 0            ; 0           ; 0            ; 0       ; 0         ; 0         ; 0    ; 0            ; 16 (0)       ; 0 (0)             ; 0 (0)            ; 0 (0)           ; |cache|busmux:inst35|lpm_mux:$00000                                                                  ;
;          |mux_cgc:auto_generated|   ; 16 (16)     ; 0            ; 0           ; 0            ; 0       ; 0         ; 0         ; 0    ; 0            ; 16 (16)      ; 0 (0)             ; 0 (0)            ; 0 (0)           ; |cache|busmux:inst35|lpm_mux:$00000|mux_cgc:auto_generated                                           ;
;    |cacheBlock:inst1|               ; 21 (0)      ; 20           ; 0           ; 0            ; 0       ; 0         ; 0         ; 0    ; 0            ; 1 (0)        ; 16 (0)            ; 4 (0)            ; 0 (0)           ; |cache|cacheBlock:inst1                                                                              ;
;       |lpm_compare:inst8|           ; 5 (0)       ; 4            ; 0           ; 0            ; 0       ; 0         ; 0         ; 0    ; 0            ; 1 (0)        ; 0 (0)             ; 4 (0)            ; 0 (0)           ; |cache|cacheBlock:inst1|lpm_compare:inst8                                                            ;
;          |comptree:comparator|      ; 5 (0)       ; 4            ; 0           ; 0            ; 0       ; 0         ; 0         ; 0    ; 0            ; 1 (0)        ; 0 (0)             ; 4 (0)            ; 0 (0)           ; |cache|cacheBlock:inst1|lpm_compare:inst8|comptree:comparator                                        ;
;             |cmpchain:cmp[0]|       ; 1 (1)       ; 1            ; 0           ; 0            ; 0       ; 0         ; 0         ; 0    ; 0            ; 0 (0)        ; 0 (0)             ; 1 (1)            ; 0 (0)           ; |cache|cacheBlock:inst1|lpm_compare:inst8|comptree:comparator|cmpchain:cmp[0]                        ;
;             |cmpchain:cmp[1]|       ; 1 (1)       ; 1            ; 0           ; 0            ; 0       ; 0         ; 0         ; 0    ; 0            ; 0 (0)        ; 0 (0)             ; 1 (1)            ; 0 (0)           ; |cache|cacheBlock:inst1|lpm_compare:inst8|comptree:comparator|cmpchain:cmp[1]                        ;
;             |cmpchain:cmp[2]|       ; 1 (1)       ; 1            ; 0           ; 0            ; 0       ; 0         ; 0         ; 0    ; 0            ; 0 (0)        ; 0 (0)             ; 1 (1)            ; 0 (0)           ; |cache|cacheBlock:inst1|lpm_compare:inst8|comptree:comparator|cmpchain:cmp[2]                        ;
;             |cmpchain:cmp[3]|       ; 1 (1)       ; 1            ; 0           ; 0            ; 0       ; 0         ; 0         ; 0    ; 0            ; 0 (0)        ; 0 (0)             ; 1 (1)            ; 0 (0)           ; |cache|cacheBlock:inst1|lpm_compare:inst8|comptree:comparator|cmpchain:cmp[3]                        ;
;             |comptree:sub_comptree| ; 1 (0)       ; 0            ; 0           ; 0            ; 0       ; 0         ; 0         ; 0    ; 0            ; 1 (0)        ; 0 (0)             ; 0 (0)            ; 0 (0)           ; |cache|cacheBlock:inst1|lpm_compare:inst8|comptree:comparator|comptree:sub_comptree                  ;
;                |cmpchain:cmp_end|   ; 1 (1)       ; 0            ; 0           ; 0            ; 0       ; 0         ; 0         ; 0    ; 0            ; 1 (1)        ; 0 (0)             ; 0 (0)            ; 0 (0)           ; |cache|cacheBlock:inst1|lpm_compare:inst8|comptree:comparator|comptree:sub_comptree|cmpchain:cmp_end ;
;       |lpm_dff:inst6|               ; 8 (8)       ; 8            ; 0           ; 0            ; 0       ; 0         ; 0         ; 0    ; 0            ; 0 (0)        ; 8 (8)             ; 0 (0)            ; 0 (0)           ; |cache|cacheBlock:inst1|lpm_dff:inst6                                                                ;
;       |lpm_dff:inst|                ; 8 (8)       ; 8            ; 0           ; 0            ; 0       ; 0         ; 0         ; 0    ; 0            ; 0 (0)        ; 8 (8)             ; 0 (0)            ; 0 (0)           ; |cache|cacheBlock:inst1|lpm_dff:inst                                                                 ;
;    |cacheBlock:inst2|               ; 21 (0)      ; 20           ; 0           ; 0            ; 0       ; 0         ; 0         ; 0    ; 0            ; 1 (0)        ; 16 (0)            ; 4 (0)            ; 0 (0)           ; |cache|cacheBlock:inst2                                                                              ;
;       |lpm_compare:inst8|           ; 5 (0)       ; 4            ; 0           ; 0            ; 0       ; 0         ; 0         ; 0    ; 0            ; 1 (0)        ; 0 (0)             ; 4 (0)            ; 0 (0)           ; |cache|cacheBlock:inst2|lpm_compare:inst8                                                            ;
;          |comptree:comparator|      ; 5 (0)       ; 4            ; 0           ; 0            ; 0       ; 0         ; 0         ; 0    ; 0            ; 1 (0)        ; 0 (0)             ; 4 (0)            ; 0 (0)           ; |cache|cacheBlock:inst2|lpm_compare:inst8|comptree:comparator                                        ;
;             |cmpchain:cmp[0]|       ; 1 (1)       ; 1            ; 0           ; 0            ; 0       ; 0         ; 0         ; 0    ; 0            ; 0 (0)        ; 0 (0)             ; 1 (1)            ; 0 (0)           ; |cache|cacheBlock:inst2|lpm_compare:inst8|comptree:comparator|cmpchain:cmp[0]                        ;
;             |cmpchain:cmp[1]|       ; 1 (1)       ; 1            ; 0           ; 0            ; 0       ; 0         ; 0         ; 0    ; 0            ; 0 (0)        ; 0 (0)             ; 1 (1)            ; 0 (0)           ; |cache|cacheBlock:inst2|lpm_compare:inst8|comptree:comparator|cmpchain:cmp[1]                        ;
;             |cmpchain:cmp[2]|       ; 1 (1)       ; 1            ; 0           ; 0            ; 0       ; 0         ; 0         ; 0    ; 0            ; 0 (0)        ; 0 (0)             ; 1 (1)            ; 0 (0)           ; |cache|cacheBlock:inst2|lpm_compare:inst8|comptree:comparator|cmpchain:cmp[2]                        ;
;             |cmpchain:cmp[3]|       ; 1 (1)       ; 1            ; 0           ; 0            ; 0       ; 0         ; 0         ; 0    ; 0            ; 0 (0)        ; 0 (0)             ; 1 (1)            ; 0 (0)           ; |cache|cacheBlock:inst2|lpm_compare:inst8|comptree:comparator|cmpchain:cmp[3]                        ;
;             |comptree:sub_comptree| ; 1 (0)       ; 0            ; 0           ; 0            ; 0       ; 0         ; 0         ; 0    ; 0            ; 1 (0)        ; 0 (0)             ; 0 (0)            ; 0 (0)           ; |cache|cacheBlock:inst2|lpm_compare:inst8|comptree:comparator|comptree:sub_comptree                  ;
;                |cmpchain:cmp_end|   ; 1 (1)       ; 0            ; 0           ; 0            ; 0       ; 0         ; 0         ; 0    ; 0            ; 1 (1)        ; 0 (0)             ; 0 (0)            ; 0 (0)           ; |cache|cacheBlock:inst2|lpm_compare:inst8|comptree:comparator|comptree:sub_comptree|cmpchain:cmp_end ;
;       |lpm_dff:inst6|               ; 8 (8)       ; 8            ; 0           ; 0            ; 0       ; 0         ; 0         ; 0    ; 0            ; 0 (0)        ; 8 (8)             ; 0 (0)            ; 0 (0)           ; |cache|cacheBlock:inst2|lpm_dff:inst6                                                                ;
;       |lpm_dff:inst|                ; 8 (8)       ; 8            ; 0           ; 0            ; 0       ; 0         ; 0         ; 0    ; 0            ; 0 (0)        ; 8 (8)             ; 0 (0)            ; 0 (0)           ; |cache|cacheBlock:inst2|lpm_dff:inst                                                                 ;
;    |cacheBlock:inst3|               ; 21 (0)      ; 20           ; 0           ; 0            ; 0       ; 0         ; 0         ; 0    ; 0            ; 1 (0)        ; 8 (0)             ; 12 (0)           ; 0 (0)           ; |cache|cacheBlock:inst3                                                                              ;
;       |lpm_compare:inst8|           ; 5 (0)       ; 4            ; 0           ; 0            ; 0       ; 0         ; 0         ; 0    ; 0            ; 1 (0)        ; 0 (0)             ; 4 (0)            ; 0 (0)           ; |cache|cacheBlock:inst3|lpm_compare:inst8                                                            ;
;          |comptree:comparator|      ; 5 (0)       ; 4            ; 0           ; 0            ; 0       ; 0         ; 0         ; 0    ; 0            ; 1 (0)        ; 0 (0)             ; 4 (0)            ; 0 (0)           ; |cache|cacheBlock:inst3|lpm_compare:inst8|comptree:comparator                                        ;
;             |cmpchain:cmp[0]|       ; 1 (1)       ; 1            ; 0           ; 0            ; 0       ; 0         ; 0         ; 0    ; 0            ; 0 (0)        ; 0 (0)             ; 1 (1)            ; 0 (0)           ; |cache|cacheBlock:inst3|lpm_compare:inst8|comptree:comparator|cmpchain:cmp[0]                        ;
;             |cmpchain:cmp[1]|       ; 1 (1)       ; 1            ; 0           ; 0            ; 0       ; 0         ; 0         ; 0    ; 0            ; 0 (0)        ; 0 (0)             ; 1 (1)            ; 0 (0)           ; |cache|cacheBlock:inst3|lpm_compare:inst8|comptree:comparator|cmpchain:cmp[1]                        ;
;             |cmpchain:cmp[2]|       ; 1 (1)       ; 1            ; 0           ; 0            ; 0       ; 0         ; 0         ; 0    ; 0            ; 0 (0)        ; 0 (0)             ; 1 (1)            ; 0 (0)           ; |cache|cacheBlock:inst3|lpm_compare:inst8|comptree:comparator|cmpchain:cmp[2]                        ;
;             |cmpchain:cmp[3]|       ; 1 (1)       ; 1            ; 0           ; 0            ; 0       ; 0         ; 0         ; 0    ; 0            ; 0 (0)        ; 0 (0)             ; 1 (1)            ; 0 (0)           ; |cache|cacheBlock:inst3|lpm_compare:inst8|comptree:comparator|cmpchain:cmp[3]                        ;
;             |comptree:sub_comptree| ; 1 (0)       ; 0            ; 0           ; 0            ; 0       ; 0         ; 0         ; 0    ; 0            ; 1 (0)        ; 0 (0)             ; 0 (0)            ; 0 (0)           ; |cache|cacheBlock:inst3|lpm_compare:inst8|comptree:comparator|comptree:sub_comptree                  ;
;                |cmpchain:cmp_end|   ; 1 (1)       ; 0            ; 0           ; 0            ; 0       ; 0         ; 0         ; 0    ; 0            ; 1 (1)        ; 0 (0)             ; 0 (0)            ; 0 (0)           ; |cache|cacheBlock:inst3|lpm_compare:inst8|comptree:comparator|comptree:sub_comptree|cmpchain:cmp_end ;
;       |lpm_dff:inst6|               ; 8 (8)       ; 8            ; 0           ; 0            ; 0       ; 0         ; 0         ; 0    ; 0            ; 0 (0)        ; 8 (8)             ; 0 (0)            ; 0 (0)           ; |cache|cacheBlock:inst3|lpm_dff:inst6                                                                ;
;       |lpm_dff:inst|                ; 8 (8)       ; 8            ; 0           ; 0            ; 0       ; 0         ; 0         ; 0    ; 0            ; 0 (0)        ; 0 (0)             ; 8 (8)            ; 0 (0)           ; |cache|cacheBlock:inst3|lpm_dff:inst                                                                 ;
;    |cacheBlock:inst4|               ; 21 (0)      ; 20           ; 0           ; 0            ; 0       ; 0         ; 0         ; 0    ; 0            ; 1 (0)        ; 8 (0)             ; 12 (0)           ; 0 (0)           ; |cache|cacheBlock:inst4                                                                              ;
;       |lpm_compare:inst8|           ; 5 (0)       ; 4            ; 0           ; 0            ; 0       ; 0         ; 0         ; 0    ; 0            ; 1 (0)        ; 0 (0)             ; 4 (0)            ; 0 (0)           ; |cache|cacheBlock:inst4|lpm_compare:inst8                                                            ;
;          |comptree:comparator|      ; 5 (0)       ; 4            ; 0           ; 0            ; 0       ; 0         ; 0         ; 0    ; 0            ; 1 (0)        ; 0 (0)             ; 4 (0)            ; 0 (0)           ; |cache|cacheBlock:inst4|lpm_compare:inst8|comptree:comparator                                        ;
;             |cmpchain:cmp[0]|       ; 1 (1)       ; 1            ; 0           ; 0            ; 0       ; 0         ; 0         ; 0    ; 0            ; 0 (0)        ; 0 (0)             ; 1 (1)            ; 0 (0)           ; |cache|cacheBlock:inst4|lpm_compare:inst8|comptree:comparator|cmpchain:cmp[0]                        ;
;             |cmpchain:cmp[1]|       ; 1 (1)       ; 1            ; 0           ; 0            ; 0       ; 0         ; 0         ; 0    ; 0            ; 0 (0)        ; 0 (0)             ; 1 (1)            ; 0 (0)           ; |cache|cacheBlock:inst4|lpm_compare:inst8|comptree:comparator|cmpchain:cmp[1]                        ;
;             |cmpchain:cmp[2]|       ; 1 (1)       ; 1            ; 0           ; 0            ; 0       ; 0         ; 0         ; 0    ; 0            ; 0 (0)        ; 0 (0)             ; 1 (1)            ; 0 (0)           ; |cache|cacheBlock:inst4|lpm_compare:inst8|comptree:comparator|cmpchain:cmp[2]                        ;
;             |cmpchain:cmp[3]|       ; 1 (1)       ; 1            ; 0           ; 0            ; 0       ; 0         ; 0         ; 0    ; 0            ; 0 (0)        ; 0 (0)             ; 1 (1)            ; 0 (0)           ; |cache|cacheBlock:inst4|lpm_compare:inst8|comptree:comparator|cmpchain:cmp[3]                        ;
;             |comptree:sub_comptree| ; 1 (0)       ; 0            ; 0           ; 0            ; 0       ; 0         ; 0         ; 0    ; 0            ; 1 (0)        ; 0 (0)             ; 0 (0)            ; 0 (0)           ; |cache|cacheBlock:inst4|lpm_compare:inst8|comptree:comparator|comptree:sub_comptree                  ;
;                |cmpchain:cmp_end|   ; 1 (1)       ; 0            ; 0           ; 0            ; 0       ; 0         ; 0         ; 0    ; 0            ; 1 (1)        ; 0 (0)             ; 0 (0)            ; 0 (0)           ; |cache|cacheBlock:inst4|lpm_compare:inst8|comptree:comparator|comptree:sub_comptree|cmpchain:cmp_end ;
;       |lpm_dff:inst6|               ; 8 (8)       ; 8            ; 0           ; 0            ; 0       ; 0         ; 0         ; 0    ; 0            ; 0 (0)        ; 8 (8)             ; 0 (0)            ; 0 (0)           ; |cache|cacheBlock:inst4|lpm_dff:inst6                                                                ;
;       |lpm_dff:inst|                ; 8 (8)       ; 8            ; 0           ; 0            ; 0       ; 0         ; 0         ; 0    ; 0            ; 0 (0)        ; 0 (0)             ; 8 (8)            ; 0 (0)           ; |cache|cacheBlock:inst4|lpm_dff:inst                                                                 ;
;    |cacheBlock:inst5|               ; 21 (0)      ; 20           ; 0           ; 0            ; 0       ; 0         ; 0         ; 0    ; 0            ; 1 (0)        ; 16 (0)            ; 4 (0)            ; 0 (0)           ; |cache|cacheBlock:inst5                                                                              ;
;       |lpm_compare:inst8|           ; 5 (0)       ; 4            ; 0           ; 0            ; 0       ; 0         ; 0         ; 0    ; 0            ; 1 (0)        ; 0 (0)             ; 4 (0)            ; 0 (0)           ; |cache|cacheBlock:inst5|lpm_compare:inst8                                                            ;
;          |comptree:comparator|      ; 5 (0)       ; 4            ; 0           ; 0            ; 0       ; 0         ; 0         ; 0    ; 0            ; 1 (0)        ; 0 (0)             ; 4 (0)            ; 0 (0)           ; |cache|cacheBlock:inst5|lpm_compare:inst8|comptree:comparator                                        ;
;             |cmpchain:cmp[0]|       ; 1 (1)       ; 1            ; 0           ; 0            ; 0       ; 0         ; 0         ; 0    ; 0            ; 0 (0)        ; 0 (0)             ; 1 (1)            ; 0 (0)           ; |cache|cacheBlock:inst5|lpm_compare:inst8|comptree:comparator|cmpchain:cmp[0]                        ;
;             |cmpchain:cmp[1]|       ; 1 (1)       ; 1            ; 0           ; 0            ; 0       ; 0         ; 0         ; 0    ; 0            ; 0 (0)        ; 0 (0)             ; 1 (1)            ; 0 (0)           ; |cache|cacheBlock:inst5|lpm_compare:inst8|comptree:comparator|cmpchain:cmp[1]                        ;
;             |cmpchain:cmp[2]|       ; 1 (1)       ; 1            ; 0           ; 0            ; 0       ; 0         ; 0         ; 0    ; 0            ; 0 (0)        ; 0 (0)             ; 1 (1)            ; 0 (0)           ; |cache|cacheBlock:inst5|lpm_compare:inst8|comptree:comparator|cmpchain:cmp[2]                        ;
;             |cmpchain:cmp[3]|       ; 1 (1)       ; 1            ; 0           ; 0            ; 0       ; 0         ; 0         ; 0    ; 0            ; 0 (0)        ; 0 (0)             ; 1 (1)            ; 0 (0)           ; |cache|cacheBlock:inst5|lpm_compare:inst8|comptree:comparator|cmpchain:cmp[3]                        ;
;             |comptree:sub_comptree| ; 1 (0)       ; 0            ; 0           ; 0            ; 0       ; 0         ; 0         ; 0    ; 0            ; 1 (0)        ; 0 (0)             ; 0 (0)            ; 0 (0)           ; |cache|cacheBlock:inst5|lpm_compare:inst8|comptree:comparator|comptree:sub_comptree                  ;
;                |cmpchain:cmp_end|   ; 1 (1)       ; 0            ; 0           ; 0            ; 0       ; 0         ; 0         ; 0    ; 0            ; 1 (1)        ; 0 (0)             ; 0 (0)            ; 0 (0)           ; |cache|cacheBlock:inst5|lpm_compare:inst8|comptree:comparator|comptree:sub_comptree|cmpchain:cmp_end ;
;       |lpm_dff:inst6|               ; 8 (8)       ; 8            ; 0           ; 0            ; 0       ; 0         ; 0         ; 0    ; 0            ; 0 (0)        ; 8 (8)             ; 0 (0)            ; 0 (0)           ; |cache|cacheBlock:inst5|lpm_dff:inst6                                                                ;
;       |lpm_dff:inst|                ; 8 (8)       ; 8            ; 0           ; 0            ; 0       ; 0         ; 0         ; 0    ; 0            ; 0 (0)        ; 8 (8)             ; 0 (0)            ; 0 (0)           ; |cache|cacheBlock:inst5|lpm_dff:inst                                                                 ;
;    |cacheBlock:inst6|               ; 21 (0)      ; 20           ; 0           ; 0            ; 0       ; 0         ; 0         ; 0    ; 0            ; 1 (0)        ; 8 (0)             ; 12 (0)           ; 0 (0)           ; |cache|cacheBlock:inst6                                                                              ;
;       |lpm_compare:inst8|           ; 5 (0)       ; 4            ; 0           ; 0            ; 0       ; 0         ; 0         ; 0    ; 0            ; 1 (0)        ; 0 (0)             ; 4 (0)            ; 0 (0)           ; |cache|cacheBlock:inst6|lpm_compare:inst8                                                            ;
;          |comptree:comparator|      ; 5 (0)       ; 4            ; 0           ; 0            ; 0       ; 0         ; 0         ; 0    ; 0            ; 1 (0)        ; 0 (0)             ; 4 (0)            ; 0 (0)           ; |cache|cacheBlock:inst6|lpm_compare:inst8|comptree:comparator                                        ;
;             |cmpchain:cmp[0]|       ; 1 (1)       ; 1            ; 0           ; 0            ; 0       ; 0         ; 0         ; 0    ; 0            ; 0 (0)        ; 0 (0)             ; 1 (1)            ; 0 (0)           ; |cache|cacheBlock:inst6|lpm_compare:inst8|comptree:comparator|cmpchain:cmp[0]                        ;
;             |cmpchain:cmp[1]|       ; 1 (1)       ; 1            ; 0           ; 0            ; 0       ; 0         ; 0         ; 0    ; 0            ; 0 (0)        ; 0 (0)             ; 1 (1)            ; 0 (0)           ; |cache|cacheBlock:inst6|lpm_compare:inst8|comptree:comparator|cmpchain:cmp[1]                        ;
;             |cmpchain:cmp[2]|       ; 1 (1)       ; 1            ; 0           ; 0            ; 0       ; 0         ; 0         ; 0    ; 0            ; 0 (0)        ; 0 (0)             ; 1 (1)            ; 0 (0)           ; |cache|cacheBlock:inst6|lpm_compare:inst8|comptree:comparator|cmpchain:cmp[2]                        ;
;             |cmpchain:cmp[3]|       ; 1 (1)       ; 1            ; 0           ; 0            ; 0       ; 0         ; 0         ; 0    ; 0            ; 0 (0)        ; 0 (0)             ; 1 (1)            ; 0 (0)           ; |cache|cacheBlock:inst6|lpm_compare:inst8|comptree:comparator|cmpchain:cmp[3]                        ;
;             |comptree:sub_comptree| ; 1 (0)       ; 0            ; 0           ; 0            ; 0       ; 0         ; 0         ; 0    ; 0            ; 1 (0)        ; 0 (0)             ; 0 (0)            ; 0 (0)           ; |cache|cacheBlock:inst6|lpm_compare:inst8|comptree:comparator|comptree:sub_comptree                  ;
;                |cmpchain:cmp_end|   ; 1 (1)       ; 0            ; 0           ; 0            ; 0       ; 0         ; 0         ; 0    ; 0            ; 1 (1)        ; 0 (0)             ; 0 (0)            ; 0 (0)           ; |cache|cacheBlock:inst6|lpm_compare:inst8|comptree:comparator|comptree:sub_comptree|cmpchain:cmp_end ;
;       |lpm_dff:inst6|               ; 8 (8)       ; 8            ; 0           ; 0            ; 0       ; 0         ; 0         ; 0    ; 0            ; 0 (0)        ; 8 (8)             ; 0 (0)            ; 0 (0)           ; |cache|cacheBlock:inst6|lpm_dff:inst6                                                                ;
;       |lpm_dff:inst|                ; 8 (8)       ; 8            ; 0           ; 0            ; 0       ; 0         ; 0         ; 0    ; 0            ; 0 (0)        ; 0 (0)             ; 8 (8)            ; 0 (0)           ; |cache|cacheBlock:inst6|lpm_dff:inst                                                                 ;
;    |cacheBlock:inst7|               ; 21 (0)      ; 20           ; 0           ; 0            ; 0       ; 0         ; 0         ; 0    ; 0            ; 1 (0)        ; 16 (0)            ; 4 (0)            ; 0 (0)           ; |cache|cacheBlock:inst7                                                                              ;
;       |lpm_compare:inst8|           ; 5 (0)       ; 4            ; 0           ; 0            ; 0       ; 0         ; 0         ; 0    ; 0            ; 1 (0)        ; 0 (0)             ; 4 (0)            ; 0 (0)           ; |cache|cacheBlock:inst7|lpm_compare:inst8                                                            ;
;          |comptree:comparator|      ; 5 (0)       ; 4            ; 0           ; 0            ; 0       ; 0         ; 0         ; 0    ; 0            ; 1 (0)        ; 0 (0)             ; 4 (0)            ; 0 (0)           ; |cache|cacheBlock:inst7|lpm_compare:inst8|comptree:comparator                                        ;
;             |cmpchain:cmp[0]|       ; 1 (1)       ; 1            ; 0           ; 0            ; 0       ; 0         ; 0         ; 0    ; 0            ; 0 (0)        ; 0 (0)             ; 1 (1)            ; 0 (0)           ; |cache|cacheBlock:inst7|lpm_compare:inst8|comptree:comparator|cmpchain:cmp[0]                        ;
;             |cmpchain:cmp[1]|       ; 1 (1)       ; 1            ; 0           ; 0            ; 0       ; 0         ; 0         ; 0    ; 0            ; 0 (0)        ; 0 (0)             ; 1 (1)            ; 0 (0)           ; |cache|cacheBlock:inst7|lpm_compare:inst8|comptree:comparator|cmpchain:cmp[1]                        ;
;             |cmpchain:cmp[2]|       ; 1 (1)       ; 1            ; 0           ; 0            ; 0       ; 0         ; 0         ; 0    ; 0            ; 0 (0)        ; 0 (0)             ; 1 (1)            ; 0 (0)           ; |cache|cacheBlock:inst7|lpm_compare:inst8|comptree:comparator|cmpchain:cmp[2]                        ;
;             |cmpchain:cmp[3]|       ; 1 (1)       ; 1            ; 0           ; 0            ; 0       ; 0         ; 0         ; 0    ; 0            ; 0 (0)        ; 0 (0)             ; 1 (1)            ; 0 (0)           ; |cache|cacheBlock:inst7|lpm_compare:inst8|comptree:comparator|cmpchain:cmp[3]                        ;
;             |comptree:sub_comptree| ; 1 (0)       ; 0            ; 0           ; 0            ; 0       ; 0         ; 0         ; 0    ; 0            ; 1 (0)        ; 0 (0)             ; 0 (0)            ; 0 (0)           ; |cache|cacheBlock:inst7|lpm_compare:inst8|comptree:comparator|comptree:sub_comptree                  ;
;                |cmpchain:cmp_end|   ; 1 (1)       ; 0            ; 0           ; 0            ; 0       ; 0         ; 0         ; 0    ; 0            ; 1 (1)        ; 0 (0)             ; 0 (0)            ; 0 (0)           ; |cache|cacheBlock:inst7|lpm_compare:inst8|comptree:comparator|comptree:sub_comptree|cmpchain:cmp_end ;
;       |lpm_dff:inst6|               ; 8 (8)       ; 8            ; 0           ; 0            ; 0       ; 0         ; 0         ; 0    ; 0            ; 0 (0)        ; 8 (8)             ; 0 (0)            ; 0 (0)           ; |cache|cacheBlock:inst7|lpm_dff:inst6                                                                ;
;       |lpm_dff:inst|                ; 8 (8)       ; 8            ; 0           ; 0            ; 0       ; 0         ; 0         ; 0    ; 0            ; 0 (0)        ; 8 (8)             ; 0 (0)            ; 0 (0)           ; |cache|cacheBlock:inst7|lpm_dff:inst                                                                 ;
;    |cacheBlock:inst8|               ; 21 (0)      ; 20           ; 0           ; 0            ; 0       ; 0         ; 0         ; 0    ; 0            ; 1 (0)        ; 8 (0)             ; 12 (0)           ; 0 (0)           ; |cache|cacheBlock:inst8                                                                              ;
;       |lpm_compare:inst8|           ; 5 (0)       ; 4            ; 0           ; 0            ; 0       ; 0         ; 0         ; 0    ; 0            ; 1 (0)        ; 0 (0)             ; 4 (0)            ; 0 (0)           ; |cache|cacheBlock:inst8|lpm_compare:inst8                                                            ;
;          |comptree:comparator|      ; 5 (0)       ; 4            ; 0           ; 0            ; 0       ; 0         ; 0         ; 0    ; 0            ; 1 (0)        ; 0 (0)             ; 4 (0)            ; 0 (0)           ; |cache|cacheBlock:inst8|lpm_compare:inst8|comptree:comparator                                        ;
;             |cmpchain:cmp[0]|       ; 1 (1)       ; 1            ; 0           ; 0            ; 0       ; 0         ; 0         ; 0    ; 0            ; 0 (0)        ; 0 (0)             ; 1 (1)            ; 0 (0)           ; |cache|cacheBlock:inst8|lpm_compare:inst8|comptree:comparator|cmpchain:cmp[0]                        ;
;             |cmpchain:cmp[1]|       ; 1 (1)       ; 1            ; 0           ; 0            ; 0       ; 0         ; 0         ; 0    ; 0            ; 0 (0)        ; 0 (0)             ; 1 (1)            ; 0 (0)           ; |cache|cacheBlock:inst8|lpm_compare:inst8|comptree:comparator|cmpchain:cmp[1]                        ;
;             |cmpchain:cmp[2]|       ; 1 (1)       ; 1            ; 0           ; 0            ; 0       ; 0         ; 0         ; 0    ; 0            ; 0 (0)        ; 0 (0)             ; 1 (1)            ; 0 (0)           ; |cache|cacheBlock:inst8|lpm_compare:inst8|comptree:comparator|cmpchain:cmp[2]                        ;
;             |cmpchain:cmp[3]|       ; 1 (1)       ; 1            ; 0           ; 0            ; 0       ; 0         ; 0         ; 0    ; 0            ; 0 (0)        ; 0 (0)             ; 1 (1)            ; 0 (0)           ; |cache|cacheBlock:inst8|lpm_compare:inst8|comptree:comparator|cmpchain:cmp[3]                        ;
;             |comptree:sub_comptree| ; 1 (0)       ; 0            ; 0           ; 0            ; 0       ; 0         ; 0         ; 0    ; 0            ; 1 (0)        ; 0 (0)             ; 0 (0)            ; 0 (0)           ; |cache|cacheBlock:inst8|lpm_compare:inst8|comptree:comparator|comptree:sub_comptree                  ;
;                |cmpchain:cmp_end|   ; 1 (1)       ; 0            ; 0           ; 0            ; 0       ; 0         ; 0         ; 0    ; 0            ; 1 (1)        ; 0 (0)             ; 0 (0)            ; 0 (0)           ; |cache|cacheBlock:inst8|lpm_compare:inst8|comptree:comparator|comptree:sub_comptree|cmpchain:cmp_end ;
;       |lpm_dff:inst6|               ; 8 (8)       ; 8            ; 0           ; 0            ; 0       ; 0         ; 0         ; 0    ; 0            ; 0 (0)        ; 8 (8)             ; 0 (0)            ; 0 (0)           ; |cache|cacheBlock:inst8|lpm_dff:inst6                                                                ;
;       |lpm_dff:inst|                ; 8 (8)       ; 8            ; 0           ; 0            ; 0       ; 0         ; 0         ; 0    ; 0            ; 0 (0)        ; 0 (0)             ; 8 (8)            ; 0 (0)           ; |cache|cacheBlock:inst8|lpm_dff:inst                                                                 ;
;    |coder:inst38|                   ; 2 (2)       ; 0            ; 0           ; 0            ; 0       ; 0         ; 0         ; 0    ; 0            ; 2 (2)        ; 0 (0)             ; 0 (0)            ; 0 (0)           ; |cache|coder:inst38                                                                                  ;
;    |lpm_counter:inst30|             ; 3 (0)       ; 3            ; 0           ; 0            ; 0       ; 0         ; 0         ; 0    ; 0            ; 0 (0)        ; 0 (0)             ; 3 (0)            ; 3 (0)           ; |cache|lpm_counter:inst30                                                                            ;
;       |cntr_lq5:auto_generated|     ; 3 (3)       ; 3            ; 0           ; 0            ; 0       ; 0         ; 0         ; 0    ; 0            ; 0 (0)        ; 0 (0)             ; 3 (3)            ; 3 (3)           ; |cache|lpm_counter:inst30|cntr_lq5:auto_generated                                                    ;
+-------------------------------------+-------------+--------------+-------------+--------------+---------+-----------+-----------+------+--------------+--------------+-------------------+------------------+-----------------+------------------------------------------------------------------------------------------------------+
Note: For table entries with two numbers listed, the numbers in parentheses indicate the number of resources of the given type used by the specific entity alone. The numbers listed outside of parentheses indicate the total resources of the given type used by the specific entity and all of its sub-entities in the hierarchy.


+---------------------------------------------------------------------------------------------------------------------------------------------------------------------------------------------------------------------------------------------------------------------+
; Delay Chain Summary                                                                                                                                                                                                                                                 ;
+------------------+----------+---------------+---------------+-----------------------+-------------------------+----------------------------------------+---------------------------------+--------------------------------+-----+------+----------------------------+
; Name             ; Pin Type ; Pad to Core 0 ; Pad to Core 1 ; Pad to Input Register ; Core to Output Register ; Clock Enable to Output Enable Register ; Clock Enable to Output Register ; Clock Enable to Input Register ; TCO ; TCOE ; Falling Edge Output Enable ;
+------------------+----------+---------------+---------------+-----------------------+-------------------------+----------------------------------------+---------------------------------+--------------------------------+-----+------+----------------------------+
; in_Addr[7]       ; Input    ; ON            ; ON            ; --                    ; --                      ; --                                     ; --                              ; --                             ; --  ; --   ; --                         ;
; in_Addr[6]       ; Input    ; ON            ; ON            ; --                    ; --                      ; --                                     ; --                              ; --                             ; --  ; --   ; --                         ;
; in_Addr[5]       ; Input    ; ON            ; ON            ; --                    ; --                      ; --                                     ; --                              ; --                             ; --  ; --   ; --                         ;
; in_Addr[4]       ; Input    ; ON            ; ON            ; --                    ; --                      ; --                                     ; --                              ; --                             ; --  ; --   ; --                         ;
; in_Addr[3]       ; Input    ; ON            ; ON            ; --                    ; --                      ; --                                     ; --                              ; --                             ; --  ; --   ; --                         ;
; in_Addr[2]       ; Input    ; ON            ; ON            ; --                    ; --                      ; --                                     ; --                              ; --                             ; --  ; --   ; --                         ;
; in_Addr[1]       ; Input    ; ON            ; ON            ; --                    ; --                      ; --                                     ; --                              ; --                             ; --  ; --   ; --                         ;
; in_Addr[0]       ; Input    ; ON            ; ON            ; --                    ; --                      ; --                                     ; --                              ; --                             ; --  ; --   ; --                         ;
; RD               ; Input    ; ON            ; ON            ; --                    ; --                      ; --                                     ; --                              ; --                             ; --  ; --   ; --                         ;
; inData[7]        ; Input    ; ON            ; ON            ; --                    ; --                      ; --                                     ; --                              ; --                             ; --  ; --   ; --                         ;
; inData[6]        ; Input    ; ON            ; ON            ; --                    ; --                      ; --                                     ; --                              ; --                             ; --  ; --   ; --                         ;
; inData[5]        ; Input    ; ON            ; ON            ; --                    ; --                      ; --                                     ; --                              ; --                             ; --  ; --   ; --                         ;
; inData[4]        ; Input    ; ON            ; ON            ; --                    ; --                      ; --                                     ; --                              ; --                             ; --  ; --   ; --                         ;
; inData[3]        ; Input    ; ON            ; ON            ; --                    ; --                      ; --                                     ; --                              ; --                             ; --  ; --   ; --                         ;
; inData[2]        ; Input    ; ON            ; ON            ; --                    ; --                      ; --                                     ; --                              ; --                             ; --  ; --   ; --                         ;
; inData[1]        ; Input    ; ON            ; ON            ; --                    ; --                      ; --                                     ; --                              ; --                             ; --  ; --   ; --                         ;
; inData[0]        ; Input    ; ON            ; ON            ; --                    ; --                      ; --                                     ; --                              ; --                             ; --  ; --   ; --                         ;
; CLK              ; Input    ; OFF           ; OFF           ; --                    ; --                      ; --                                     ; --                              ; --                             ; --  ; --   ; --                         ;
; WR               ; Input    ; ON            ; ON            ; --                    ; --                      ; --                                     ; --                              ; --                             ; --  ; --   ; --                         ;
; Hit              ; Output   ; --            ; --            ; --                    ; --                      ; --                                     ; --                              ; --                             ; --  ; OFF  ; OFF                        ;
; localAddrs[7][7] ; Output   ; --            ; --            ; --                    ; --                      ; --                                     ; --                              ; --                             ; --  ; OFF  ; OFF                        ;
; localAddrs[7][6] ; Output   ; --            ; --            ; --                    ; --                      ; --                                     ; --                              ; --                             ; --  ; OFF  ; OFF                        ;
; localAddrs[7][5] ; Output   ; --            ; --            ; --                    ; --                      ; --                                     ; --                              ; --                             ; --  ; OFF  ; OFF                        ;
; localAddrs[7][4] ; Output   ; --            ; --            ; --                    ; --                      ; --                                     ; --                              ; --                             ; --  ; OFF  ; OFF                        ;
; localAddrs[7][3] ; Output   ; --            ; --            ; --                    ; --                      ; --                                     ; --                              ; --                             ; --  ; OFF  ; OFF                        ;
; localAddrs[7][2] ; Output   ; --            ; --            ; --                    ; --                      ; --                                     ; --                              ; --                             ; --  ; OFF  ; OFF                        ;
; localAddrs[7][1] ; Output   ; --            ; --            ; --                    ; --                      ; --                                     ; --                              ; --                             ; --  ; OFF  ; OFF                        ;
; localAddrs[7][0] ; Output   ; --            ; --            ; --                    ; --                      ; --                                     ; --                              ; --                             ; --  ; OFF  ; OFF                        ;
; localAddrs[6][7] ; Output   ; --            ; --            ; --                    ; --                      ; --                                     ; --                              ; --                             ; --  ; OFF  ; OFF                        ;
; localAddrs[6][6] ; Output   ; --            ; --            ; --                    ; --                      ; --                                     ; --                              ; --                             ; --  ; OFF  ; OFF                        ;
; localAddrs[6][5] ; Output   ; --            ; --            ; --                    ; --                      ; --                                     ; --                              ; --                             ; --  ; OFF  ; OFF                        ;
; localAddrs[6][4] ; Output   ; --            ; --            ; --                    ; --                      ; --                                     ; --                              ; --                             ; --  ; OFF  ; OFF                        ;
; localAddrs[6][3] ; Output   ; --            ; --            ; --                    ; --                      ; --                                     ; --                              ; --                             ; --  ; OFF  ; OFF                        ;
; localAddrs[6][2] ; Output   ; --            ; --            ; --                    ; --                      ; --                                     ; --                              ; --                             ; --  ; OFF  ; OFF                        ;
; localAddrs[6][1] ; Output   ; --            ; --            ; --                    ; --                      ; --                                     ; --                              ; --                             ; --  ; OFF  ; OFF                        ;
; localAddrs[6][0] ; Output   ; --            ; --            ; --                    ; --                      ; --                                     ; --                              ; --                             ; --  ; OFF  ; OFF                        ;
; localAddrs[5][7] ; Output   ; --            ; --            ; --                    ; --                      ; --                                     ; --                              ; --                             ; --  ; OFF  ; OFF                        ;
; localAddrs[5][6] ; Output   ; --            ; --            ; --                    ; --                      ; --                                     ; --                              ; --                             ; --  ; OFF  ; OFF                        ;
; localAddrs[5][5] ; Output   ; --            ; --            ; --                    ; --                      ; --                                     ; --                              ; --                             ; --  ; OFF  ; OFF                        ;
; localAddrs[5][4] ; Output   ; --            ; --            ; --                    ; --                      ; --                                     ; --                              ; --                             ; --  ; OFF  ; OFF                        ;
; localAddrs[5][3] ; Output   ; --            ; --            ; --                    ; --                      ; --                                     ; --                              ; --                             ; --  ; OFF  ; OFF                        ;
; localAddrs[5][2] ; Output   ; --            ; --            ; --                    ; --                      ; --                                     ; --                              ; --                             ; --  ; OFF  ; OFF                        ;
; localAddrs[5][1] ; Output   ; --            ; --            ; --                    ; --                      ; --                                     ; --                              ; --                             ; --  ; OFF  ; OFF                        ;
; localAddrs[5][0] ; Output   ; --            ; --            ; --                    ; --                      ; --                                     ; --                              ; --                             ; --  ; OFF  ; OFF                        ;
; localAddrs[4][7] ; Output   ; --            ; --            ; --                    ; --                      ; --                                     ; --                              ; --                             ; --  ; OFF  ; OFF                        ;
; localAddrs[4][6] ; Output   ; --            ; --            ; --                    ; --                      ; --                                     ; --                              ; --                             ; --  ; OFF  ; OFF                        ;
; localAddrs[4][5] ; Output   ; --            ; --            ; --                    ; --                      ; --                                     ; --                              ; --                             ; --  ; OFF  ; OFF                        ;
; localAddrs[4][4] ; Output   ; --            ; --            ; --                    ; --                      ; --                                     ; --                              ; --                             ; --  ; OFF  ; OFF                        ;
; localAddrs[4][3] ; Output   ; --            ; --            ; --                    ; --                      ; --                                     ; --                              ; --                             ; --  ; OFF  ; OFF                        ;
; localAddrs[4][2] ; Output   ; --            ; --            ; --                    ; --                      ; --                                     ; --                              ; --                             ; --  ; OFF  ; OFF                        ;
; localAddrs[4][1] ; Output   ; --            ; --            ; --                    ; --                      ; --                                     ; --                              ; --                             ; --  ; OFF  ; OFF                        ;
; localAddrs[4][0] ; Output   ; --            ; --            ; --                    ; --                      ; --                                     ; --                              ; --                             ; --  ; OFF  ; OFF                        ;
; localAddrs[3][7] ; Output   ; --            ; --            ; --                    ; --                      ; --                                     ; --                              ; --                             ; --  ; OFF  ; OFF                        ;
; localAddrs[3][6] ; Output   ; --            ; --            ; --                    ; --                      ; --                                     ; --                              ; --                             ; --  ; OFF  ; OFF                        ;
; localAddrs[3][5] ; Output   ; --            ; --            ; --                    ; --                      ; --                                     ; --                              ; --                             ; --  ; OFF  ; OFF                        ;
; localAddrs[3][4] ; Output   ; --            ; --            ; --                    ; --                      ; --                                     ; --                              ; --                             ; --  ; OFF  ; OFF                        ;
; localAddrs[3][3] ; Output   ; --            ; --            ; --                    ; --                      ; --                                     ; --                              ; --                             ; --  ; OFF  ; OFF                        ;
; localAddrs[3][2] ; Output   ; --            ; --            ; --                    ; --                      ; --                                     ; --                              ; --                             ; --  ; OFF  ; OFF                        ;
; localAddrs[3][1] ; Output   ; --            ; --            ; --                    ; --                      ; --                                     ; --                              ; --                             ; --  ; OFF  ; OFF                        ;
; localAddrs[3][0] ; Output   ; --            ; --            ; --                    ; --                      ; --                                     ; --                              ; --                             ; --  ; OFF  ; OFF                        ;
; localAddrs[2][7] ; Output   ; --            ; --            ; --                    ; --                      ; --                                     ; --                              ; --                             ; --  ; OFF  ; OFF                        ;
; localAddrs[2][6] ; Output   ; --            ; --            ; --                    ; --                      ; --                                     ; --                              ; --                             ; --  ; OFF  ; OFF                        ;
; localAddrs[2][5] ; Output   ; --            ; --            ; --                    ; --                      ; --                                     ; --                              ; --                             ; --  ; OFF  ; OFF                        ;
; localAddrs[2][4] ; Output   ; --            ; --            ; --                    ; --                      ; --                                     ; --                              ; --                             ; --  ; OFF  ; OFF                        ;
; localAddrs[2][3] ; Output   ; --            ; --            ; --                    ; --                      ; --                                     ; --                              ; --                             ; --  ; OFF  ; OFF                        ;
; localAddrs[2][2] ; Output   ; --            ; --            ; --                    ; --                      ; --                                     ; --                              ; --                             ; --  ; OFF  ; OFF                        ;
; localAddrs[2][1] ; Output   ; --            ; --            ; --                    ; --                      ; --                                     ; --                              ; --                             ; --  ; OFF  ; OFF                        ;
; localAddrs[2][0] ; Output   ; --            ; --            ; --                    ; --                      ; --                                     ; --                              ; --                             ; --  ; OFF  ; OFF                        ;
; localAddrs[1][7] ; Output   ; --            ; --            ; --                    ; --                      ; --                                     ; --                              ; --                             ; --  ; OFF  ; OFF                        ;
; localAddrs[1][6] ; Output   ; --            ; --            ; --                    ; --                      ; --                                     ; --                              ; --                             ; --  ; OFF  ; OFF                        ;
; localAddrs[1][5] ; Output   ; --            ; --            ; --                    ; --                      ; --                                     ; --                              ; --                             ; --  ; OFF  ; OFF                        ;
; localAddrs[1][4] ; Output   ; --            ; --            ; --                    ; --                      ; --                                     ; --                              ; --                             ; --  ; OFF  ; OFF                        ;
; localAddrs[1][3] ; Output   ; --            ; --            ; --                    ; --                      ; --                                     ; --                              ; --                             ; --  ; OFF  ; OFF                        ;
; localAddrs[1][2] ; Output   ; --            ; --            ; --                    ; --                      ; --                                     ; --                              ; --                             ; --  ; OFF  ; OFF                        ;
; localAddrs[1][1] ; Output   ; --            ; --            ; --                    ; --                      ; --                                     ; --                              ; --                             ; --  ; OFF  ; OFF                        ;
; localAddrs[1][0] ; Output   ; --            ; --            ; --                    ; --                      ; --                                     ; --                              ; --                             ; --  ; OFF  ; OFF                        ;
; localAddrs[0][7] ; Output   ; --            ; --            ; --                    ; --                      ; --                                     ; --                              ; --                             ; --  ; OFF  ; OFF                        ;
; localAddrs[0][6] ; Output   ; --            ; --            ; --                    ; --                      ; --                                     ; --                              ; --                             ; --  ; OFF  ; OFF                        ;
; localAddrs[0][5] ; Output   ; --            ; --            ; --                    ; --                      ; --                                     ; --                              ; --                             ; --  ; OFF  ; OFF                        ;
; localAddrs[0][4] ; Output   ; --            ; --            ; --                    ; --                      ; --                                     ; --                              ; --                             ; --  ; OFF  ; OFF                        ;
; localAddrs[0][3] ; Output   ; --            ; --            ; --                    ; --                      ; --                                     ; --                              ; --                             ; --  ; OFF  ; OFF                        ;
; localAddrs[0][2] ; Output   ; --            ; --            ; --                    ; --                      ; --                                     ; --                              ; --                             ; --  ; OFF  ; OFF                        ;
; localAddrs[0][1] ; Output   ; --            ; --            ; --                    ; --                      ; --                                     ; --                              ; --                             ; --  ; OFF  ; OFF                        ;
; localAddrs[0][0] ; Output   ; --            ; --            ; --                    ; --                      ; --                                     ; --                              ; --                             ; --  ; OFF  ; OFF                        ;
; localData[7][7]  ; Output   ; --            ; --            ; --                    ; --                      ; --                                     ; --                              ; --                             ; --  ; OFF  ; OFF                        ;
; localData[7][6]  ; Output   ; --            ; --            ; --                    ; --                      ; --                                     ; --                              ; --                             ; --  ; OFF  ; OFF                        ;
; localData[7][5]  ; Output   ; --            ; --            ; --                    ; --                      ; --                                     ; --                              ; --                             ; --  ; OFF  ; OFF                        ;
; localData[7][4]  ; Output   ; --            ; --            ; --                    ; --                      ; --                                     ; --                              ; --                             ; --  ; OFF  ; OFF                        ;
; localData[7][3]  ; Output   ; --            ; --            ; --                    ; --                      ; --                                     ; --                              ; --                             ; --  ; OFF  ; OFF                        ;
; localData[7][2]  ; Output   ; --            ; --            ; --                    ; --                      ; --                                     ; --                              ; --                             ; --  ; OFF  ; OFF                        ;
; localData[7][1]  ; Output   ; --            ; --            ; --                    ; --                      ; --                                     ; --                              ; --                             ; --  ; OFF  ; OFF                        ;
; localData[7][0]  ; Output   ; --            ; --            ; --                    ; --                      ; --                                     ; --                              ; --                             ; --  ; OFF  ; OFF                        ;
; localData[6][7]  ; Output   ; --            ; --            ; --                    ; --                      ; --                                     ; --                              ; --                             ; --  ; OFF  ; OFF                        ;
; localData[6][6]  ; Output   ; --            ; --            ; --                    ; --                      ; --                                     ; --                              ; --                             ; --  ; OFF  ; OFF                        ;
; localData[6][5]  ; Output   ; --            ; --            ; --                    ; --                      ; --                                     ; --                              ; --                             ; --  ; OFF  ; OFF                        ;
; localData[6][4]  ; Output   ; --            ; --            ; --                    ; --                      ; --                                     ; --                              ; --                             ; --  ; OFF  ; OFF                        ;
; localData[6][3]  ; Output   ; --            ; --            ; --                    ; --                      ; --                                     ; --                              ; --                             ; --  ; OFF  ; OFF                        ;
; localData[6][2]  ; Output   ; --            ; --            ; --                    ; --                      ; --                                     ; --                              ; --                             ; --  ; OFF  ; OFF                        ;
; localData[6][1]  ; Output   ; --            ; --            ; --                    ; --                      ; --                                     ; --                              ; --                             ; --  ; OFF  ; OFF                        ;
; localData[6][0]  ; Output   ; --            ; --            ; --                    ; --                      ; --                                     ; --                              ; --                             ; --  ; OFF  ; OFF                        ;
; localData[5][7]  ; Output   ; --            ; --            ; --                    ; --                      ; --                                     ; --                              ; --                             ; --  ; OFF  ; OFF                        ;
; localData[5][6]  ; Output   ; --            ; --            ; --                    ; --                      ; --                                     ; --                              ; --                             ; --  ; OFF  ; OFF                        ;
; localData[5][5]  ; Output   ; --            ; --            ; --                    ; --                      ; --                                     ; --                              ; --                             ; --  ; OFF  ; OFF                        ;
; localData[5][4]  ; Output   ; --            ; --            ; --                    ; --                      ; --                                     ; --                              ; --                             ; --  ; OFF  ; OFF                        ;
; localData[5][3]  ; Output   ; --            ; --            ; --                    ; --                      ; --                                     ; --                              ; --                             ; --  ; OFF  ; OFF                        ;
; localData[5][2]  ; Output   ; --            ; --            ; --                    ; --                      ; --                                     ; --                              ; --                             ; --  ; OFF  ; OFF                        ;
; localData[5][1]  ; Output   ; --            ; --            ; --                    ; --                      ; --                                     ; --                              ; --                             ; --  ; OFF  ; OFF                        ;
; localData[5][0]  ; Output   ; --            ; --            ; --                    ; --                      ; --                                     ; --                              ; --                             ; --  ; OFF  ; OFF                        ;
; localData[4][7]  ; Output   ; --            ; --            ; --                    ; --                      ; --                                     ; --                              ; --                             ; --  ; OFF  ; OFF                        ;
; localData[4][6]  ; Output   ; --            ; --            ; --                    ; --                      ; --                                     ; --                              ; --                             ; --  ; OFF  ; OFF                        ;
; localData[4][5]  ; Output   ; --            ; --            ; --                    ; --                      ; --                                     ; --                              ; --                             ; --  ; OFF  ; OFF                        ;
; localData[4][4]  ; Output   ; --            ; --            ; --                    ; --                      ; --                                     ; --                              ; --                             ; --  ; OFF  ; OFF                        ;
; localData[4][3]  ; Output   ; --            ; --            ; --                    ; --                      ; --                                     ; --                              ; --                             ; --  ; OFF  ; OFF                        ;
; localData[4][2]  ; Output   ; --            ; --            ; --                    ; --                      ; --                                     ; --                              ; --                             ; --  ; OFF  ; OFF                        ;
; localData[4][1]  ; Output   ; --            ; --            ; --                    ; --                      ; --                                     ; --                              ; --                             ; --  ; OFF  ; OFF                        ;
; localData[4][0]  ; Output   ; --            ; --            ; --                    ; --                      ; --                                     ; --                              ; --                             ; --  ; OFF  ; OFF                        ;
; localData[3][7]  ; Output   ; --            ; --            ; --                    ; --                      ; --                                     ; --                              ; --                             ; --  ; OFF  ; OFF                        ;
; localData[3][6]  ; Output   ; --            ; --            ; --                    ; --                      ; --                                     ; --                              ; --                             ; --  ; OFF  ; OFF                        ;
; localData[3][5]  ; Output   ; --            ; --            ; --                    ; --                      ; --                                     ; --                              ; --                             ; --  ; OFF  ; OFF                        ;
; localData[3][4]  ; Output   ; --            ; --            ; --                    ; --                      ; --                                     ; --                              ; --                             ; --  ; OFF  ; OFF                        ;
; localData[3][3]  ; Output   ; --            ; --            ; --                    ; --                      ; --                                     ; --                              ; --                             ; --  ; OFF  ; OFF                        ;
; localData[3][2]  ; Output   ; --            ; --            ; --                    ; --                      ; --                                     ; --                              ; --                             ; --  ; OFF  ; OFF                        ;
; localData[3][1]  ; Output   ; --            ; --            ; --                    ; --                      ; --                                     ; --                              ; --                             ; --  ; OFF  ; OFF                        ;
; localData[3][0]  ; Output   ; --            ; --            ; --                    ; --                      ; --                                     ; --                              ; --                             ; --  ; OFF  ; OFF                        ;
; localData[2][7]  ; Output   ; --            ; --            ; --                    ; --                      ; --                                     ; --                              ; --                             ; --  ; OFF  ; OFF                        ;
; localData[2][6]  ; Output   ; --            ; --            ; --                    ; --                      ; --                                     ; --                              ; --                             ; --  ; OFF  ; OFF                        ;
; localData[2][5]  ; Output   ; --            ; --            ; --                    ; --                      ; --                                     ; --                              ; --                             ; --  ; OFF  ; OFF                        ;
; localData[2][4]  ; Output   ; --            ; --            ; --                    ; --                      ; --                                     ; --                              ; --                             ; --  ; OFF  ; OFF                        ;
; localData[2][3]  ; Output   ; --            ; --            ; --                    ; --                      ; --                                     ; --                              ; --                             ; --  ; OFF  ; OFF                        ;
; localData[2][2]  ; Output   ; --            ; --            ; --                    ; --                      ; --                                     ; --                              ; --                             ; --  ; OFF  ; OFF                        ;
; localData[2][1]  ; Output   ; --            ; --            ; --                    ; --                      ; --                                     ; --                              ; --                             ; --  ; OFF  ; OFF                        ;
; localData[2][0]  ; Output   ; --            ; --            ; --                    ; --                      ; --                                     ; --                              ; --                             ; --  ; OFF  ; OFF                        ;
; localData[1][7]  ; Output   ; --            ; --            ; --                    ; --                      ; --                                     ; --                              ; --                             ; --  ; OFF  ; OFF                        ;
; localData[1][6]  ; Output   ; --            ; --            ; --                    ; --                      ; --                                     ; --                              ; --                             ; --  ; OFF  ; OFF                        ;
; localData[1][5]  ; Output   ; --            ; --            ; --                    ; --                      ; --                                     ; --                              ; --                             ; --  ; OFF  ; OFF                        ;
; localData[1][4]  ; Output   ; --            ; --            ; --                    ; --                      ; --                                     ; --                              ; --                             ; --  ; OFF  ; OFF                        ;
; localData[1][3]  ; Output   ; --            ; --            ; --                    ; --                      ; --                                     ; --                              ; --                             ; --  ; OFF  ; OFF                        ;
; localData[1][2]  ; Output   ; --            ; --            ; --                    ; --                      ; --                                     ; --                              ; --                             ; --  ; OFF  ; OFF                        ;
; localData[1][1]  ; Output   ; --            ; --            ; --                    ; --                      ; --                                     ; --                              ; --                             ; --  ; OFF  ; OFF                        ;
; localData[1][0]  ; Output   ; --            ; --            ; --                    ; --                      ; --                                     ; --                              ; --                             ; --  ; OFF  ; OFF                        ;
; localData[0][7]  ; Output   ; --            ; --            ; --                    ; --                      ; --                                     ; --                              ; --                             ; --  ; OFF  ; OFF                        ;
; localData[0][6]  ; Output   ; --            ; --            ; --                    ; --                      ; --                                     ; --                              ; --                             ; --  ; OFF  ; OFF                        ;
; localData[0][5]  ; Output   ; --            ; --            ; --                    ; --                      ; --                                     ; --                              ; --                             ; --  ; OFF  ; OFF                        ;
; localData[0][4]  ; Output   ; --            ; --            ; --                    ; --                      ; --                                     ; --                              ; --                             ; --  ; OFF  ; OFF                        ;
; localData[0][3]  ; Output   ; --            ; --            ; --                    ; --                      ; --                                     ; --                              ; --                             ; --  ; OFF  ; OFF                        ;
; localData[0][2]  ; Output   ; --            ; --            ; --                    ; --                      ; --                                     ; --                              ; --                             ; --  ; OFF  ; OFF                        ;
; localData[0][1]  ; Output   ; --            ; --            ; --                    ; --                      ; --                                     ; --                              ; --                             ; --  ; OFF  ; OFF                        ;
; localData[0][0]  ; Output   ; --            ; --            ; --                    ; --                      ; --                                     ; --                              ; --                             ; --  ; OFF  ; OFF                        ;
; outAddr[7]       ; Output   ; --            ; --            ; --                    ; --                      ; --                                     ; --                              ; --                             ; --  ; OFF  ; OFF                        ;
; outAddr[6]       ; Output   ; --            ; --            ; --                    ; --                      ; --                                     ; --                              ; --                             ; --  ; OFF  ; OFF                        ;
; outAddr[5]       ; Output   ; --            ; --            ; --                    ; --                      ; --                                     ; --                              ; --                             ; --  ; OFF  ; OFF                        ;
; outAddr[4]       ; Output   ; --            ; --            ; --                    ; --                      ; --                                     ; --                              ; --                             ; --  ; OFF  ; OFF                        ;
; outAddr[3]       ; Output   ; --            ; --            ; --                    ; --                      ; --                                     ; --                              ; --                             ; --  ; OFF  ; OFF                        ;
; outAddr[2]       ; Output   ; --            ; --            ; --                    ; --                      ; --                                     ; --                              ; --                             ; --  ; OFF  ; OFF                        ;
; outAddr[1]       ; Output   ; --            ; --            ; --                    ; --                      ; --                                     ; --                              ; --                             ; --  ; OFF  ; OFF                        ;
; outAddr[0]       ; Output   ; --            ; --            ; --                    ; --                      ; --                                     ; --                              ; --                             ; --  ; OFF  ; OFF                        ;
; outData[7]       ; Output   ; --            ; --            ; --                    ; --                      ; --                                     ; --                              ; --                             ; --  ; OFF  ; OFF                        ;
; outData[6]       ; Output   ; --            ; --            ; --                    ; --                      ; --                                     ; --                              ; --                             ; --  ; OFF  ; OFF                        ;
; outData[5]       ; Output   ; --            ; --            ; --                    ; --                      ; --                                     ; --                              ; --                             ; --  ; OFF  ; OFF                        ;
; outData[4]       ; Output   ; --            ; --            ; --                    ; --                      ; --                                     ; --                              ; --                             ; --  ; OFF  ; OFF                        ;
; outData[3]       ; Output   ; --            ; --            ; --                    ; --                      ; --                                     ; --                              ; --                             ; --  ; OFF  ; OFF                        ;
; outData[2]       ; Output   ; --            ; --            ; --                    ; --                      ; --                                     ; --                              ; --                             ; --  ; OFF  ; OFF                        ;
; outData[1]       ; Output   ; --            ; --            ; --                    ; --                      ; --                                     ; --                              ; --                             ; --  ; OFF  ; OFF                        ;
; outData[0]       ; Output   ; --            ; --            ; --                    ; --                      ; --                                     ; --                              ; --                             ; --  ; OFF  ; OFF                        ;
+------------------+----------+---------------+---------------+-----------------------+-------------------------+----------------------------------------+---------------------------------+--------------------------------+-----+------+----------------------------+


+---------------------------------------------------------------------------------------------------------------------+
; Pad To Core Delay Chain Fanout                                                                                      ;
+---------------------------------------------------------------------------------------+-------------------+---------+
; Source Pin / Fanout                                                                   ; Pad To Core Index ; Setting ;
+---------------------------------------------------------------------------------------+-------------------+---------+
; in_Addr[7]                                                                            ;                   ;         ;
;      - outAddr[7]                                                                     ; 0                 ; ON      ;
;      - cacheBlock:inst4|lpm_compare:inst8|comptree:comparator|cmpchain:cmp[3]|aeb_out ; 0                 ; ON      ;
;      - cacheBlock:inst8|lpm_compare:inst8|comptree:comparator|cmpchain:cmp[3]|aeb_out ; 0                 ; ON      ;
;      - cacheBlock:inst6|lpm_compare:inst8|comptree:comparator|cmpchain:cmp[3]|aeb_out ; 0                 ; ON      ;
;      - cacheBlock:inst2|lpm_compare:inst8|comptree:comparator|cmpchain:cmp[3]|aeb_out ; 0                 ; ON      ;
;      - cacheBlock:inst3|lpm_compare:inst8|comptree:comparator|cmpchain:cmp[3]|aeb_out ; 0                 ; ON      ;
;      - cacheBlock:inst7|lpm_compare:inst8|comptree:comparator|cmpchain:cmp[3]|aeb_out ; 0                 ; ON      ;
;      - cacheBlock:inst5|lpm_compare:inst8|comptree:comparator|cmpchain:cmp[3]|aeb_out ; 0                 ; ON      ;
;      - cacheBlock:inst1|lpm_compare:inst8|comptree:comparator|cmpchain:cmp[3]|aeb_out ; 0                 ; ON      ;
;      - cacheBlock:inst8|lpm_dff:inst6|dffs[7]                                         ; 0                 ; ON      ;
;      - cacheBlock:inst7|lpm_dff:inst6|dffs[7]                                         ; 0                 ; ON      ;
;      - cacheBlock:inst6|lpm_dff:inst6|dffs[7]                                         ; 0                 ; ON      ;
;      - cacheBlock:inst5|lpm_dff:inst6|dffs[7]                                         ; 0                 ; ON      ;
;      - cacheBlock:inst4|lpm_dff:inst6|dffs[7]                                         ; 0                 ; ON      ;
;      - cacheBlock:inst3|lpm_dff:inst6|dffs[7]                                         ; 0                 ; ON      ;
;      - cacheBlock:inst2|lpm_dff:inst6|dffs[7]                                         ; 0                 ; ON      ;
;      - cacheBlock:inst1|lpm_dff:inst6|dffs[7]                                         ; 0                 ; ON      ;
; in_Addr[6]                                                                            ;                   ;         ;
;      - outAddr[6]                                                                     ; 1                 ; ON      ;
;      - cacheBlock:inst4|lpm_compare:inst8|comptree:comparator|cmpchain:cmp[3]|aeb_out ; 1                 ; ON      ;
;      - cacheBlock:inst8|lpm_compare:inst8|comptree:comparator|cmpchain:cmp[3]|aeb_out ; 1                 ; ON      ;
;      - cacheBlock:inst6|lpm_compare:inst8|comptree:comparator|cmpchain:cmp[3]|aeb_out ; 1                 ; ON      ;
;      - cacheBlock:inst2|lpm_compare:inst8|comptree:comparator|cmpchain:cmp[3]|aeb_out ; 1                 ; ON      ;
;      - cacheBlock:inst3|lpm_compare:inst8|comptree:comparator|cmpchain:cmp[3]|aeb_out ; 1                 ; ON      ;
;      - cacheBlock:inst7|lpm_compare:inst8|comptree:comparator|cmpchain:cmp[3]|aeb_out ; 1                 ; ON      ;
;      - cacheBlock:inst5|lpm_compare:inst8|comptree:comparator|cmpchain:cmp[3]|aeb_out ; 1                 ; ON      ;
;      - cacheBlock:inst1|lpm_compare:inst8|comptree:comparator|cmpchain:cmp[3]|aeb_out ; 1                 ; ON      ;
;      - cacheBlock:inst8|lpm_dff:inst6|dffs[6]                                         ; 1                 ; ON      ;
;      - cacheBlock:inst7|lpm_dff:inst6|dffs[6]                                         ; 1                 ; ON      ;
;      - cacheBlock:inst6|lpm_dff:inst6|dffs[6]                                         ; 1                 ; ON      ;
;      - cacheBlock:inst5|lpm_dff:inst6|dffs[6]                                         ; 1                 ; ON      ;
;      - cacheBlock:inst4|lpm_dff:inst6|dffs[6]                                         ; 1                 ; ON      ;
;      - cacheBlock:inst3|lpm_dff:inst6|dffs[6]                                         ; 1                 ; ON      ;
;      - cacheBlock:inst2|lpm_dff:inst6|dffs[6]                                         ; 1                 ; ON      ;
;      - cacheBlock:inst1|lpm_dff:inst6|dffs[6]                                         ; 1                 ; ON      ;
; in_Addr[5]                                                                            ;                   ;         ;
;      - outAddr[5]                                                                     ; 1                 ; ON      ;
;      - cacheBlock:inst4|lpm_compare:inst8|comptree:comparator|cmpchain:cmp[2]|aeb_out ; 1                 ; ON      ;
;      - cacheBlock:inst8|lpm_compare:inst8|comptree:comparator|cmpchain:cmp[2]|aeb_out ; 1                 ; ON      ;
;      - cacheBlock:inst6|lpm_compare:inst8|comptree:comparator|cmpchain:cmp[2]|aeb_out ; 1                 ; ON      ;
;      - cacheBlock:inst2|lpm_compare:inst8|comptree:comparator|cmpchain:cmp[2]|aeb_out ; 1                 ; ON      ;
;      - cacheBlock:inst3|lpm_compare:inst8|comptree:comparator|cmpchain:cmp[2]|aeb_out ; 1                 ; ON      ;
;      - cacheBlock:inst7|lpm_compare:inst8|comptree:comparator|cmpchain:cmp[2]|aeb_out ; 1                 ; ON      ;
;      - cacheBlock:inst5|lpm_compare:inst8|comptree:comparator|cmpchain:cmp[2]|aeb_out ; 1                 ; ON      ;
;      - cacheBlock:inst1|lpm_compare:inst8|comptree:comparator|cmpchain:cmp[2]|aeb_out ; 1                 ; ON      ;
;      - cacheBlock:inst8|lpm_dff:inst6|dffs[5]                                         ; 1                 ; ON      ;
;      - cacheBlock:inst7|lpm_dff:inst6|dffs[5]                                         ; 1                 ; ON      ;
;      - cacheBlock:inst6|lpm_dff:inst6|dffs[5]                                         ; 1                 ; ON      ;
;      - cacheBlock:inst5|lpm_dff:inst6|dffs[5]                                         ; 1                 ; ON      ;
;      - cacheBlock:inst4|lpm_dff:inst6|dffs[5]                                         ; 1                 ; ON      ;
;      - cacheBlock:inst3|lpm_dff:inst6|dffs[5]                                         ; 1                 ; ON      ;
;      - cacheBlock:inst2|lpm_dff:inst6|dffs[5]                                         ; 1                 ; ON      ;
;      - cacheBlock:inst1|lpm_dff:inst6|dffs[5]                                         ; 1                 ; ON      ;
; in_Addr[4]                                                                            ;                   ;         ;
;      - outAddr[4]                                                                     ; 1                 ; ON      ;
;      - cacheBlock:inst4|lpm_compare:inst8|comptree:comparator|cmpchain:cmp[2]|aeb_out ; 1                 ; ON      ;
;      - cacheBlock:inst8|lpm_compare:inst8|comptree:comparator|cmpchain:cmp[2]|aeb_out ; 1                 ; ON      ;
;      - cacheBlock:inst6|lpm_compare:inst8|comptree:comparator|cmpchain:cmp[2]|aeb_out ; 1                 ; ON      ;
;      - cacheBlock:inst2|lpm_compare:inst8|comptree:comparator|cmpchain:cmp[2]|aeb_out ; 1                 ; ON      ;
;      - cacheBlock:inst3|lpm_compare:inst8|comptree:comparator|cmpchain:cmp[2]|aeb_out ; 1                 ; ON      ;
;      - cacheBlock:inst7|lpm_compare:inst8|comptree:comparator|cmpchain:cmp[2]|aeb_out ; 1                 ; ON      ;
;      - cacheBlock:inst5|lpm_compare:inst8|comptree:comparator|cmpchain:cmp[2]|aeb_out ; 1                 ; ON      ;
;      - cacheBlock:inst1|lpm_compare:inst8|comptree:comparator|cmpchain:cmp[2]|aeb_out ; 1                 ; ON      ;
;      - cacheBlock:inst8|lpm_dff:inst6|dffs[4]                                         ; 1                 ; ON      ;
;      - cacheBlock:inst7|lpm_dff:inst6|dffs[4]                                         ; 1                 ; ON      ;
;      - cacheBlock:inst6|lpm_dff:inst6|dffs[4]                                         ; 1                 ; ON      ;
;      - cacheBlock:inst5|lpm_dff:inst6|dffs[4]                                         ; 1                 ; ON      ;
;      - cacheBlock:inst4|lpm_dff:inst6|dffs[4]                                         ; 1                 ; ON      ;
;      - cacheBlock:inst3|lpm_dff:inst6|dffs[4]                                         ; 1                 ; ON      ;
;      - cacheBlock:inst2|lpm_dff:inst6|dffs[4]                                         ; 1                 ; ON      ;
;      - cacheBlock:inst1|lpm_dff:inst6|dffs[4]                                         ; 1                 ; ON      ;
; in_Addr[3]                                                                            ;                   ;         ;
;      - outAddr[3]                                                                     ; 1                 ; ON      ;
;      - cacheBlock:inst4|lpm_compare:inst8|comptree:comparator|cmpchain:cmp[1]|aeb_out ; 1                 ; ON      ;
;      - cacheBlock:inst8|lpm_compare:inst8|comptree:comparator|cmpchain:cmp[1]|aeb_out ; 1                 ; ON      ;
;      - cacheBlock:inst6|lpm_compare:inst8|comptree:comparator|cmpchain:cmp[1]|aeb_out ; 1                 ; ON      ;
;      - cacheBlock:inst2|lpm_compare:inst8|comptree:comparator|cmpchain:cmp[1]|aeb_out ; 1                 ; ON      ;
;      - cacheBlock:inst3|lpm_compare:inst8|comptree:comparator|cmpchain:cmp[1]|aeb_out ; 1                 ; ON      ;
;      - cacheBlock:inst7|lpm_compare:inst8|comptree:comparator|cmpchain:cmp[1]|aeb_out ; 1                 ; ON      ;
;      - cacheBlock:inst5|lpm_compare:inst8|comptree:comparator|cmpchain:cmp[1]|aeb_out ; 1                 ; ON      ;
;      - cacheBlock:inst1|lpm_compare:inst8|comptree:comparator|cmpchain:cmp[1]|aeb_out ; 1                 ; ON      ;
;      - cacheBlock:inst8|lpm_dff:inst6|dffs[3]                                         ; 1                 ; ON      ;
;      - cacheBlock:inst7|lpm_dff:inst6|dffs[3]                                         ; 1                 ; ON      ;
;      - cacheBlock:inst6|lpm_dff:inst6|dffs[3]                                         ; 1                 ; ON      ;
;      - cacheBlock:inst5|lpm_dff:inst6|dffs[3]                                         ; 1                 ; ON      ;
;      - cacheBlock:inst4|lpm_dff:inst6|dffs[3]                                         ; 1                 ; ON      ;
;      - cacheBlock:inst3|lpm_dff:inst6|dffs[3]                                         ; 1                 ; ON      ;
;      - cacheBlock:inst2|lpm_dff:inst6|dffs[3]                                         ; 1                 ; ON      ;
;      - cacheBlock:inst1|lpm_dff:inst6|dffs[3]                                         ; 1                 ; ON      ;
; in_Addr[2]                                                                            ;                   ;         ;
;      - outAddr[2]                                                                     ; 0                 ; ON      ;
;      - cacheBlock:inst4|lpm_compare:inst8|comptree:comparator|cmpchain:cmp[1]|aeb_out ; 0                 ; ON      ;
;      - cacheBlock:inst8|lpm_compare:inst8|comptree:comparator|cmpchain:cmp[1]|aeb_out ; 0                 ; ON      ;
;      - cacheBlock:inst6|lpm_compare:inst8|comptree:comparator|cmpchain:cmp[1]|aeb_out ; 0                 ; ON      ;
;      - cacheBlock:inst2|lpm_compare:inst8|comptree:comparator|cmpchain:cmp[1]|aeb_out ; 0                 ; ON      ;
;      - cacheBlock:inst3|lpm_compare:inst8|comptree:comparator|cmpchain:cmp[1]|aeb_out ; 0                 ; ON      ;
;      - cacheBlock:inst7|lpm_compare:inst8|comptree:comparator|cmpchain:cmp[1]|aeb_out ; 0                 ; ON      ;
;      - cacheBlock:inst5|lpm_compare:inst8|comptree:comparator|cmpchain:cmp[1]|aeb_out ; 0                 ; ON      ;
;      - cacheBlock:inst1|lpm_compare:inst8|comptree:comparator|cmpchain:cmp[1]|aeb_out ; 0                 ; ON      ;
;      - cacheBlock:inst8|lpm_dff:inst6|dffs[2]                                         ; 0                 ; ON      ;
;      - cacheBlock:inst7|lpm_dff:inst6|dffs[2]                                         ; 0                 ; ON      ;
;      - cacheBlock:inst6|lpm_dff:inst6|dffs[2]                                         ; 0                 ; ON      ;
;      - cacheBlock:inst5|lpm_dff:inst6|dffs[2]                                         ; 0                 ; ON      ;
;      - cacheBlock:inst4|lpm_dff:inst6|dffs[2]                                         ; 0                 ; ON      ;
;      - cacheBlock:inst3|lpm_dff:inst6|dffs[2]                                         ; 0                 ; ON      ;
;      - cacheBlock:inst2|lpm_dff:inst6|dffs[2]                                         ; 0                 ; ON      ;
;      - cacheBlock:inst1|lpm_dff:inst6|dffs[2]                                         ; 0                 ; ON      ;
; in_Addr[1]                                                                            ;                   ;         ;
;      - outAddr[1]                                                                     ; 0                 ; ON      ;
;      - cacheBlock:inst4|lpm_compare:inst8|comptree:comparator|cmpchain:cmp[0]|aeb_out ; 0                 ; ON      ;
;      - cacheBlock:inst8|lpm_compare:inst8|comptree:comparator|cmpchain:cmp[0]|aeb_out ; 0                 ; ON      ;
;      - cacheBlock:inst6|lpm_compare:inst8|comptree:comparator|cmpchain:cmp[0]|aeb_out ; 0                 ; ON      ;
;      - cacheBlock:inst2|lpm_compare:inst8|comptree:comparator|cmpchain:cmp[0]|aeb_out ; 0                 ; ON      ;
;      - cacheBlock:inst3|lpm_compare:inst8|comptree:comparator|cmpchain:cmp[0]|aeb_out ; 0                 ; ON      ;
;      - cacheBlock:inst7|lpm_compare:inst8|comptree:comparator|cmpchain:cmp[0]|aeb_out ; 0                 ; ON      ;
;      - cacheBlock:inst5|lpm_compare:inst8|comptree:comparator|cmpchain:cmp[0]|aeb_out ; 0                 ; ON      ;
;      - cacheBlock:inst1|lpm_compare:inst8|comptree:comparator|cmpchain:cmp[0]|aeb_out ; 0                 ; ON      ;
;      - cacheBlock:inst8|lpm_dff:inst6|dffs[1]                                         ; 0                 ; ON      ;
;      - cacheBlock:inst7|lpm_dff:inst6|dffs[1]                                         ; 0                 ; ON      ;
;      - cacheBlock:inst6|lpm_dff:inst6|dffs[1]                                         ; 0                 ; ON      ;
;      - cacheBlock:inst5|lpm_dff:inst6|dffs[1]                                         ; 0                 ; ON      ;
;      - cacheBlock:inst4|lpm_dff:inst6|dffs[1]                                         ; 0                 ; ON      ;
;      - cacheBlock:inst3|lpm_dff:inst6|dffs[1]                                         ; 0                 ; ON      ;
;      - cacheBlock:inst2|lpm_dff:inst6|dffs[1]                                         ; 0                 ; ON      ;
;      - cacheBlock:inst1|lpm_dff:inst6|dffs[1]                                         ; 0                 ; ON      ;
; in_Addr[0]                                                                            ;                   ;         ;
;      - outAddr[0]                                                                     ; 1                 ; ON      ;
;      - cacheBlock:inst4|lpm_compare:inst8|comptree:comparator|cmpchain:cmp[0]|aeb_out ; 1                 ; ON      ;
;      - cacheBlock:inst8|lpm_compare:inst8|comptree:comparator|cmpchain:cmp[0]|aeb_out ; 1                 ; ON      ;
;      - cacheBlock:inst6|lpm_compare:inst8|comptree:comparator|cmpchain:cmp[0]|aeb_out ; 1                 ; ON      ;
;      - cacheBlock:inst2|lpm_compare:inst8|comptree:comparator|cmpchain:cmp[0]|aeb_out ; 1                 ; ON      ;
;      - cacheBlock:inst3|lpm_compare:inst8|comptree:comparator|cmpchain:cmp[0]|aeb_out ; 1                 ; ON      ;
;      - cacheBlock:inst7|lpm_compare:inst8|comptree:comparator|cmpchain:cmp[0]|aeb_out ; 1                 ; ON      ;
;      - cacheBlock:inst5|lpm_compare:inst8|comptree:comparator|cmpchain:cmp[0]|aeb_out ; 1                 ; ON      ;
;      - cacheBlock:inst1|lpm_compare:inst8|comptree:comparator|cmpchain:cmp[0]|aeb_out ; 1                 ; ON      ;
;      - cacheBlock:inst8|lpm_dff:inst6|dffs[0]                                         ; 1                 ; ON      ;
;      - cacheBlock:inst7|lpm_dff:inst6|dffs[0]                                         ; 1                 ; ON      ;
;      - cacheBlock:inst6|lpm_dff:inst6|dffs[0]                                         ; 1                 ; ON      ;
;      - cacheBlock:inst5|lpm_dff:inst6|dffs[0]                                         ; 1                 ; ON      ;
;      - cacheBlock:inst4|lpm_dff:inst6|dffs[0]                                         ; 1                 ; ON      ;
;      - cacheBlock:inst3|lpm_dff:inst6|dffs[0]                                         ; 1                 ; ON      ;
;      - cacheBlock:inst2|lpm_dff:inst6|dffs[0]                                         ; 1                 ; ON      ;
;      - cacheBlock:inst1|lpm_dff:inst6|dffs[0]                                         ; 1                 ; ON      ;
; RD                                                                                    ;                   ;         ;
;      - inst36                                                                         ; 1                 ; ON      ;
; inData[7]                                                                             ;                   ;         ;
;      - cacheBlock:inst7|lpm_dff:inst|dffs[7]                                          ; 0                 ; ON      ;
;      - cacheBlock:inst5|lpm_dff:inst|dffs[7]                                          ; 0                 ; ON      ;
;      - cacheBlock:inst2|lpm_dff:inst|dffs[7]                                          ; 0                 ; ON      ;
;      - cacheBlock:inst1|lpm_dff:inst|dffs[7]                                          ; 0                 ; ON      ;
;      - busmux:inst35|lpm_mux:$00000|mux_cgc:auto_generated|w_result97w~180            ; 0                 ; ON      ;
;      - cacheBlock:inst8|lpm_dff:inst|dffs[7]                                          ; 0                 ; ON      ;
;      - cacheBlock:inst6|lpm_dff:inst|dffs[7]                                          ; 0                 ; ON      ;
;      - cacheBlock:inst4|lpm_dff:inst|dffs[7]                                          ; 0                 ; ON      ;
;      - cacheBlock:inst3|lpm_dff:inst|dffs[7]                                          ; 0                 ; ON      ;
; inData[6]                                                                             ;                   ;         ;
;      - cacheBlock:inst7|lpm_dff:inst|dffs[6]                                          ; 1                 ; ON      ;
;      - cacheBlock:inst5|lpm_dff:inst|dffs[6]                                          ; 1                 ; ON      ;
;      - cacheBlock:inst2|lpm_dff:inst|dffs[6]                                          ; 1                 ; ON      ;
;      - cacheBlock:inst1|lpm_dff:inst|dffs[6]                                          ; 1                 ; ON      ;
;      - busmux:inst35|lpm_mux:$00000|mux_cgc:auto_generated|w_result85w~176            ; 1                 ; ON      ;
;      - cacheBlock:inst8|lpm_dff:inst|dffs[6]                                          ; 1                 ; ON      ;
;      - cacheBlock:inst6|lpm_dff:inst|dffs[6]                                          ; 1                 ; ON      ;
;      - cacheBlock:inst4|lpm_dff:inst|dffs[6]                                          ; 1                 ; ON      ;
;      - cacheBlock:inst3|lpm_dff:inst|dffs[6]                                          ; 1                 ; ON      ;
; inData[5]                                                                             ;                   ;         ;
;      - cacheBlock:inst7|lpm_dff:inst|dffs[5]                                          ; 1                 ; ON      ;
;      - cacheBlock:inst5|lpm_dff:inst|dffs[5]                                          ; 1                 ; ON      ;
;      - cacheBlock:inst2|lpm_dff:inst|dffs[5]                                          ; 1                 ; ON      ;
;      - cacheBlock:inst1|lpm_dff:inst|dffs[5]                                          ; 1                 ; ON      ;
;      - busmux:inst35|lpm_mux:$00000|mux_cgc:auto_generated|w_result73w~176            ; 1                 ; ON      ;
;      - cacheBlock:inst8|lpm_dff:inst|dffs[5]                                          ; 1                 ; ON      ;
;      - cacheBlock:inst6|lpm_dff:inst|dffs[5]                                          ; 1                 ; ON      ;
;      - cacheBlock:inst4|lpm_dff:inst|dffs[5]                                          ; 1                 ; ON      ;
;      - cacheBlock:inst3|lpm_dff:inst|dffs[5]                                          ; 1                 ; ON      ;
; inData[4]                                                                             ;                   ;         ;
;      - cacheBlock:inst7|lpm_dff:inst|dffs[4]                                          ; 0                 ; ON      ;
;      - cacheBlock:inst5|lpm_dff:inst|dffs[4]                                          ; 0                 ; ON      ;
;      - cacheBlock:inst2|lpm_dff:inst|dffs[4]                                          ; 0                 ; ON      ;
;      - cacheBlock:inst1|lpm_dff:inst|dffs[4]                                          ; 0                 ; ON      ;
;      - busmux:inst35|lpm_mux:$00000|mux_cgc:auto_generated|w_result61w~176            ; 0                 ; ON      ;
;      - cacheBlock:inst8|lpm_dff:inst|dffs[4]                                          ; 0                 ; ON      ;
;      - cacheBlock:inst6|lpm_dff:inst|dffs[4]                                          ; 0                 ; ON      ;
;      - cacheBlock:inst4|lpm_dff:inst|dffs[4]                                          ; 0                 ; ON      ;
;      - cacheBlock:inst3|lpm_dff:inst|dffs[4]                                          ; 0                 ; ON      ;
; inData[3]                                                                             ;                   ;         ;
;      - cacheBlock:inst7|lpm_dff:inst|dffs[3]                                          ; 0                 ; ON      ;
;      - cacheBlock:inst5|lpm_dff:inst|dffs[3]                                          ; 0                 ; ON      ;
;      - cacheBlock:inst2|lpm_dff:inst|dffs[3]                                          ; 0                 ; ON      ;
;      - cacheBlock:inst1|lpm_dff:inst|dffs[3]                                          ; 0                 ; ON      ;
;      - busmux:inst35|lpm_mux:$00000|mux_cgc:auto_generated|w_result49w~176            ; 0                 ; ON      ;
;      - cacheBlock:inst8|lpm_dff:inst|dffs[3]                                          ; 0                 ; ON      ;
;      - cacheBlock:inst6|lpm_dff:inst|dffs[3]                                          ; 0                 ; ON      ;
;      - cacheBlock:inst4|lpm_dff:inst|dffs[3]                                          ; 0                 ; ON      ;
;      - cacheBlock:inst3|lpm_dff:inst|dffs[3]                                          ; 0                 ; ON      ;
; inData[2]                                                                             ;                   ;         ;
;      - cacheBlock:inst7|lpm_dff:inst|dffs[2]                                          ; 0                 ; ON      ;
;      - cacheBlock:inst5|lpm_dff:inst|dffs[2]                                          ; 0                 ; ON      ;
;      - cacheBlock:inst2|lpm_dff:inst|dffs[2]                                          ; 0                 ; ON      ;
;      - cacheBlock:inst1|lpm_dff:inst|dffs[2]                                          ; 0                 ; ON      ;
;      - busmux:inst35|lpm_mux:$00000|mux_cgc:auto_generated|w_result37w~176            ; 0                 ; ON      ;
;      - cacheBlock:inst8|lpm_dff:inst|dffs[2]                                          ; 0                 ; ON      ;
;      - cacheBlock:inst6|lpm_dff:inst|dffs[2]                                          ; 0                 ; ON      ;
;      - cacheBlock:inst4|lpm_dff:inst|dffs[2]                                          ; 0                 ; ON      ;
;      - cacheBlock:inst3|lpm_dff:inst|dffs[2]                                          ; 0                 ; ON      ;
; inData[1]                                                                             ;                   ;         ;
;      - cacheBlock:inst7|lpm_dff:inst|dffs[1]                                          ; 1                 ; ON      ;
;      - cacheBlock:inst5|lpm_dff:inst|dffs[1]                                          ; 1                 ; ON      ;
;      - cacheBlock:inst2|lpm_dff:inst|dffs[1]                                          ; 1                 ; ON      ;
;      - cacheBlock:inst1|lpm_dff:inst|dffs[1]                                          ; 1                 ; ON      ;
;      - busmux:inst35|lpm_mux:$00000|mux_cgc:auto_generated|w_result25w~176            ; 1                 ; ON      ;
;      - cacheBlock:inst8|lpm_dff:inst|dffs[1]                                          ; 1                 ; ON      ;
;      - cacheBlock:inst6|lpm_dff:inst|dffs[1]                                          ; 1                 ; ON      ;
;      - cacheBlock:inst4|lpm_dff:inst|dffs[1]                                          ; 1                 ; ON      ;
;      - cacheBlock:inst3|lpm_dff:inst|dffs[1]                                          ; 1                 ; ON      ;
; inData[0]                                                                             ;                   ;         ;
;      - cacheBlock:inst7|lpm_dff:inst|dffs[0]                                          ; 0                 ; ON      ;
;      - cacheBlock:inst5|lpm_dff:inst|dffs[0]                                          ; 0                 ; ON      ;
;      - cacheBlock:inst2|lpm_dff:inst|dffs[0]                                          ; 0                 ; ON      ;
;      - cacheBlock:inst1|lpm_dff:inst|dffs[0]                                          ; 0                 ; ON      ;
;      - busmux:inst35|lpm_mux:$00000|mux_cgc:auto_generated|w_result11w~176            ; 0                 ; ON      ;
;      - cacheBlock:inst8|lpm_dff:inst|dffs[0]                                          ; 0                 ; ON      ;
;      - cacheBlock:inst6|lpm_dff:inst|dffs[0]                                          ; 0                 ; ON      ;
;      - cacheBlock:inst4|lpm_dff:inst|dffs[0]                                          ; 0                 ; ON      ;
;      - cacheBlock:inst3|lpm_dff:inst|dffs[0]                                          ; 0                 ; ON      ;
; CLK                                                                                   ;                   ;         ;
; WR                                                                                    ;                   ;         ;
;      - inst28~8                                                                       ; 1                 ; ON      ;
;      - inst27~9                                                                       ; 1                 ; ON      ;
;      - inst26~8                                                                       ; 1                 ; ON      ;
;      - inst25~9                                                                       ; 1                 ; ON      ;
;      - inst24~9                                                                       ; 1                 ; ON      ;
;      - inst23~9                                                                       ; 1                 ; ON      ;
;      - inst22~9                                                                       ; 1                 ; ON      ;
;      - inst21~10                                                                      ; 1                 ; ON      ;
;      - inst31                                                                         ; 1                 ; ON      ;
+---------------------------------------------------------------------------------------+-------------------+---------+


+-------------------------------------------------------------------------------------------------------+
; Control Signals                                                                                       ;
+-----------+---------------+---------+--------------+--------+----------------------+------------------+
; Name      ; Location      ; Fan-Out ; Usage        ; Global ; Global Resource Used ; Global Line Name ;
+-----------+---------------+---------+--------------+--------+----------------------+------------------+
; CLK       ; PIN_L2        ; 163     ; Clock        ; yes    ; Global clock         ; GCLK11           ;
; inst21~10 ; LC_X31_Y25_N8 ; 16      ; Clock enable ; no     ; --                   ; --               ;
; inst22~9  ; LC_X31_Y23_N5 ; 16      ; Clock enable ; no     ; --                   ; --               ;
; inst23~9  ; LC_X31_Y25_N3 ; 16      ; Clock enable ; no     ; --                   ; --               ;
; inst24~9  ; LC_X32_Y25_N4 ; 16      ; Clock enable ; no     ; --                   ; --               ;
; inst25~9  ; LC_X32_Y25_N8 ; 16      ; Clock enable ; no     ; --                   ; --               ;
; inst26~8  ; LC_X32_Y25_N1 ; 16      ; Clock enable ; no     ; --                   ; --               ;
; inst27~9  ; LC_X32_Y25_N2 ; 16      ; Clock enable ; no     ; --                   ; --               ;
; inst28~8  ; LC_X32_Y25_N0 ; 16      ; Clock enable ; no     ; --                   ; --               ;
+-----------+---------------+---------+--------------+--------+----------------------+------------------+


+---------------------------------------------------------------------+
; Global & Other Fast Signals                                         ;
+------+----------+---------+----------------------+------------------+
; Name ; Location ; Fan-Out ; Global Resource Used ; Global Line Name ;
+------+----------+---------+----------------------+------------------+
; CLK  ; PIN_L2   ; 163     ; Global clock         ; GCLK11           ;
+------+----------+---------+----------------------+------------------+


+--------------------------------------------------------------------------------------------------------------------+
; Non-Global High Fan-Out Signals                                                                                    ;
+----------------------------------------------------------------------------------------------------------+---------+
; Name                                                                                                     ; Fan-Out ;
+----------------------------------------------------------------------------------------------------------+---------+
; inst29~44                                                                                                ; 27      ;
; coder:inst38|inst7                                                                                       ; 24      ;
; in_Addr[0]                                                                                               ; 17      ;
; in_Addr[1]                                                                                               ; 17      ;
; in_Addr[2]                                                                                               ; 17      ;
; in_Addr[3]                                                                                               ; 17      ;
; in_Addr[4]                                                                                               ; 17      ;
; in_Addr[5]                                                                                               ; 17      ;
; in_Addr[6]                                                                                               ; 17      ;
; in_Addr[7]                                                                                               ; 17      ;
; inst21~10                                                                                                ; 16      ;
; inst22~9                                                                                                 ; 16      ;
; inst23~9                                                                                                 ; 16      ;
; inst24~9                                                                                                 ; 16      ;
; inst25~9                                                                                                 ; 16      ;
; inst26~8                                                                                                 ; 16      ;
; inst27~9                                                                                                 ; 16      ;
; inst28~8                                                                                                 ; 16      ;
; inst36                                                                                                   ; 16      ;
; WR                                                                                                       ; 9       ;
; inData[0]                                                                                                ; 9       ;
; inData[1]                                                                                                ; 9       ;
; inData[2]                                                                                                ; 9       ;
; inData[3]                                                                                                ; 9       ;
; inData[4]                                                                                                ; 9       ;
; inData[5]                                                                                                ; 9       ;
; inData[6]                                                                                                ; 9       ;
; inData[7]                                                                                                ; 9       ;
; lpm_counter:inst30|cntr_lq5:auto_generated|safe_q[1]                                                     ; 9       ;
; lpm_counter:inst30|cntr_lq5:auto_generated|safe_q[0]                                                     ; 9       ;
; lpm_counter:inst30|cntr_lq5:auto_generated|safe_q[2]                                                     ; 9       ;
; coder:inst38|inst8~31                                                                                    ; 8       ;
; inst29~45                                                                                                ; 4       ;
; inst31                                                                                                   ; 3       ;
; cacheBlock:inst8|lpm_compare:inst8|comptree:comparator|comptree:sub_comptree|cmpchain:cmp_end|aeb_out~54 ; 3       ;
; cacheBlock:inst5|lpm_compare:inst8|comptree:comparator|comptree:sub_comptree|cmpchain:cmp_end|aeb_out~31 ; 3       ;
; inst29~46                                                                                                ; 2       ;
; cacheBlock:inst1|lpm_dff:inst|dffs[0]                                                                    ; 2       ;
; cacheBlock:inst1|lpm_dff:inst|dffs[1]                                                                    ; 2       ;
; cacheBlock:inst1|lpm_dff:inst|dffs[2]                                                                    ; 2       ;
; cacheBlock:inst1|lpm_dff:inst|dffs[3]                                                                    ; 2       ;
; cacheBlock:inst1|lpm_dff:inst|dffs[4]                                                                    ; 2       ;
; cacheBlock:inst1|lpm_dff:inst|dffs[5]                                                                    ; 2       ;
; cacheBlock:inst1|lpm_dff:inst|dffs[6]                                                                    ; 2       ;
; cacheBlock:inst1|lpm_dff:inst|dffs[7]                                                                    ; 2       ;
; cacheBlock:inst2|lpm_dff:inst|dffs[0]                                                                    ; 2       ;
; cacheBlock:inst2|lpm_dff:inst|dffs[1]                                                                    ; 2       ;
; cacheBlock:inst2|lpm_dff:inst|dffs[2]                                                                    ; 2       ;
; cacheBlock:inst2|lpm_dff:inst|dffs[3]                                                                    ; 2       ;
; cacheBlock:inst2|lpm_dff:inst|dffs[4]                                                                    ; 2       ;
+----------------------------------------------------------------------------------------------------------+---------+


+------------------------------------------------------+
; Interconnect Usage Summary                           ;
+-----------------------------+------------------------+
; Interconnect Resource Type  ; Usage                  ;
+-----------------------------+------------------------+
; C16 interconnects           ; 36 / 2,286 ( 1 % )     ;
; C4 interconnects            ; 175 / 31,320 ( < 1 % ) ;
; C8 interconnects            ; 139 / 7,272 ( 1 % )    ;
; DIFFIOCLKs                  ; 0 / 16 ( 0 % )         ;
; DQS bus muxes               ; 0 / 56 ( 0 % )         ;
; DQS-32 I/O buses            ; 0 / 4 ( 0 % )          ;
; DQS-8 I/O buses             ; 0 / 16 ( 0 % )         ;
; Direct links                ; 28 / 44,740 ( < 1 % )  ;
; Fast regional clocks        ; 0 / 8 ( 0 % )          ;
; Global clocks               ; 1 / 16 ( 6 % )         ;
; I/O buses                   ; 21 / 208 ( 10 % )      ;
; LUT chains                  ; 5 / 9,513 ( < 1 % )    ;
; Local routing interconnects ; 80 / 10,570 ( < 1 % )  ;
; R24 interconnects           ; 51 / 2,280 ( 2 % )     ;
; R4 interconnects            ; 160 / 62,520 ( < 1 % ) ;
; R8 interconnects            ; 172 / 10,410 ( 1 % )   ;
; Regional clocks             ; 0 / 16 ( 0 % )         ;
+-----------------------------+------------------------+


+---------------------------------------------------------------------------+
; LAB Logic Elements                                                        ;
+--------------------------------------------+------------------------------+
; Number of Logic Elements  (Average = 9.23) ; Number of LABs  (Total = 22) ;
+--------------------------------------------+------------------------------+
; 1                                          ; 0                            ;
; 2                                          ; 1                            ;
; 3                                          ; 0                            ;
; 4                                          ; 0                            ;
; 5                                          ; 1                            ;
; 6                                          ; 1                            ;
; 7                                          ; 0                            ;
; 8                                          ; 0                            ;
; 9                                          ; 0                            ;
; 10                                         ; 19                           ;
+--------------------------------------------+------------------------------+


+-------------------------------------------------------------------+
; LAB-wide Signals                                                  ;
+------------------------------------+------------------------------+
; LAB-wide Signals  (Average = 1.82) ; Number of LABs  (Total = 22) ;
+------------------------------------+------------------------------+
; 1 Clock                            ; 21                           ;
; 1 Clock enable                     ; 7                            ;
; 2 Clock enables                    ; 12                           ;
+------------------------------------+------------------------------+


+-----------------------------------------------------------------------------+
; LAB Signals Sourced                                                         ;
+----------------------------------------------+------------------------------+
; Number of Signals Sourced  (Average = 10.68) ; Number of LABs  (Total = 22) ;
+----------------------------------------------+------------------------------+
; 0                                            ; 0                            ;
; 1                                            ; 0                            ;
; 2                                            ; 1                            ;
; 3                                            ; 0                            ;
; 4                                            ; 0                            ;
; 5                                            ; 1                            ;
; 6                                            ; 1                            ;
; 7                                            ; 0                            ;
; 8                                            ; 0                            ;
; 9                                            ; 0                            ;
; 10                                           ; 13                           ;
; 11                                           ; 0                            ;
; 12                                           ; 1                            ;
; 13                                           ; 2                            ;
; 14                                           ; 0                            ;
; 15                                           ; 0                            ;
; 16                                           ; 1                            ;
; 17                                           ; 0                            ;
; 18                                           ; 1                            ;
; 19                                           ; 0                            ;
; 20                                           ; 1                            ;
+----------------------------------------------+------------------------------+


+--------------------------------------------------------------------------------+
; LAB Signals Sourced Out                                                        ;
+-------------------------------------------------+------------------------------+
; Number of Signals Sourced Out  (Average = 8.27) ; Number of LABs  (Total = 22) ;
+-------------------------------------------------+------------------------------+
; 0                                               ; 0                            ;
; 1                                               ; 0                            ;
; 2                                               ; 1                            ;
; 3                                               ; 1                            ;
; 4                                               ; 1                            ;
; 5                                               ; 1                            ;
; 6                                               ; 5                            ;
; 7                                               ; 0                            ;
; 8                                               ; 2                            ;
; 9                                               ; 2                            ;
; 10                                              ; 5                            ;
; 11                                              ; 2                            ;
; 12                                              ; 0                            ;
; 13                                              ; 0                            ;
; 14                                              ; 0                            ;
; 15                                              ; 1                            ;
; 16                                              ; 0                            ;
; 17                                              ; 1                            ;
+-------------------------------------------------+------------------------------+


+-----------------------------------------------------------------------------+
; LAB Distinct Inputs                                                         ;
+----------------------------------------------+------------------------------+
; Number of Distinct Inputs  (Average = 13.82) ; Number of LABs  (Total = 22) ;
+----------------------------------------------+------------------------------+
; 0                                            ; 0                            ;
; 1                                            ; 0                            ;
; 2                                            ; 0                            ;
; 3                                            ; 0                            ;
; 4                                            ; 0                            ;
; 5                                            ; 0                            ;
; 6                                            ; 2                            ;
; 7                                            ; 0                            ;
; 8                                            ; 3                            ;
; 9                                            ; 2                            ;
; 10                                           ; 0                            ;
; 11                                           ; 1                            ;
; 12                                           ; 1                            ;
; 13                                           ; 3                            ;
; 14                                           ; 0                            ;
; 15                                           ; 0                            ;
; 16                                           ; 3                            ;
; 17                                           ; 2                            ;
; 18                                           ; 0                            ;
; 19                                           ; 1                            ;
; 20                                           ; 1                            ;
; 21                                           ; 1                            ;
; 22                                           ; 0                            ;
; 23                                           ; 2                            ;
+----------------------------------------------+------------------------------+


+-----------------+
; Fitter Messages ;
+-----------------+
Info: *******************************************************************
Info: Running Quartus II Fitter
    Info: Version 5.0 Build 148 04/26/2005 SJ Full Version
    Info: Processing started: Sun Feb 20 12:05:18 2022
Info: Command: quartus_fit --read_settings_files=off --write_settings_files=off cache -c cache
Info: Auto device selection -- successful I/O standard check for EP1S10F484C5
Info: Auto device selection -- successful PCI I/O clamp diode check for EP1S10F484C5
Info: Automatically selected device EP1S10F484C5 for design cache
Info: Fitter is performing an Auto Fit compilation, which may decrease Fitter effort to reduce compilation time
Info: Device migration not selected. If you intend to use device migration later, you may need to change the pin assignments as they may be incompatible with other devices. 
    Info: Device EP1S20F484C5 is compatible
Info: No exact pin location assignment(s) for 164 pins of 164 total pins
    Info: Pin Hit not assigned to an exact location on the device
    Info: Pin localAddrs[7][7] not assigned to an exact location on the device
    Info: Pin localAddrs[7][6] not assigned to an exact location on the device
    Info: Pin localAddrs[7][5] not assigned to an exact location on the device
    Info: Pin localAddrs[7][4] not assigned to an exact location on the device
    Info: Pin localAddrs[7][3] not assigned to an exact location on the device
    Info: Pin localAddrs[7][2] not assigned to an exact location on the device
    Info: Pin localAddrs[7][1] not assigned to an exact location on the device
    Info: Pin localAddrs[7][0] not assigned to an exact location on the device
    Info: Pin localAddrs[6][7] not assigned to an exact location on the device
    Info: Pin localAddrs[6][6] not assigned to an exact location on the device
    Info: Pin localAddrs[6][5] not assigned to an exact location on the device
    Info: Pin localAddrs[6][4] not assigned to an exact location on the device
    Info: Pin localAddrs[6][3] not assigned to an exact location on the device
    Info: Pin localAddrs[6][2] not assigned to an exact location on the device
    Info: Pin localAddrs[6][1] not assigned to an exact location on the device
    Info: Pin localAddrs[6][0] not assigned to an exact location on the device
    Info: Pin localAddrs[5][7] not assigned to an exact location on the device
    Info: Pin localAddrs[5][6] not assigned to an exact location on the device
    Info: Pin localAddrs[5][5] not assigned to an exact location on the device
    Info: Pin localAddrs[5][4] not assigned to an exact location on the device
    Info: Pin localAddrs[5][3] not assigned to an exact location on the device
    Info: Pin localAddrs[5][2] not assigned to an exact location on the device
    Info: Pin localAddrs[5][1] not assigned to an exact location on the device
    Info: Pin localAddrs[5][0] not assigned to an exact location on the device
    Info: Pin localAddrs[4][7] not assigned to an exact location on the device
    Info: Pin localAddrs[4][6] not assigned to an exact location on the device
    Info: Pin localAddrs[4][5] not assigned to an exact location on the device
    Info: Pin localAddrs[4][4] not assigned to an exact location on the device
    Info: Pin localAddrs[4][3] not assigned to an exact location on the device
    Info: Pin localAddrs[4][2] not assigned to an exact location on the device
    Info: Pin localAddrs[4][1] not assigned to an exact location on the device
    Info: Pin localAddrs[4][0] not assigned to an exact location on the device
    Info: Pin localAddrs[3][7] not assigned to an exact location on the device
    Info: Pin localAddrs[3][6] not assigned to an exact location on the device
    Info: Pin localAddrs[3][5] not assigned to an exact location on the device
    Info: Pin localAddrs[3][4] not assigned to an exact location on the device
    Info: Pin localAddrs[3][3] not assigned to an exact location on the device
    Info: Pin localAddrs[3][2] not assigned to an exact location on the device
    Info: Pin localAddrs[3][1] not assigned to an exact location on the device
    Info: Pin localAddrs[3][0] not assigned to an exact location on the device
    Info: Pin localAddrs[2][7] not assigned to an exact location on the device
    Info: Pin localAddrs[2][6] not assigned to an exact location on the device
    Info: Pin localAddrs[2][5] not assigned to an exact location on the device
    Info: Pin localAddrs[2][4] not assigned to an exact location on the device
    Info: Pin localAddrs[2][3] not assigned to an exact location on the device
    Info: Pin localAddrs[2][2] not assigned to an exact location on the device
    Info: Pin localAddrs[2][1] not assigned to an exact location on the device
    Info: Pin localAddrs[2][0] not assigned to an exact location on the device
    Info: Pin localAddrs[1][7] not assigned to an exact location on the device
    Info: Pin localAddrs[1][6] not assigned to an exact location on the device
    Info: Pin localAddrs[1][5] not assigned to an exact location on the device
    Info: Pin localAddrs[1][4] not assigned to an exact location on the device
    Info: Pin localAddrs[1][3] not assigned to an exact location on the device
    Info: Pin localAddrs[1][2] not assigned to an exact location on the device
    Info: Pin localAddrs[1][1] not assigned to an exact location on the device
    Info: Pin localAddrs[1][0] not assigned to an exact location on the device
    Info: Pin localAddrs[0][7] not assigned to an exact location on the device
    Info: Pin localAddrs[0][6] not assigned to an exact location on the device
    Info: Pin localAddrs[0][5] not assigned to an exact location on the device
    Info: Pin localAddrs[0][4] not assigned to an exact location on the device
    Info: Pin localAddrs[0][3] not assigned to an exact location on the device
    Info: Pin localAddrs[0][2] not assigned to an exact location on the device
    Info: Pin localAddrs[0][1] not assigned to an exact location on the device
    Info: Pin localAddrs[0][0] not assigned to an exact location on the device
    Info: Pin localData[7][7] not assigned to an exact location on the device
    Info: Pin localData[7][6] not assigned to an exact location on the device
    Info: Pin localData[7][5] not assigned to an exact location on the device
    Info: Pin localData[7][4] not assigned to an exact location on the device
    Info: Pin localData[7][3] not assigned to an exact location on the device
    Info: Pin localData[7][2] not assigned to an exact location on the device
    Info: Pin localData[7][1] not assigned to an exact location on the device
    Info: Pin localData[7][0] not assigned to an exact location on the device
    Info: Pin localData[6][7] not assigned to an exact location on the device
    Info: Pin localData[6][6] not assigned to an exact location on the device
    Info: Pin localData[6][5] not assigned to an exact location on the device
    Info: Pin localData[6][4] not assigned to an exact location on the device
    Info: Pin localData[6][3] not assigned to an exact location on the device
    Info: Pin localData[6][2] not assigned to an exact location on the device
    Info: Pin localData[6][1] not assigned to an exact location on the device
    Info: Pin localData[6][0] not assigned to an exact location on the device
    Info: Pin localData[5][7] not assigned to an exact location on the device
    Info: Pin localData[5][6] not assigned to an exact location on the device
    Info: Pin localData[5][5] not assigned to an exact location on the device
    Info: Pin localData[5][4] not assigned to an exact location on the device
    Info: Pin localData[5][3] not assigned to an exact location on the device
    Info: Pin localData[5][2] not assigned to an exact location on the device
    Info: Pin localData[5][1] not assigned to an exact location on the device
    Info: Pin localData[5][0] not assigned to an exact location on the device
    Info: Pin localData[4][7] not assigned to an exact location on the device
    Info: Pin localData[4][6] not assigned to an exact location on the device
    Info: Pin localData[4][5] not assigned to an exact location on the device
    Info: Pin localData[4][4] not assigned to an exact location on the device
    Info: Pin localData[4][3] not assigned to an exact location on the device
    Info: Pin localData[4][2] not assigned to an exact location on the device
    Info: Pin localData[4][1] not assigned to an exact location on the device
    Info: Pin localData[4][0] not assigned to an exact location on the device
    Info: Pin localData[3][7] not assigned to an exact location on the device
    Info: Pin localData[3][6] not assigned to an exact location on the device
    Info: Pin localData[3][5] not assigned to an exact location on the device
    Info: Pin localData[3][4] not assigned to an exact location on the device
    Info: Pin localData[3][3] not assigned to an exact location on the device
    Info: Pin localData[3][2] not assigned to an exact location on the device
    Info: Pin localData[3][1] not assigned to an exact location on the device
    Info: Pin localData[3][0] not assigned to an exact location on the device
    Info: Pin localData[2][7] not assigned to an exact location on the device
    Info: Pin localData[2][6] not assigned to an exact location on the device
    Info: Pin localData[2][5] not assigned to an exact location on the device
    Info: Pin localData[2][4] not assigned to an exact location on the device
    Info: Pin localData[2][3] not assigned to an exact location on the device
    Info: Pin localData[2][2] not assigned to an exact location on the device
    Info: Pin localData[2][1] not assigned to an exact location on the device
    Info: Pin localData[2][0] not assigned to an exact location on the device
    Info: Pin localData[1][7] not assigned to an exact location on the device
    Info: Pin localData[1][6] not assigned to an exact location on the device
    Info: Pin localData[1][5] not assigned to an exact location on the device
    Info: Pin localData[1][4] not assigned to an exact location on the device
    Info: Pin localData[1][3] not assigned to an exact location on the device
    Info: Pin localData[1][2] not assigned to an exact location on the device
    Info: Pin localData[1][1] not assigned to an exact location on the device
    Info: Pin localData[1][0] not assigned to an exact location on the device
    Info: Pin localData[0][7] not assigned to an exact location on the device
    Info: Pin localData[0][6] not assigned to an exact location on the device
    Info: Pin localData[0][5] not assigned to an exact location on the device
    Info: Pin localData[0][4] not assigned to an exact location on the device
    Info: Pin localData[0][3] not assigned to an exact location on the device
    Info: Pin localData[0][2] not assigned to an exact location on the device
    Info: Pin localData[0][1] not assigned to an exact location on the device
    Info: Pin localData[0][0] not assigned to an exact location on the device
    Info: Pin outAddr[7] not assigned to an exact location on the device
    Info: Pin outAddr[6] not assigned to an exact location on the device
    Info: Pin outAddr[5] not assigned to an exact location on the device
    Info: Pin outAddr[4] not assigned to an exact location on the device
    Info: Pin outAddr[3] not assigned to an exact location on the device
    Info: Pin outAddr[2] not assigned to an exact location on the device
    Info: Pin outAddr[1] not assigned to an exact location on the device
    Info: Pin outAddr[0] not assigned to an exact location on the device
    Info: Pin outData[7] not assigned to an exact location on the device
    Info: Pin outData[6] not assigned to an exact location on the device
    Info: Pin outData[5] not assigned to an exact location on the device
    Info: Pin outData[4] not assigned to an exact location on the device
    Info: Pin outData[3] not assigned to an exact location on the device
    Info: Pin outData[2] not assigned to an exact location on the device
    Info: Pin outData[1] not assigned to an exact location on the device
    Info: Pin outData[0] not assigned to an exact location on the device
    Info: Pin in_Addr[7] not assigned to an exact location on the device
    Info: Pin in_Addr[6] not assigned to an exact location on the device
    Info: Pin in_Addr[5] not assigned to an exact location on the device
    Info: Pin in_Addr[4] not assigned to an exact location on the device
    Info: Pin in_Addr[3] not assigned to an exact location on the device
    Info: Pin in_Addr[2] not assigned to an exact location on the device
    Info: Pin in_Addr[1] not assigned to an exact location on the device
    Info: Pin in_Addr[0] not assigned to an exact location on the device
    Info: Pin RD not assigned to an exact location on the device
    Info: Pin inData[7] not assigned to an exact location on the device
    Info: Pin inData[6] not assigned to an exact location on the device
    Info: Pin inData[5] not assigned to an exact location on the device
    Info: Pin inData[4] not assigned to an exact location on the device
    Info: Pin inData[3] not assigned to an exact location on the device
    Info: Pin inData[2] not assigned to an exact location on the device
    Info: Pin inData[1] not assigned to an exact location on the device
    Info: Pin inData[0] not assigned to an exact location on the device
    Info: Pin CLK not assigned to an exact location on the device
    Info: Pin WR not assigned to an exact location on the device
Info: Timing requirements not specified -- optimizing circuit to achieve the following default global requirements
    Info: Assuming a global fmax requirement of 1 MHz
    Info: Not setting a global tsu requirement
    Info: Not setting a global tco requirement
    Info: Not setting a global tpd requirement
Info: Performing register packing on registers with non-logic cell location assignments
Info: Completed register packing on registers with non-logic cell location assignments
Info: Completed User Assigned Global Signals Promotion Operation
Info: Automatically promoted signal "CLK" to use Global clock in PIN L2
Info: Completed Auto Global Promotion Operation
Info: Starting register packing
Info: Started Fast Input/Output/OE register processing
Info: Finished Fast Input/Output/OE register processing
Info: Start inferring scan chains for DSP blocks
Info: Inferring scan chains for DSP blocks is complete
Info: Fitter is using Normal packing mode for logic elements with Auto setting for Auto Packed Registers logic option
Info: Moving registers into I/O cells, LUTs, RAM blocks, and DSP blocks to improve timing and density
Info: Finished moving registers into LUTs, I/O cells, DSP blocks, and RAM blocks
Info: Finished register packing
Info: Statistics of I/O pins that need to be placed that use the same VCCIO and VREF, before I/O pin placement
    Info: Number of I/O pins in group: 163 (unused VREF, 3.30 VCCIO, 18 input, 145 output, 0 bidirectional)
        Info: I/O standards used: LVTTL.
Info: I/O bank details before I/O pin placement
    Info: Statistics of I/O banks
        Info: I/O bank number 1 does not use VREF pins and has unused VCCIO pins. 0 total pin(s) used --  29 pins available
        Info: I/O bank number 2 does not use VREF pins and has unused VCCIO pins. 0 total pin(s) used --  30 pins available
        Info: I/O bank number 3 does not use VREF pins and has unused VCCIO pins. 0 total pin(s) used --  51 pins available
        Info: I/O bank number 4 does not use VREF pins and has unused VCCIO pins. 1 total pin(s) used --  51 pins available
        Info: I/O bank number 5 does not use VREF pins and has unused VCCIO pins. 1 total pin(s) used --  28 pins available
        Info: I/O bank number 6 does not use VREF pins and has unused VCCIO pins. 0 total pin(s) used --  29 pins available
        Info: I/O bank number 7 does not use VREF pins and has unused VCCIO pins. 0 total pin(s) used --  52 pins available
        Info: I/O bank number 8 does not use VREF pins and has unused VCCIO pins. 0 total pin(s) used --  51 pins available
        Info: I/O bank number 9 does not use VREF pins and has unused VCCIO pins. 0 total pin(s) used --  6 pins available
        Info: I/O bank number 10 does not use VREF pins and has unused VCCIO pins. 0 total pin(s) used --  0 pins available
        Info: I/O bank number 11 does not use VREF pins and has unused VCCIO pins. 0 total pin(s) used --  6 pins available
        Info: I/O bank number 12 does not use VREF pins and has unused VCCIO pins. 0 total pin(s) used --  0 pins available
Info: Fitter placement preparation operations beginning
Info: Fitter placement preparation operations ending: elapsed time is 00:00:00
Info: Fitter placement operations beginning
Info: Fitter placement was successful
Info: Estimated most critical path is register to register delay of 3.102 ns
    Info: 1: + IC(0.000 ns) + CELL(0.000 ns) = 0.000 ns; Loc. = LAB_X31_Y26; Fanout = 1; REG Node = 'cacheBlock:inst3|lpm_compare:inst8|comptree:comparator|cmpchain:cmp[0]|aeb_out'
    Info: 2: + IC(0.870 ns) + CELL(0.280 ns) = 1.150 ns; Loc. = LAB_X32_Y27; Fanout = 4; COMB Node = 'inst29~45'
    Info: 3: + IC(0.827 ns) + CELL(0.280 ns) = 2.257 ns; Loc. = LAB_X32_Y25; Fanout = 3; COMB Node = 'inst31'
    Info: 4: + IC(0.387 ns) + CELL(0.458 ns) = 3.102 ns; Loc. = LAB_X32_Y25; Fanout = 11; REG Node = 'lpm_counter:inst30|cntr_lq5:auto_generated|safe_q[0]'
    Info: Total cell delay = 1.018 ns ( 32.82 % )
    Info: Total interconnect delay = 2.084 ns ( 67.18 % )
Info: Fitter placement operations ending: elapsed time is 00:00:00
Info: Fitter routing operations beginning
Info: Average interconnect usage is 0% of the available device resources. Peak interconnect usage is 3%.
Info: Fitter routing operations ending: elapsed time is 00:00:00
Info: Fitter performed an Auto Fit compilation. Optimizations were skipped to reduce compilation time.
Info: Completed Fixed Delay Chain Operation
Info: Started post-fitting delay annotation
Info: Delay annotation completed successfully
Info: Completed Auto Delay Chain Operation
Info: Quartus II Fitter was successful. 0 errors, 0 warnings
    Info: Processing ended: Sun Feb 20 12:05:29 2022
    Info: Elapsed time: 00:00:11


