Fitter report for insert_sort
Sun Mar 27 09:55:09 2022
Version 5.0 Build 148 04/26/2005 SJ Full Version


---------------------
; Table of Contents ;
---------------------
  1. Legal Notice
  2. Fitter Summary
  3. Fitter Settings
  4. Fitter Device Options
  5. Fitter Equations
  6. Pin-Out File
  7. Fitter Resource Usage Summary
  8. Input Pins
  9. Output Pins
 10. I/O Bank Usage
 11. All Package Pins
 12. Output Pin Default Load For Reported TCO
 13. Fitter Resource Utilization by Entity
 14. Delay Chain Summary
 15. Pad To Core Delay Chain Fanout
 16. Control Signals
 17. Global & Other Fast Signals
 18. Non-Global High Fan-Out Signals
 19. Interconnect Usage Summary
 20. LAB Logic Elements
 21. LAB-wide Signals
 22. LAB Signals Sourced
 23. LAB Signals Sourced Out
 24. LAB Distinct Inputs
 25. Fitter Messages



----------------
; Legal Notice ;
----------------
Copyright (C) 1991-2005 Altera Corporation
Your use of Altera Corporation's design tools, logic functions 
and other software and tools, and its AMPP partner logic       
functions, and any output files any of the foregoing           
(including device programming or simulation files), and any    
associated documentation or information are expressly subject  
to the terms and conditions of the Altera Program License      
Subscription Agreement, Altera MegaCore Function License       
Agreement, or other applicable license agreement, including,   
without limitation, that your use is for the sole purpose of   
programming logic devices manufactured by Altera and sold by   
Altera or its authorized distributors.  Please refer to the    
applicable agreement for further details.



+---------------------------------------------------------------------+
; Fitter Summary                                                      ;
+--------------------------+------------------------------------------+
; Fitter Status            ; Successful - Sun Mar 27 09:55:09 2022    ;
; Quartus II Version       ; 5.0 Build 148 04/26/2005 SJ Full Version ;
; Revision Name            ; insert_sort                              ;
; Top-level Entity Name    ; insert_sort                              ;
; Family                   ; Stratix                                  ;
; Device                   ; EP1S10F484C5                             ;
; Timing Models            ; Final                                    ;
; Total logic elements     ; 950 / 10,570 ( 8 % )                     ;
; Total pins               ; 68 / 336 ( 20 % )                        ;
; Total virtual pins       ; 0                                        ;
; Total memory bits        ; 0 / 920,448 ( 0 % )                      ;
; DSP block 9-bit elements ; 0 / 48 ( 0 % )                           ;
; Total PLLs               ; 0 / 6 ( 0 % )                            ;
; Total DLLs               ; 0 / 2 ( 0 % )                            ;
+--------------------------+------------------------------------------+


+----------------------------------------------------------------------------------------------------------------------+
; Fitter Settings                                                                                                      ;
+----------------------------------------------------+--------------------------------+--------------------------------+
; Option                                             ; Setting                        ; Default Value                  ;
+----------------------------------------------------+--------------------------------+--------------------------------+
; Device                                             ; AUTO                           ;                                ;
; Use smart compilation                              ; Off                            ; Off                            ;
; Placement Effort Multiplier                        ; 1.0                            ; 1.0                            ;
; Router Effort Multiplier                           ; 1.0                            ; 1.0                            ;
; Optimize Hold Timing                               ; IO Paths and Minimum TPD Paths ; IO Paths and Minimum TPD Paths ;
; Optimize Fast-Corner Timing                        ; Off                            ; Off                            ;
; Optimize Timing                                    ; Normal compilation             ; Normal compilation             ;
; Optimize IOC Register Placement for Timing         ; On                             ; On                             ;
; Limit to One Fitting Attempt                       ; Off                            ; Off                            ;
; Final Placement Optimizations                      ; Automatically                  ; Automatically                  ;
; Fitter Initial Placement Seed                      ; 1                              ; 1                              ;
; Slow Slew Rate                                     ; Off                            ; Off                            ;
; PCI I/O                                            ; Off                            ; Off                            ;
; Weak Pull-Up Resistor                              ; Off                            ; Off                            ;
; Enable Bus-Hold Circuitry                          ; Off                            ; Off                            ;
; Auto Global Memory Control Signals                 ; Off                            ; Off                            ;
; Auto Packed Registers -- Stratix/Stratix GX        ; Auto                           ; Auto                           ;
; Auto Delay Chains                                  ; On                             ; On                             ;
; Auto Merge PLLs                                    ; On                             ; On                             ;
; Perform Physical Synthesis for Combinational Logic ; Off                            ; Off                            ;
; Perform Register Duplication                       ; Off                            ; Off                            ;
; Perform Register Retiming                          ; Off                            ; Off                            ;
; Fitter Effort                                      ; Auto Fit                       ; Auto Fit                       ;
; Physical Synthesis Effort Level                    ; Normal                         ; Normal                         ;
; Logic Cell Insertion - Logic Duplication           ; Auto                           ; Auto                           ;
; Auto Register Duplication                          ; Off                            ; Off                            ;
; Auto Global Clock                                  ; On                             ; On                             ;
; Auto Global Register Control Signals               ; On                             ; On                             ;
+----------------------------------------------------+--------------------------------+--------------------------------+


+-------------------------------------------------------------------------+
; Fitter Device Options                                                   ;
+----------------------------------------------+--------------------------+
; Option                                       ; Setting                  ;
+----------------------------------------------+--------------------------+
; Enable user-supplied start-up clock (CLKUSR) ; Off                      ;
; Enable device-wide reset (DEV_CLRn)          ; Off                      ;
; Enable device-wide output enable (DEV_OE)    ; Off                      ;
; Enable INIT_DONE output                      ; Off                      ;
; Configuration scheme                         ; Passive Serial           ;
; Error detection CRC                          ; Off                      ;
; Reserve Data[0] pin after configuration      ; As input tri-stated      ;
; Reserve all unused pins                      ; As output driving ground ;
; Base pin-out file on sameframe device        ; Off                      ;
+----------------------------------------------+--------------------------+


+------------------+
; Fitter Equations ;
+------------------+
The equations can be found in Y:/sem4/lab8/insert_sort.fit.eqn.


+--------------+
; Pin-Out File ;
+--------------+
The pin-out file can be found in Y:/sem4/lab8/insert_sort.pin.


+--------------------------------------------------------------------+
; Fitter Resource Usage Summary                                      ;
+---------------------------------------------+----------------------+
; Resource                                    ; Usage                ;
+---------------------------------------------+----------------------+
; Total logic elements                        ; 950 / 10,570 ( 8 % ) ;
;     -- Combinational with no register       ; 594                  ;
;     -- Register only                        ; 0                    ;
;     -- Combinational with a register        ; 356                  ;
;                                             ;                      ;
; Logic element usage by number of LUT inputs ;                      ;
;     -- 4 input functions                    ; 489                  ;
;     -- 3 input functions                    ; 356                  ;
;     -- 2 input functions                    ; 103                  ;
;     -- 1 input functions                    ; 2                    ;
;     -- 0 input functions                    ; 0                    ;
;                                             ;                      ;
; Logic elements by mode                      ;                      ;
;     -- normal mode                          ; 857                  ;
;     -- arithmetic mode                      ; 93                   ;
;     -- qfbk mode                            ; 0                    ;
;     -- register cascade mode                ; 0                    ;
;     -- synchronous clear/load mode          ; 292                  ;
;     -- asynchronous clear/load mode         ; 0                    ;
;                                             ;                      ;
; Total LABs                                  ; 110 / 1,057 ( 10 % ) ;
; Logic elements in carry chains              ; 96                   ;
; User inserted logic elements                ; 0                    ;
; Virtual pins                                ; 0                    ;
; I/O pins                                    ; 68 / 336 ( 20 % )    ;
;     -- Clock pins                           ; 5 / 16 ( 31 % )      ;
; Global signals                              ; 1                    ;
; M512s                                       ; 0 / 94 ( 0 % )       ;
; M4Ks                                        ; 0 / 60 ( 0 % )       ;
; M-RAMs                                      ; 0 / 1 ( 0 % )        ;
; Total memory bits                           ; 0 / 920,448 ( 0 % )  ;
; Total RAM block bits                        ; 0 / 920,448 ( 0 % )  ;
; DSP block 9-bit elements                    ; 0 / 48 ( 0 % )       ;
; Global clocks                               ; 1 / 16 ( 6 % )       ;
; Regional clocks                             ; 0 / 16 ( 0 % )       ;
; Fast regional clocks                        ; 0 / 8 ( 0 % )        ;
; SERDES transmitters                         ; 0 / 44 ( 0 % )       ;
; SERDES receivers                            ; 0 / 44 ( 0 % )       ;
; Maximum fan-out node                        ; clk                  ;
; Maximum fan-out                             ; 356                  ;
; Total fan-out                               ; 4657                 ;
; Average fan-out                             ; 4.57                 ;
+---------------------------------------------+----------------------+


+------------------------------------------------------------------------------------------------------------------------------------------------------------------------------------------------------------------------------------------------------------------+
; Input Pins                                                                                                                                                                                                                                                       ;
+------------+-------+----------+--------------+--------------+-------------+-----------------------+--------------------+--------+----------------+---------------+-----------------+----------+--------------+--------------+-------------+----------------------+
; Name       ; Pin # ; I/O Bank ; X coordinate ; Y coordinate ; Cell number ; Combinational Fan-Out ; Registered Fan-Out ; Global ; Input Register ; Power Up High ; PCI I/O Enabled ; Bus Hold ; Weak Pull Up ; I/O Standard ; Termination ; Location assigned by ;
+------------+-------+----------+--------------+--------------+-------------+-----------------------+--------------------+--------+----------------+---------------+-----------------+----------+--------------+--------------+-------------+----------------------+
; clk        ; L2    ; 5        ; 53           ; 19           ; 3           ; 356                   ; 0                  ; yes    ; no             ; no            ; no              ; no       ; Off          ; LVTTL        ; Off         ; Fitter               ;
; inData[0]  ; K15   ; 3        ; 19           ; 31           ; 2           ; 8                     ; 0                  ; no     ; no             ; no            ; no              ; no       ; Off          ; LVTTL        ; Off         ; Fitter               ;
; inData[10] ; C14   ; 3        ; 21           ; 31           ; 3           ; 8                     ; 0                  ; no     ; no             ; no            ; no              ; no       ; Off          ; LVTTL        ; Off         ; Fitter               ;
; inData[11] ; E13   ; 3        ; 21           ; 31           ; 0           ; 8                     ; 0                  ; no     ; no             ; no            ; no              ; no       ; Off          ; LVTTL        ; Off         ; Fitter               ;
; inData[12] ; D12   ; 9        ; 25           ; 31           ; 0           ; 8                     ; 0                  ; no     ; no             ; no            ; no              ; no       ; Off          ; LVTTL        ; Off         ; Fitter               ;
; inData[13] ; K10   ; 4        ; 31           ; 31           ; 3           ; 8                     ; 0                  ; no     ; no             ; no            ; no              ; no       ; Off          ; LVTTL        ; Off         ; Fitter               ;
; inData[14] ; C13   ; 9        ; 25           ; 31           ; 4           ; 8                     ; 0                  ; no     ; no             ; no            ; no              ; no       ; Off          ; LVTTL        ; Off         ; Fitter               ;
; inData[15] ; B14   ; 3        ; 21           ; 31           ; 2           ; 8                     ; 0                  ; no     ; no             ; no            ; no              ; no       ; Off          ; LVTTL        ; Off         ; Fitter               ;
; inData[16] ; G14   ; 3        ; 19           ; 31           ; 5           ; 8                     ; 0                  ; no     ; no             ; no            ; no              ; no       ; Off          ; LVTTL        ; Off         ; Fitter               ;
; inData[17] ; K14   ; 3        ; 19           ; 31           ; 4           ; 8                     ; 0                  ; no     ; no             ; no            ; no              ; no       ; Off          ; LVTTL        ; Off         ; Fitter               ;
; inData[18] ; L16   ; 3        ; 17           ; 31           ; 1           ; 8                     ; 0                  ; no     ; no             ; no            ; no              ; no       ; Off          ; LVTTL        ; Off         ; Fitter               ;
; inData[19] ; F14   ; 3        ; 17           ; 31           ; 3           ; 8                     ; 0                  ; no     ; no             ; no            ; no              ; no       ; Off          ; LVTTL        ; Off         ; Fitter               ;
; inData[1]  ; L15   ; 3        ; 19           ; 31           ; 0           ; 8                     ; 0                  ; no     ; no             ; no            ; no              ; no       ; Off          ; LVTTL        ; Off         ; Fitter               ;
; inData[20] ; D14   ; 3        ; 17           ; 31           ; 2           ; 8                     ; 0                  ; no     ; no             ; no            ; no              ; no       ; Off          ; LVTTL        ; Off         ; Fitter               ;
; inData[21] ; B15   ; 3        ; 12           ; 31           ; 1           ; 8                     ; 0                  ; no     ; no             ; no            ; no              ; no       ; Off          ; LVTTL        ; Off         ; Fitter               ;
; inData[22] ; E14   ; 3        ; 17           ; 31           ; 0           ; 8                     ; 0                  ; no     ; no             ; no            ; no              ; no       ; Off          ; LVTTL        ; Off         ; Fitter               ;
; inData[23] ; F15   ; 3        ; 12           ; 31           ; 0           ; 8                     ; 0                  ; no     ; no             ; no            ; no              ; no       ; Off          ; LVTTL        ; Off         ; Fitter               ;
; inData[24] ; D15   ; 3        ; 12           ; 31           ; 2           ; 8                     ; 0                  ; no     ; no             ; no            ; no              ; no       ; Off          ; LVTTL        ; Off         ; Fitter               ;
; inData[25] ; J15   ; 3        ; 17           ; 31           ; 5           ; 8                     ; 0                  ; no     ; no             ; no            ; no              ; no       ; Off          ; LVTTL        ; Off         ; Fitter               ;
; inData[26] ; J16   ; 3        ; 12           ; 31           ; 5           ; 8                     ; 0                  ; no     ; no             ; no            ; no              ; no       ; Off          ; LVTTL        ; Off         ; Fitter               ;
; inData[27] ; J21   ; 2        ; 0            ; 21           ; 1           ; 8                     ; 0                  ; no     ; no             ; no            ; no              ; no       ; Off          ; LVTTL        ; Off         ; Fitter               ;
; inData[28] ; C15   ; 3        ; 17           ; 31           ; 4           ; 8                     ; 0                  ; no     ; no             ; no            ; no              ; no       ; Off          ; LVTTL        ; Off         ; Fitter               ;
; inData[29] ; L17   ; 2        ; 0            ; 22           ; 0           ; 8                     ; 0                  ; no     ; no             ; no            ; no              ; no       ; Off          ; LVTTL        ; Off         ; Fitter               ;
; inData[2]  ; B12   ; 9        ; 25           ; 31           ; 2           ; 8                     ; 0                  ; no     ; no             ; no            ; no              ; no       ; Off          ; LVTTL        ; Off         ; Fitter               ;
; inData[30] ; A15   ; 3        ; 19           ; 31           ; 1           ; 8                     ; 0                  ; no     ; no             ; no            ; no              ; no       ; Off          ; LVTTL        ; Off         ; Fitter               ;
; inData[31] ; D13   ; 3        ; 21           ; 31           ; 1           ; 8                     ; 0                  ; no     ; no             ; no            ; no              ; no       ; Off          ; LVTTL        ; Off         ; Fitter               ;
; inData[3]  ; B13   ; 9        ; 25           ; 31           ; 5           ; 8                     ; 0                  ; no     ; no             ; no            ; no              ; no       ; Off          ; LVTTL        ; Off         ; Fitter               ;
; inData[4]  ; A11   ; 4        ; 29           ; 31           ; 3           ; 8                     ; 0                  ; no     ; no             ; no            ; no              ; no       ; Off          ; LVTTL        ; Off         ; Fitter               ;
; inData[5]  ; C12   ; 9        ; 25           ; 31           ; 1           ; 8                     ; 0                  ; no     ; no             ; no            ; no              ; no       ; Off          ; LVTTL        ; Off         ; Fitter               ;
; inData[6]  ; A12   ; 9        ; 25           ; 31           ; 3           ; 8                     ; 0                  ; no     ; no             ; no            ; no              ; no       ; Off          ; LVTTL        ; Off         ; Fitter               ;
; inData[7]  ; B11   ; 4        ; 29           ; 31           ; 1           ; 8                     ; 0                  ; no     ; no             ; no            ; no              ; no       ; Off          ; LVTTL        ; Off         ; Fitter               ;
; inData[8]  ; G9    ; 4        ; 31           ; 31           ; 0           ; 8                     ; 0                  ; no     ; no             ; no            ; no              ; no       ; Off          ; LVTTL        ; Off         ; Fitter               ;
; inData[9]  ; M15   ; 3        ; 19           ; 31           ; 3           ; 8                     ; 0                  ; no     ; no             ; no            ; no              ; no       ; Off          ; LVTTL        ; Off         ; Fitter               ;
; reset      ; K8    ; 4        ; 33           ; 31           ; 5           ; 9                     ; 0                  ; no     ; no             ; no            ; no              ; no       ; Off          ; LVTTL        ; Off         ; Fitter               ;
; start      ; J9    ; 4        ; 33           ; 31           ; 0           ; 11                    ; 0                  ; no     ; no             ; no            ; no              ; no       ; Off          ; LVTTL        ; Off         ; Fitter               ;
+------------+-------+----------+--------------+--------------+-------------+-----------------------+--------------------+--------+----------------+---------------+-----------------+----------+--------------+--------------+-------------+----------------------+


+----------------------------------------------------------------------------------------------------------------------------------------------------------------------------------------------------------------------------------------------------------------------------------------------------------------------+
; Output Pins                                                                                                                                                                                                                                                                                                          ;
+-------------+-------+----------+--------------+--------------+-------------+-----------------+------------------------+---------------+----------------+-----------------+------------+---------------+----------+--------------+--------------+------------------+-------------+----------------------+-------------+
; Name        ; Pin # ; I/O Bank ; X coordinate ; Y coordinate ; Cell number ; Output Register ; Output Enable Register ; Power Up High ; Slow Slew Rate ; PCI I/O Enabled ; Open Drain ; TRI Primitive ; Bus Hold ; Weak Pull Up ; I/O Standard ; Current Strength ; Termination ; Location assigned by ; Load        ;
+-------------+-------+----------+--------------+--------------+-------------+-----------------+------------------------+---------------+----------------+-----------------+------------+---------------+----------+--------------+--------------+------------------+-------------+----------------------+-------------+
; done        ; G8    ; 4        ; 41           ; 31           ; 4           ; no              ; no                     ; no            ; no             ; no              ; no         ; no            ; no       ; Off          ; LVTTL        ; 24mA             ; Off         ; Fitter               ; Unspecified ;
; outData[0]  ; AA13  ; 11       ; 25           ; 0            ; 4           ; no              ; no                     ; no            ; no             ; no              ; no         ; no            ; no       ; Off          ; LVTTL        ; 24mA             ; Off         ; Fitter               ; Unspecified ;
; outData[10] ; B8    ; 4        ; 36           ; 31           ; 4           ; no              ; no                     ; no            ; no             ; no              ; no         ; no            ; no       ; Off          ; LVTTL        ; 24mA             ; Off         ; Fitter               ; Unspecified ;
; outData[11] ; D9    ; 4        ; 36           ; 31           ; 2           ; no              ; no                     ; no            ; no             ; no              ; no         ; no            ; no       ; Off          ; LVTTL        ; 24mA             ; Off         ; Fitter               ; Unspecified ;
; outData[12] ; F8    ; 4        ; 41           ; 31           ; 0           ; no              ; no                     ; no            ; no             ; no              ; no         ; no            ; no       ; Off          ; LVTTL        ; 24mA             ; Off         ; Fitter               ; Unspecified ;
; outData[13] ; D8    ; 4        ; 41           ; 31           ; 1           ; no              ; no                     ; no            ; no             ; no              ; no         ; no            ; no       ; Off          ; LVTTL        ; 24mA             ; Off         ; Fitter               ; Unspecified ;
; outData[14] ; C9    ; 4        ; 36           ; 31           ; 5           ; no              ; no                     ; no            ; no             ; no              ; no         ; no            ; no       ; Off          ; LVTTL        ; 24mA             ; Off         ; Fitter               ; Unspecified ;
; outData[15] ; D16   ; 3        ; 9            ; 31           ; 1           ; no              ; no                     ; no            ; no             ; no              ; no         ; no            ; no       ; Off          ; LVTTL        ; 24mA             ; Off         ; Fitter               ; Unspecified ;
; outData[16] ; E9    ; 4        ; 36           ; 31           ; 0           ; no              ; no                     ; no            ; no             ; no              ; no         ; no            ; no       ; Off          ; LVTTL        ; 24mA             ; Off         ; Fitter               ; Unspecified ;
; outData[17] ; L7    ; 4        ; 36           ; 31           ; 3           ; no              ; no                     ; no            ; no             ; no              ; no         ; no            ; no       ; Off          ; LVTTL        ; 24mA             ; Off         ; Fitter               ; Unspecified ;
; outData[18] ; F16   ; 3        ; 7            ; 31           ; 4           ; no              ; no                     ; no            ; no             ; no              ; no         ; no            ; no       ; Off          ; LVTTL        ; 24mA             ; Off         ; Fitter               ; Unspecified ;
; outData[19] ; E16   ; 3        ; 9            ; 31           ; 5           ; no              ; no                     ; no            ; no             ; no              ; no         ; no            ; no       ; Off          ; LVTTL        ; 24mA             ; Off         ; Fitter               ; Unspecified ;
; outData[1]  ; Y13   ; 11       ; 25           ; 0            ; 5           ; no              ; no                     ; no            ; no             ; no              ; no         ; no            ; no       ; Off          ; LVTTL        ; 24mA             ; Off         ; Fitter               ; Unspecified ;
; outData[20] ; C16   ; 3        ; 9            ; 31           ; 0           ; no              ; no                     ; no            ; no             ; no              ; no         ; no            ; no       ; Off          ; LVTTL        ; 24mA             ; Off         ; Fitter               ; Unspecified ;
; outData[21] ; F17   ; 3        ; 7            ; 31           ; 0           ; no              ; no                     ; no            ; no             ; no              ; no         ; no            ; no       ; Off          ; LVTTL        ; 24mA             ; Off         ; Fitter               ; Unspecified ;
; outData[22] ; E15   ; 3        ; 12           ; 31           ; 3           ; no              ; no                     ; no            ; no             ; no              ; no         ; no            ; no       ; Off          ; LVTTL        ; 24mA             ; Off         ; Fitter               ; Unspecified ;
; outData[23] ; A17   ; 3        ; 7            ; 31           ; 5           ; no              ; no                     ; no            ; no             ; no              ; no         ; no            ; no       ; Off          ; LVTTL        ; 24mA             ; Off         ; Fitter               ; Unspecified ;
; outData[24] ; C17   ; 3        ; 7            ; 31           ; 1           ; no              ; no                     ; no            ; no             ; no              ; no         ; no            ; no       ; Off          ; LVTTL        ; 24mA             ; Off         ; Fitter               ; Unspecified ;
; outData[25] ; C8    ; 4        ; 41           ; 31           ; 3           ; no              ; no                     ; no            ; no             ; no              ; no         ; no            ; no       ; Off          ; LVTTL        ; 24mA             ; Off         ; Fitter               ; Unspecified ;
; outData[26] ; G16   ; 3        ; 9            ; 31           ; 2           ; no              ; no                     ; no            ; no             ; no              ; no         ; no            ; no       ; Off          ; LVTTL        ; 24mA             ; Off         ; Fitter               ; Unspecified ;
; outData[27] ; B16   ; 3        ; 9            ; 31           ; 3           ; no              ; no                     ; no            ; no             ; no              ; no         ; no            ; no       ; Off          ; LVTTL        ; 24mA             ; Off         ; Fitter               ; Unspecified ;
; outData[28] ; K16   ; 3        ; 12           ; 31           ; 4           ; no              ; no                     ; no            ; no             ; no              ; no         ; no            ; no       ; Off          ; LVTTL        ; 24mA             ; Off         ; Fitter               ; Unspecified ;
; outData[29] ; A16   ; 3        ; 9            ; 31           ; 4           ; no              ; no                     ; no            ; no             ; no              ; no         ; no            ; no       ; Off          ; LVTTL        ; 24mA             ; Off         ; Fitter               ; Unspecified ;
; outData[2]  ; A7    ; 4        ; 44           ; 31           ; 4           ; no              ; no                     ; no            ; no             ; no              ; no         ; no            ; no       ; Off          ; LVTTL        ; 24mA             ; Off         ; Fitter               ; Unspecified ;
; outData[30] ; K20   ; 2        ; 0            ; 20           ; 0           ; no              ; no                     ; no            ; no             ; no              ; no         ; no            ; no       ; Off          ; LVTTL        ; 24mA             ; Off         ; Fitter               ; Unspecified ;
; outData[31] ; AA12  ; 11       ; 25           ; 0            ; 2           ; no              ; no                     ; no            ; no             ; no              ; no         ; no            ; no       ; Off          ; LVTTL        ; 24mA             ; Off         ; Fitter               ; Unspecified ;
; outData[3]  ; AB12  ; 11       ; 25           ; 0            ; 3           ; no              ; no                     ; no            ; no             ; no              ; no         ; no            ; no       ; Off          ; LVTTL        ; 24mA             ; Off         ; Fitter               ; Unspecified ;
; outData[4]  ; F9    ; 4        ; 36           ; 31           ; 1           ; no              ; no                     ; no            ; no             ; no              ; no         ; no            ; no       ; Off          ; LVTTL        ; 24mA             ; Off         ; Fitter               ; Unspecified ;
; outData[5]  ; E8    ; 4        ; 41           ; 31           ; 2           ; no              ; no                     ; no            ; no             ; no              ; no         ; no            ; no       ; Off          ; LVTTL        ; 24mA             ; Off         ; Fitter               ; Unspecified ;
; outData[6]  ; J8    ; 4        ; 33           ; 31           ; 4           ; no              ; no                     ; no            ; no             ; no              ; no         ; no            ; no       ; Off          ; LVTTL        ; 24mA             ; Off         ; Fitter               ; Unspecified ;
; outData[7]  ; F10   ; 4        ; 33           ; 31           ; 2           ; no              ; no                     ; no            ; no             ; no              ; no         ; no            ; no       ; Off          ; LVTTL        ; 24mA             ; Off         ; Fitter               ; Unspecified ;
; outData[8]  ; H10   ; 4        ; 33           ; 31           ; 1           ; no              ; no                     ; no            ; no             ; no              ; no         ; no            ; no       ; Off          ; LVTTL        ; 24mA             ; Off         ; Fitter               ; Unspecified ;
; outData[9]  ; H8    ; 4        ; 41           ; 31           ; 5           ; no              ; no                     ; no            ; no             ; no              ; no         ; no            ; no       ; Off          ; LVTTL        ; 24mA             ; Off         ; Fitter               ; Unspecified ;
+-------------+-------+----------+--------------+--------------+-------------+-----------------+------------------------+---------------+----------------+-----------------+------------+---------------+----------+--------------+--------------+------------------+-------------+----------------------+-------------+


+------------------------------------------------------------+
; I/O Bank Usage                                             ;
+----------+------------------+---------------+--------------+
; I/O Bank ; Usage            ; VCCIO Voltage ; VREF Voltage ;
+----------+------------------+---------------+--------------+
; 1        ; 0 / 29 ( 0 % )   ; 3.3V          ; --           ;
; 2        ; 3 / 30 ( 10 % )  ; 3.3V          ; --           ;
; 3        ; 32 / 51 ( 62 % ) ; 3.3V          ; --           ;
; 4        ; 23 / 52 ( 44 % ) ; 3.3V          ; --           ;
; 5        ; 1 / 29 ( 3 % )   ; 3.3V          ; --           ;
; 6        ; 0 / 29 ( 0 % )   ; 3.3V          ; --           ;
; 7        ; 0 / 52 ( 0 % )   ; 3.3V          ; --           ;
; 8        ; 0 / 51 ( 0 % )   ; 3.3V          ; --           ;
; 9        ; 6 / 6 ( 100 % )  ; 3.3V          ; --           ;
; 11       ; 4 / 6 ( 66 % )   ; 3.3V          ; --           ;
+----------+------------------+---------------+--------------+


+---------------------------------------------------------------------------------------------------------------------------------------------+
; All Package Pins                                                                                                                            ;
+----------+------------+----------+---------------------------+--------+--------------+---------+------------+-------------+-----------------+
; Location ; Pad Number ; I/O Bank ; Pin Name/Usage            ; Dir.   ; I/O Standard ; Voltage ; I/O Type   ; Termination ; User Assignment ;
+----------+------------+----------+---------------------------+--------+--------------+---------+------------+-------------+-----------------+
; A1       ;            ;          ; VCCINT                    ; power  ;              ; 1.5V    ; --         ; --          ;                 ;
; A2       ;            ;          ; GND                       ; gnd    ;              ;         ; --         ; --          ;                 ;
; A3       ;            ; 4        ; VCCIO4                    ; power  ;              ; 3.3V    ; --         ; --          ;                 ;
; A4       ; 339        ; 4        ; GND*                      ;        ;              ;         ; Column I/O ; --          ;                 ;
; A5       ; 346        ; 4        ; GND*                      ;        ;              ;         ; Column I/O ; --          ;                 ;
; A6       ; 351        ; 4        ; GND*                      ;        ;              ;         ; Column I/O ; --          ;                 ;
; A7       ; 355        ; 4        ; outData[2]                ; output ; LVTTL        ;         ; Column I/O ; Off         ; N               ;
; A8       ; 356        ; 4        ; GND*                      ;        ;              ;         ; Column I/O ; --          ;                 ;
; A9       ;            ;          ; GND                       ; gnd    ;              ;         ; --         ; --          ;                 ;
; A10      ;            ; 4        ; VCCIO4                    ; power  ;              ; 3.3V    ; --         ; --          ;                 ;
; A11      ; 389        ; 4        ; inData[4]                 ; input  ; LVTTL        ;         ; Column I/O ; Off         ; N               ;
; A12      ; 395        ; 9        ; inData[6]                 ; input  ; LVTTL        ;         ; Column I/O ; Off         ; N               ;
; A13      ;            ; 3        ; VCCIO3                    ; power  ;              ; 3.3V    ; --         ; --          ;                 ;
; A14      ;            ;          ; GND                       ; gnd    ;              ;         ; --         ; --          ;                 ;
; A15      ; 416        ; 3        ; inData[30]                ; input  ; LVTTL        ;         ; Column I/O ; Off         ; N               ;
; A16      ; 429        ; 3        ; outData[29]               ; output ; LVTTL        ;         ; Column I/O ; Off         ; N               ;
; A17      ; 436        ; 3        ; outData[23]               ; output ; LVTTL        ;         ; Column I/O ; Off         ; N               ;
; A18      ; 444        ; 3        ; GND*                      ;        ;              ;         ; Column I/O ; --          ;                 ;
; A19      ; 450        ; 3        ; GND*                      ;        ;              ;         ; Column I/O ; --          ;                 ;
; A20      ;            ; 3        ; VCCIO3                    ; power  ;              ; 3.3V    ; --         ; --          ;                 ;
; A21      ;            ;          ; GND                       ; gnd    ;              ;         ; --         ; --          ;                 ;
; A22      ;            ;          ; VCCINT                    ; power  ;              ; 1.5V    ; --         ; --          ;                 ;
; AA1      ;            ;          ; GND                       ; gnd    ;              ;         ; --         ; --          ;                 ;
; AA2      ; 225        ; 7        ; GND*                      ;        ;              ;         ; Column I/O ; --          ;                 ;
; AA3      ; 224        ; 7        ; GND*                      ;        ;              ;         ; Column I/O ; --          ;                 ;
; AA4      ; 220        ; 7        ; GND*                      ;        ;              ;         ; Column I/O ; --          ;                 ;
; AA5      ; 216        ; 7        ; GND*                      ;        ;              ;         ; Column I/O ; --          ;                 ;
; AA6      ; 210        ; 7        ; GND*                      ;        ;              ;         ; Column I/O ; --          ;                 ;
; AA7      ; 204        ; 7        ; GND*                      ;        ;              ;         ; Column I/O ; --          ;                 ;
; AA8      ; 187        ; 7        ; GND*                      ;        ;              ;         ; Column I/O ; --          ;                 ;
; AA9      ;            ;          ; NC                        ;        ;              ;         ; --         ; --          ;                 ;
; AA10     ;            ;          ; NC                        ;        ;              ;         ; --         ; --          ;                 ;
; AA11     ; 168        ; 7        ; GND+                      ;        ;              ;         ; Column I/O ; --          ;                 ;
; AA12     ; 165        ; 11       ; outData[31]               ; output ; LVTTL        ;         ; Column I/O ; Off         ; N               ;
; AA13     ; 167        ; 11       ; outData[0]                ; output ; LVTTL        ;         ; Column I/O ; Off         ; N               ;
; AA14     ; 153        ; 8        ; GND+                      ;        ;              ;         ; Column I/O ; --          ;                 ;
; AA15     ; 131        ; 8        ; GND*                      ;        ;              ;         ; Column I/O ; --          ;                 ;
; AA16     ; 125        ; 8        ; GND*                      ;        ;              ;         ; Column I/O ; --          ;                 ;
; AA17     ; 111        ; 8        ; GND*                      ;        ;              ;         ; Column I/O ; --          ;                 ;
; AA18     ; 109        ; 8        ; GND*                      ;        ;              ;         ; Column I/O ; --          ;                 ;
; AA19     ; 108        ; 8        ; GND*                      ;        ;              ;         ; Column I/O ; --          ;                 ;
; AA20     ; 103        ; 8        ; GND*                      ;        ;              ;         ; Column I/O ; --          ;                 ;
; AA21     ; 102        ; 8        ; GND*                      ;        ;              ;         ; Column I/O ; --          ;                 ;
; AA22     ;            ;          ; GND                       ; gnd    ;              ;         ; --         ; --          ;                 ;
; AB1      ;            ;          ; VCCINT                    ; power  ;              ; 1.5V    ; --         ; --          ;                 ;
; AB2      ;            ;          ; GND                       ; gnd    ;              ;         ; --         ; --          ;                 ;
; AB3      ;            ; 7        ; VCCIO7                    ; power  ;              ; 3.3V    ; --         ; --          ;                 ;
; AB4      ; 221        ; 7        ; GND*                      ;        ;              ;         ; Column I/O ; --          ;                 ;
; AB5      ; 213        ; 7        ; GND*                      ;        ;              ;         ; Column I/O ; --          ;                 ;
; AB6      ; 212        ; 7        ; GND*                      ;        ;              ;         ; Column I/O ; --          ;                 ;
; AB7      ; 203        ; 7        ; GND*                      ;        ;              ;         ; Column I/O ; --          ;                 ;
; AB8      ; 201        ; 7        ; GND*                      ;        ;              ;         ; Column I/O ; --          ;                 ;
; AB9      ;            ;          ; GND                       ; gnd    ;              ;         ; --         ; --          ;                 ;
; AB10     ;            ; 7        ; VCCIO7                    ; power  ;              ; 3.3V    ; --         ; --          ;                 ;
; AB11     ; 170        ; 7        ; GND+                      ;        ;              ;         ; Column I/O ; --          ;                 ;
; AB12     ; 164        ; 11       ; outData[3]                ; output ; LVTTL        ;         ; Column I/O ; Off         ; N               ;
; AB13     ;            ; 8        ; VCCIO8                    ; power  ;              ; 3.3V    ; --         ; --          ;                 ;
; AB14     ;            ;          ; GND                       ; gnd    ;              ;         ; --         ; --          ;                 ;
; AB15     ; 132        ; 8        ; GND*                      ;        ;              ;         ; Column I/O ; --          ;                 ;
; AB16     ; 129        ; 8        ; GND*                      ;        ;              ;         ; Column I/O ; --          ;                 ;
; AB17     ; 118        ; 8        ; GND*                      ;        ;              ;         ; Column I/O ; --          ;                 ;
; AB18     ; 113        ; 8        ; GND*                      ;        ;              ;         ; Column I/O ; --          ;                 ;
; AB19     ; 110        ; 8        ; GND*                      ;        ;              ;         ; Column I/O ; --          ;                 ;
; AB20     ;            ; 8        ; VCCIO8                    ; power  ;              ; 3.3V    ; --         ; --          ;                 ;
; AB21     ;            ;          ; GND                       ; gnd    ;              ;         ; --         ; --          ;                 ;
; AB22     ;            ;          ; VCCINT                    ; power  ;              ; 1.5V    ; --         ; --          ;                 ;
; B1       ;            ;          ; GND                       ; gnd    ;              ;         ; --         ; --          ;                 ;
; B2       ; 332        ; 4        ; GND*                      ;        ;              ;         ; Column I/O ; --          ;                 ;
; B3       ; 331        ; 4        ; GND*                      ;        ;              ;         ; Column I/O ; --          ;                 ;
; B4       ; 335        ; 4        ; GND*                      ;        ;              ;         ; Column I/O ; --          ;                 ;
; B5       ; 345        ; 4        ; GND*                      ;        ;              ;         ; Column I/O ; --          ;                 ;
; B6       ; 353        ; 4        ; GND*                      ;        ;              ;         ; Column I/O ; --          ;                 ;
; B7       ; 350        ; 4        ; GND*                      ;        ;              ;         ; Column I/O ; --          ;                 ;
; B8       ; 367        ; 4        ; outData[10]               ; output ; LVTTL        ;         ; Column I/O ; Off         ; N               ;
; B9       ;            ;          ; NC                        ;        ;              ;         ; --         ; --          ;                 ;
; B10      ;            ;          ; NC                        ;        ;              ;         ; --         ; --          ;                 ;
; B11      ; 391        ; 4        ; inData[7]                 ; input  ; LVTTL        ;         ; Column I/O ; Off         ; N               ;
; B12      ; 394        ; 9        ; inData[2]                 ; input  ; LVTTL        ;         ; Column I/O ; Off         ; N               ;
; B13      ; 393        ; 9        ; inData[3]                 ; input  ; LVTTL        ;         ; Column I/O ; Off         ; N               ;
; B14      ; 406        ; 3        ; inData[15]                ; input  ; LVTTL        ;         ; Column I/O ; Off         ; N               ;
; B15      ; 428        ; 3        ; inData[21]                ; input  ; LVTTL        ;         ; Column I/O ; Off         ; N               ;
; B16      ; 432        ; 3        ; outData[27]               ; output ; LVTTL        ;         ; Column I/O ; Off         ; N               ;
; B17      ; 438        ; 3        ; GND*                      ;        ;              ;         ; Column I/O ; --          ;                 ;
; B18      ; 445        ; 3        ; GND*                      ;        ;              ;         ; Column I/O ; --          ;                 ;
; B19      ; 451        ; 3        ; GND*                      ;        ;              ;         ; Column I/O ; --          ;                 ;
; B20      ; 455        ; 3        ; GND*                      ;        ;              ;         ; Column I/O ; --          ;                 ;
; B21      ; 456        ; 3        ; GND*                      ;        ;              ;         ; Column I/O ; --          ;                 ;
; B22      ;            ;          ; GND                       ; gnd    ;              ;         ; --         ; --          ;                 ;
; C1       ;            ; 5        ; VCCIO5                    ; power  ;              ; 3.3V    ; --         ; --          ;                 ;
; C2       ; 334        ; 4        ; GND*                      ;        ;              ;         ; Column I/O ; --          ;                 ;
; C3       ; 336        ; 4        ; GND*                      ;        ;              ;         ; Column I/O ; --          ;                 ;
; C4       ; 337        ; 4        ; GND*                      ;        ;              ;         ; Column I/O ; --          ;                 ;
; C5       ; 343        ; 4        ; GND*                      ;        ;              ;         ; Column I/O ; --          ;                 ;
; C6       ; 347        ; 4        ; GND*                      ;        ;              ;         ; Column I/O ; --          ;                 ;
; C7       ; 358        ; 4        ; GND*                      ;        ;              ;         ; Column I/O ; --          ;                 ;
; C8       ; 364        ; 4        ; outData[25]               ; output ; LVTTL        ;         ; Column I/O ; Off         ; N               ;
; C9       ; 368        ; 4        ; outData[14]               ; output ; LVTTL        ;         ; Column I/O ; Off         ; N               ;
; C10      ;            ;          ; NC                        ;        ;              ;         ; --         ; --          ;                 ;
; C11      ;            ;          ; NC                        ;        ;              ;         ; --         ; --          ;                 ;
; C12      ; 397        ; 9        ; inData[5]                 ; input  ; LVTTL        ;         ; Column I/O ; Off         ; N               ;
; C13      ; 392        ; 9        ; inData[14]                ; input  ; LVTTL        ;         ; Column I/O ; Off         ; N               ;
; C14      ; 407        ; 3        ; inData[10]                ; input  ; LVTTL        ;         ; Column I/O ; Off         ; N               ;
; C15      ; 417        ; 3        ; inData[28]                ; input  ; LVTTL        ;         ; Column I/O ; Off         ; N               ;
; C16      ; 433        ; 3        ; outData[20]               ; output ; LVTTL        ;         ; Column I/O ; Off         ; N               ;
; C17      ; 440        ; 3        ; outData[24]               ; output ; LVTTL        ;         ; Column I/O ; Off         ; N               ;
; C18      ; 441        ; 3        ; GND*                      ;        ;              ;         ; Column I/O ; --          ;                 ;
; C19      ; 452        ; 3        ; GND*                      ;        ;              ;         ; Column I/O ; --          ;                 ;
; C20      ; 457        ; 3        ; GND*                      ;        ;              ;         ; Column I/O ; --          ;                 ;
; C21      ; 453        ; 3        ; GND*                      ;        ;              ;         ; Column I/O ; --          ;                 ;
; C22      ;            ; 2        ; VCCIO2                    ; power  ;              ; 3.3V    ; --         ; --          ;                 ;
; D1       ; 329        ; 5        ; GND*                      ;        ;              ;         ; Row I/O    ; --          ;                 ;
; D2       ; 328        ; 5        ; GND*                      ;        ;              ;         ; Row I/O    ; --          ;                 ;
; D3       ; 333        ; 4        ; GND*                      ;        ;              ;         ; Column I/O ; --          ;                 ;
; D4       ; 338        ; 4        ; GND*                      ;        ;              ;         ; Column I/O ; --          ;                 ;
; D5       ; 344        ; 4        ; GND*                      ;        ;              ;         ; Column I/O ; --          ;                 ;
; D6       ; 349        ; 4        ; GND*                      ;        ;              ;         ; Column I/O ; --          ;                 ;
; D7       ; 357        ; 4        ; GND*                      ;        ;              ;         ; Column I/O ; --          ;                 ;
; D8       ; 366        ; 4        ; outData[13]               ; output ; LVTTL        ;         ; Column I/O ; Off         ; N               ;
; D9       ; 369        ; 4        ; outData[11]               ; output ; LVTTL        ;         ; Column I/O ; Off         ; N               ;
; D10      ;            ;          ; NC                        ;        ;              ;         ; --         ; --          ;                 ;
; D11      ;            ;          ; NC                        ;        ;              ;         ; --         ; --          ;                 ;
; D12      ; 396        ; 9        ; inData[12]                ; input  ; LVTTL        ;         ; Column I/O ; Off         ; N               ;
; D13      ; 409        ; 3        ; inData[31]                ; input  ; LVTTL        ;         ; Column I/O ; Off         ; N               ;
; D14      ; 419        ; 3        ; inData[20]                ; input  ; LVTTL        ;         ; Column I/O ; Off         ; N               ;
; D15      ; 425        ; 3        ; inData[24]                ; input  ; LVTTL        ;         ; Column I/O ; Off         ; N               ;
; D16      ; 434        ; 3        ; outData[15]               ; output ; LVTTL        ;         ; Column I/O ; Off         ; N               ;
; D17      ; 442        ; 3        ; GND*                      ;        ;              ;         ; Column I/O ; --          ;                 ;
; D18      ; 446        ; 3        ; GND*                      ;        ;              ;         ; Column I/O ; --          ;                 ;
; D19      ; 454        ; 3        ; GND*                      ;        ;              ;         ; Column I/O ; --          ;                 ;
; D20      ; 458        ; 3        ; GND*                      ;        ;              ;         ; Column I/O ; --          ;                 ;
; D21      ; 1          ; 2        ; GND*                      ;        ;              ;         ; Row I/O    ; --          ;                 ;
; D22      ; 0          ; 2        ; GND*                      ;        ;              ;         ; Row I/O    ; --          ;                 ;
; E1       ; 324        ; 5        ; GND*                      ;        ;              ;         ; Row I/O    ; --          ;                 ;
; E2       ; 325        ; 5        ; GND*                      ;        ;              ;         ; Row I/O    ; --          ;                 ;
; E3       ;            ;          ; NC                        ;        ;              ;         ; --         ; --          ;                 ;
; E4       ;            ;          ; NC                        ;        ;              ;         ; --         ; --          ;                 ;
; E5       ; 348        ; 4        ; GND*                      ;        ;              ;         ; Column I/O ; --          ;                 ;
; E6       ; 352        ; 4        ; GND*                      ;        ;              ;         ; Column I/O ; --          ;                 ;
; E7       ; 360        ; 4        ; GND*                      ;        ;              ;         ; Column I/O ; --          ;                 ;
; E8       ; 363        ; 4        ; outData[5]                ; output ; LVTTL        ;         ; Column I/O ; Off         ; N               ;
; E9       ; 371        ; 4        ; outData[16]               ; output ; LVTTL        ;         ; Column I/O ; Off         ; N               ;
; E10      ;            ;          ; NC                        ;        ;              ;         ; --         ; --          ;                 ;
; E11      ;            ;          ; NC                        ;        ;              ;         ; --         ; --          ;                 ;
; E12      ;            ;          ; NC                        ;        ;              ;         ; --         ; --          ;                 ;
; E13      ; 408        ; 3        ; inData[11]                ; input  ; LVTTL        ;         ; Column I/O ; Off         ; N               ;
; E14      ; 421        ; 3        ; inData[22]                ; input  ; LVTTL        ;         ; Column I/O ; Off         ; N               ;
; E15      ; 426        ; 3        ; outData[22]               ; output ; LVTTL        ;         ; Column I/O ; Off         ; N               ;
; E16      ; 430        ; 3        ; outData[19]               ; output ; LVTTL        ;         ; Column I/O ; Off         ; N               ;
; E17      ; 437        ; 3        ; GND*                      ;        ;              ;         ; Column I/O ; --          ;                 ;
; E18      ; 443        ; 3        ; GND*                      ;        ;              ;         ; Column I/O ; --          ;                 ;
; E19      ; 2          ; 2        ; GND*                      ;        ;              ;         ; Row I/O    ; --          ;                 ;
; E20      ; 3          ; 2        ; GND*                      ;        ;              ;         ; Row I/O    ; --          ;                 ;
; E21      ; 4          ; 2        ; GND*                      ;        ;              ;         ; Row I/O    ; --          ;                 ;
; E22      ; 5          ; 2        ; GND*                      ;        ;              ;         ; Row I/O    ; --          ;                 ;
; F1       ; 299        ; 5        ; GND*                      ;        ;              ;         ; Row I/O    ; --          ;                 ;
; F2       ; 300        ; 5        ; GND*                      ;        ;              ;         ; Row I/O    ; --          ;                 ;
; F3       ; 326        ; 5        ; GND*                      ;        ;              ;         ; Row I/O    ; --          ;                 ;
; F4       ; 327        ; 5        ; GND*                      ;        ;              ;         ; Row I/O    ; --          ;                 ;
; F5       ; 322        ; 5        ; GND*                      ;        ;              ;         ; Row I/O    ; --          ;                 ;
; F6       ; 359        ; 4        ; GND*                      ;        ;              ;         ; Column I/O ; --          ;                 ;
; F7       ; 354        ; 4        ; GND*                      ;        ;              ;         ; Column I/O ; --          ;                 ;
; F8       ; 365        ; 4        ; outData[12]               ; output ; LVTTL        ;         ; Column I/O ; Off         ; N               ;
; F9       ; 372        ; 4        ; outData[4]                ; output ; LVTTL        ;         ; Column I/O ; Off         ; N               ;
; F10      ; 376        ; 4        ; outData[7]                ; output ; LVTTL        ;         ; Column I/O ; Off         ; N               ;
; F11      ;            ; 1        ; VCCG_PLL5                 ; power  ;              ; 1.5V    ; --         ; --          ;                 ;
; F12      ;            ;          ; GNDA_PLL5                 ; gnd    ;              ;         ; --         ; --          ;                 ;
; F13      ;            ; 9        ; VCC_PLL5_OUTA             ; power  ;              ; 3.3V    ; --         ; --          ;                 ;
; F14      ; 420        ; 3        ; inData[19]                ; input  ; LVTTL        ;         ; Column I/O ; Off         ; N               ;
; F15      ; 427        ; 3        ; inData[23]                ; input  ; LVTTL        ;         ; Column I/O ; Off         ; N               ;
; F16      ; 435        ; 3        ; outData[18]               ; output ; LVTTL        ;         ; Column I/O ; Off         ; N               ;
; F17      ; 439        ; 3        ; outData[21]               ; output ; LVTTL        ;         ; Column I/O ; Off         ; N               ;
; F18      ; 7          ; 2        ; GND*                      ;        ;              ;         ; Row I/O    ; --          ;                 ;
; F19      ;            ;          ; NC                        ;        ;              ;         ; --         ; --          ;                 ;
; F20      ;            ;          ; NC                        ;        ;              ;         ; --         ; --          ;                 ;
; F21      ; 29         ; 2        ; GND*                      ;        ;              ;         ; Row I/O    ; --          ;                 ;
; F22      ; 30         ; 2        ; GND*                      ;        ;              ;         ; Row I/O    ; --          ;                 ;
; G1       ; 296        ; 5        ; GND*                      ;        ;              ;         ; Row I/O    ; --          ;                 ;
; G2       ; 295        ; 5        ; GND*                      ;        ;              ;         ; Row I/O    ; --          ;                 ;
; G3       ; 313        ; 5        ; GND*                      ;        ;              ;         ; Row I/O    ; --          ;                 ;
; G4       ; 314        ; 5        ; GND*                      ;        ;              ;         ; Row I/O    ; --          ;                 ;
; G5       ; 318        ; 5        ; GND*                      ;        ;              ;         ; Row I/O    ; --          ;                 ;
; G6       ;            ;          ; GND                       ; gnd    ;              ;         ; --         ; --          ;                 ;
; G7       ; 330        ; 4        ; GND*                      ;        ;              ;         ; Column I/O ; --          ;                 ;
; G8       ; 361        ; 4        ; done                      ; output ; LVTTL        ;         ; Column I/O ; Off         ; N               ;
; G9       ; 384        ; 4        ; inData[8]                 ; input  ; LVTTL        ;         ; Column I/O ; Off         ; N               ;
; G10      ; 380        ; 4        ; #TMS                      ; input  ;              ;         ; --         ; --          ;                 ;
; G11      ;            ;          ; GNDG_PLL5                 ; gnd    ;              ;         ; --         ; --          ;                 ;
; G12      ;            ;          ; TEMPDIODEp                ;        ;              ;         ; --         ; --          ;                 ;
; G13      ;            ;          ; VCCA_PLL5                 ; power  ;              ; 1.5V    ; --         ; --          ;                 ;
; G14      ; 412        ; 3        ; inData[16]                ; input  ; LVTTL        ;         ; Column I/O ; Off         ; N               ;
; G15      ;            ;          ; GND                       ; gnd    ;              ;         ; --         ; --          ;                 ;
; G16      ; 431        ; 3        ; outData[26]               ; output ; LVTTL        ;         ; Column I/O ; Off         ; N               ;
; G17      ;            ;          ; GND                       ; gnd    ;              ;         ; --         ; --          ;                 ;
; G18      ; 11         ; 2        ; GND*                      ;        ;              ;         ; Row I/O    ; --          ;                 ;
; G19      ; 15         ; 2        ; GND*                      ;        ;              ;         ; Row I/O    ; --          ;                 ;
; G20      ; 16         ; 2        ; GND*                      ;        ;              ;         ; Row I/O    ; --          ;                 ;
; G21      ; 34         ; 2        ; GND*                      ;        ;              ;         ; Row I/O    ; --          ;                 ;
; G22      ; 33         ; 2        ; GND*                      ;        ;              ;         ; Row I/O    ; --          ;                 ;
; H1       ; 290        ; 5        ; GND*                      ;        ;              ;         ; Row I/O    ; --          ;                 ;
; H2       ; 291        ; 5        ; GND*                      ;        ;              ;         ; Row I/O    ; --          ;                 ;
; H3       ; 301        ; 5        ; GND*                      ;        ;              ;         ; Row I/O    ; --          ;                 ;
; H4       ; 302        ; 5        ; GND*                      ;        ;              ;         ; Row I/O    ; --          ;                 ;
; H5       ; 317        ;          ; GND                       ; gnd    ;              ;         ; --         ; --          ;                 ;
; H6       ; 342        ;          ; GND                       ; gnd    ;              ;         ; --         ; --          ;                 ;
; H7       ; 373        ;          ; GND                       ; gnd    ;              ;         ; --         ; --          ;                 ;
; H8       ; 362        ; 4        ; outData[9]                ; output ; LVTTL        ;         ; Column I/O ; Off         ; N               ;
; H9       ;            ;          ; NC                        ;        ;              ;         ; --         ; --          ;                 ;
; H10      ; 379        ; 4        ; outData[8]                ; output ; LVTTL        ;         ; Column I/O ; Off         ; N               ;
; H11      ; 387        ; 4        ; #TDO                      ; output ;              ;         ; --         ; --          ;                 ;
; H12      ;            ;          ; TEMPDIODEn                ;        ;              ;         ; --         ; --          ;                 ;
; H13      ; 403        ; 3        ; ^nCONFIG                  ;        ;              ;         ; --         ; --          ;                 ;
; H14      ; 410        ;          ; GND                       ; gnd    ;              ;         ; --         ; --          ;                 ;
; H15      ; 447        ;          ; GND                       ; gnd    ;              ;         ; --         ; --          ;                 ;
; H16      ;            ;          ; NC                        ;        ;              ;         ; --         ; --          ;                 ;
; H17      ; 24         ; 2        ; GND*                      ;        ;              ;         ; Row I/O    ; --          ;                 ;
; H18      ; 12         ;          ; GND                       ; gnd    ;              ;         ; --         ; --          ;                 ;
; H19      ; 27         ; 2        ; GND*                      ;        ;              ;         ; Row I/O    ; --          ;                 ;
; H20      ; 28         ; 2        ; GND*                      ;        ;              ;         ; Row I/O    ; --          ;                 ;
; H21      ; 38         ; 2        ; GND*                      ;        ;              ;         ; Row I/O    ; --          ;                 ;
; H22      ; 39         ; 2        ; GND*                      ;        ;              ;         ; Row I/O    ; --          ;                 ;
; J1       ;            ;          ; GND                       ; gnd    ;              ;         ; --         ; --          ;                 ;
; J2       ; 288        ; 5        ; GND*                      ;        ;              ;         ; Row I/O    ; --          ;                 ;
; J3       ; 289        ; 5        ; GND*                      ;        ;              ;         ; Row I/O    ; --          ;                 ;
; J4       ; 305        ; 5        ; GND*                      ;        ;              ;         ; Row I/O    ; --          ;                 ;
; J5       ; 292        ;          ; GND                       ; gnd    ;              ;         ; --         ; --          ;                 ;
; J6       ; 309        ; 5        ; GND*                      ;        ;              ;         ; Row I/O    ; --          ;                 ;
; J7       ; 340        ; 4        ; GND*                      ;        ;              ;         ; Column I/O ; --          ;                 ;
; J8       ; 374        ; 4        ; outData[6]                ; output ; LVTTL        ;         ; Column I/O ; Off         ; N               ;
; J9       ; 378        ; 4        ; start                     ; input  ; LVTTL        ;         ; Column I/O ; Off         ; N               ;
; J10      ; 381        ; 4        ; #TRST                     ; input  ;              ;         ; --         ; --          ;                 ;
; J11      ; 386        ; 4        ; #TDI                      ; input  ;              ;         ; --         ; --          ;                 ;
; J12      ; 402        ; 3        ; ^nSTATUS                  ;        ;              ;         ; --         ; --          ;                 ;
; J13      ; 404        ; 3        ; ^DCLK                     ;        ;              ;         ; --         ; --          ;                 ;
; J14      ; 448        ; 3        ; GND*                      ;        ;              ;         ; Column I/O ; --          ;                 ;
; J15      ; 418        ; 3        ; inData[25]                ; input  ; LVTTL        ;         ; Column I/O ; Off         ; N               ;
; J16      ; 424        ; 3        ; inData[26]                ; input  ; LVTTL        ;         ; Column I/O ; Off         ; N               ;
; J17      ; 14         ; 2        ; GND*                      ;        ;              ;         ; Row I/O    ; --          ;                 ;
; J18      ; 37         ;          ; GND                       ; gnd    ;              ;         ; --         ; --          ;                 ;
; J19      ; 20         ; 2        ; GND*                      ;        ;              ;         ; Row I/O    ; --          ;                 ;
; J20      ; 40         ; 2        ; GND*                      ;        ;              ;         ; Row I/O    ; --          ;                 ;
; J21      ; 41         ; 2        ; inData[27]                ; input  ; LVTTL        ;         ; Row I/O    ; Off         ; N               ;
; J22      ;            ;          ; GND                       ; gnd    ;              ;         ; --         ; --          ;                 ;
; K1       ;            ; 5        ; VCCIO5                    ; power  ;              ; 3.3V    ; --         ; --          ;                 ;
; K2       ; 284        ; 5        ; GND*                      ;        ;              ;         ; Row I/O    ; --          ;                 ;
; K3       ; 285        ; 5        ; GND*                      ;        ;              ;         ; Row I/O    ; --          ;                 ;
; K4       ;            ;          ; VCCA_PLL4                 ; power  ;              ; 1.5V    ; --         ; --          ;                 ;
; K5       ;            ; 1        ; VCCG_PLL4                 ; power  ;              ; 1.5V    ; --         ; --          ;                 ;
; K6       ; 297        ; 5        ; GND*                      ;        ;              ;         ; Row I/O    ; --          ;                 ;
; K7       ; 341        ; 4        ; GND*                      ;        ;              ;         ; Column I/O ; --          ;                 ;
; K8       ; 375        ; 4        ; reset                     ; input  ; LVTTL        ;         ; Column I/O ; Off         ; N               ;
; K9       ; 382        ; 4        ; #TCK                      ; input  ;              ;         ; --         ; --          ;                 ;
; K10      ; 383        ; 4        ; inData[13]                ; input  ; LVTTL        ;         ; Column I/O ; Off         ; N               ;
; K11      ;            ;          ; GND                       ; gnd    ;              ;         ; --         ; --          ;                 ;
; K12      ;            ;          ; VCCINT                    ; power  ;              ; 1.5V    ; --         ; --          ;                 ;
; K13      ; 405        ; 3        ; ^CONF_DONE                ;        ;              ;         ; --         ; --          ;                 ;
; K14      ; 411        ; 3        ; inData[17]                ; input  ; LVTTL        ;         ; Column I/O ; Off         ; N               ;
; K15      ; 413        ; 3        ; inData[0]                 ; input  ; LVTTL        ;         ; Column I/O ; Off         ; N               ;
; K16      ; 423        ; 3        ; outData[28]               ; output ; LVTTL        ;         ; Column I/O ; Off         ; N               ;
; K17      ; 32         ; 2        ; GND*                      ;        ;              ;         ; Row I/O    ; --          ;                 ;
; K18      ;            ; 1        ; VCCG_PLL1                 ; power  ;              ; 1.5V    ; --         ; --          ;                 ;
; K19      ;            ;          ; VCCA_PLL1                 ; power  ;              ; 1.5V    ; --         ; --          ;                 ;
; K20      ; 44         ; 2        ; outData[30]               ; output ; LVTTL        ;         ; Row I/O    ; Off         ; N               ;
; K21      ; 45         ; 2        ; GND*                      ;        ;              ;         ; Row I/O    ; --          ;                 ;
; K22      ;            ; 2        ; VCCIO2                    ; power  ;              ; 3.3V    ; --         ; --          ;                 ;
; L1       ; 283        ; 5        ; GND+                      ;        ;              ;         ; Row I/O    ; --          ;                 ;
; L2       ; 282        ; 5        ; clk                       ; input  ; LVTTL        ;         ; Row I/O    ; Off         ; N               ;
; L3       ; 280        ; 5        ; GND+                      ;        ;              ;         ; Row I/O    ; --          ;                 ;
; L4       ;            ;          ; GNDA_PLL4                 ; gnd    ;              ;         ; --         ; --          ;                 ;
; L5       ;            ;          ; GNDG_PLL4                 ; gnd    ;              ;         ; --         ; --          ;                 ;
; L6       ; 293        ; 5        ; GND*                      ;        ;              ;         ; Row I/O    ; --          ;                 ;
; L7       ; 370        ; 4        ; outData[17]               ; output ; LVTTL        ;         ; Column I/O ; Off         ; N               ;
; L8       ; 377        ; 4        ; +~DATA0~ / RESERVED_INPUT ; input  ; LVTTL        ;         ; Column I/O ; Off         ; N               ;
; L9       ;            ;          ; VCCINT                    ; power  ;              ; 1.5V    ; --         ; --          ;                 ;
; L10      ;            ;          ; GND                       ; gnd    ;              ;         ; --         ; --          ;                 ;
; L11      ;            ;          ; VCCINT                    ; power  ;              ; 1.5V    ; --         ; --          ;                 ;
; L12      ;            ;          ; GND                       ; gnd    ;              ;         ; --         ; --          ;                 ;
; L13      ;            ;          ; VCCINT                    ; power  ;              ; 1.5V    ; --         ; --          ;                 ;
; L14      ;            ;          ; GND                       ; gnd    ;              ;         ; --         ; --          ;                 ;
; L15      ; 415        ; 3        ; inData[1]                 ; input  ; LVTTL        ;         ; Column I/O ; Off         ; N               ;
; L16      ; 422        ; 3        ; inData[18]                ; input  ; LVTTL        ;         ; Column I/O ; Off         ; N               ;
; L17      ; 35         ; 2        ; inData[29]                ; input  ; LVTTL        ;         ; Row I/O    ; Off         ; N               ;
; L18      ;            ;          ; GNDG_PLL1                 ; gnd    ;              ;         ; --         ; --          ;                 ;
; L19      ;            ;          ; GNDA_PLL1                 ; gnd    ;              ;         ; --         ; --          ;                 ;
; L20      ; 49         ; 2        ; GND+                      ;        ;              ;         ; Row I/O    ; --          ;                 ;
; L21      ; 47         ; 2        ; GND+                      ;        ;              ;         ; Row I/O    ; --          ;                 ;
; L22      ; 46         ; 2        ; GND+                      ;        ;              ;         ; Row I/O    ; --          ;                 ;
; M1       ; 278        ; 6        ; GND+                      ;        ;              ;         ; Row I/O    ; --          ;                 ;
; M2       ; 279        ; 6        ; GND+                      ;        ;              ;         ; Row I/O    ; --          ;                 ;
; M3       ; 277        ; 6        ; GND+                      ;        ;              ;         ; Row I/O    ; --          ;                 ;
; M4       ;            ;          ; GNDA_PLL3                 ; gnd    ;              ;         ; --         ; --          ;                 ;
; M5       ;            ;          ; VCCA_PLL3                 ; power  ;              ; 1.5V    ; --         ; --          ;                 ;
; M6       ; 263        ; 6        ; GND*                      ;        ;              ;         ; Row I/O    ; --          ;                 ;
; M7       ; 198        ; 7        ; GND*                      ;        ;              ;         ; Column I/O ; --          ;                 ;
; M8       ; 183        ; 7        ; GND*                      ;        ;              ;         ; Column I/O ; --          ;                 ;
; M9       ;            ;          ; GND                       ; gnd    ;              ;         ; --         ; --          ;                 ;
; M10      ;            ;          ; VCCINT                    ; power  ;              ; 1.5V    ; --         ; --          ;                 ;
; M11      ;            ;          ; GND                       ; gnd    ;              ;         ; --         ; --          ;                 ;
; M12      ;            ;          ; VCCINT                    ; power  ;              ; 1.5V    ; --         ; --          ;                 ;
; M13      ;            ;          ; GND                       ; gnd    ;              ;         ; --         ; --          ;                 ;
; M14      ;            ;          ; VCCINT                    ; power  ;              ; 1.5V    ; --         ; --          ;                 ;
; M15      ; 414        ; 3        ; inData[9]                 ; input  ; LVTTL        ;         ; Column I/O ; Off         ; N               ;
; M16      ; 459        ; 3        ; GND*                      ;        ;              ;         ; Column I/O ; --          ;                 ;
; M17      ; 66         ; 1        ; GND*                      ;        ;              ;         ; Row I/O    ; --          ;                 ;
; M18      ;            ;          ; VCCA_PLL2                 ; power  ;              ; 1.5V    ; --         ; --          ;                 ;
; M19      ;            ;          ; GNDA_PLL2                 ; gnd    ;              ;         ; --         ; --          ;                 ;
; M20      ; 52         ; 1        ; GND+                      ;        ;              ;         ; Row I/O    ; --          ;                 ;
; M21      ; 50         ; 1        ; GND+                      ;        ;              ;         ; Row I/O    ; --          ;                 ;
; M22      ; 51         ; 1        ; GND+                      ;        ;              ;         ; Row I/O    ; --          ;                 ;
; N1       ;            ; 6        ; VCCIO6                    ; power  ;              ; 3.3V    ; --         ; --          ;                 ;
; N2       ; 273        ; 6        ; GND*                      ;        ;              ;         ; Row I/O    ; --          ;                 ;
; N3       ; 272        ; 6        ; GND*                      ;        ;              ;         ; Row I/O    ; --          ;                 ;
; N4       ;            ;          ; GNDG_PLL3                 ; gnd    ;              ;         ; --         ; --          ;                 ;
; N5       ;            ; 1        ; VCCG_PLL3                 ; power  ;              ; 1.5V    ; --         ; --          ;                 ;
; N6       ; 259        ; 6        ; GND*                      ;        ;              ;         ; Row I/O    ; --          ;                 ;
; N7       ; 218        ; 7        ; GND*                      ;        ;              ;         ; Column I/O ; --          ;                 ;
; N8       ; 185        ; 7        ; GND*                      ;        ;              ;         ; Column I/O ; --          ;                 ;
; N9       ; 177        ; 7        ; ^nIO_PULLUP               ;        ;              ;         ; --         ; --          ;                 ;
; N10      ; 176        ; 7        ; GND*                      ;        ;              ;         ; Column I/O ; --          ;                 ;
; N11      ;            ;          ; VCCINT                    ; power  ;              ; 1.5V    ; --         ; --          ;                 ;
; N12      ;            ;          ; GND                       ; gnd    ;              ;         ; --         ; --          ;                 ;
; N13      ; 128        ; 8        ; GND*                      ;        ;              ;         ; Column I/O ; --          ;                 ;
; N14      ; 140        ; 8        ; GND*                      ;        ;              ;         ; Column I/O ; --          ;                 ;
; N15      ; 144        ; 8        ; GND*                      ;        ;              ;         ; Column I/O ; --          ;                 ;
; N16      ; 126        ; 8        ; GND*                      ;        ;              ;         ; Column I/O ; --          ;                 ;
; N17      ; 70         ; 1        ; GND*                      ;        ;              ;         ; Row I/O    ; --          ;                 ;
; N18      ;            ; 1        ; VCCG_PLL2                 ; power  ;              ; 1.5V    ; --         ; --          ;                 ;
; N19      ;            ;          ; GNDG_PLL2                 ; gnd    ;              ;         ; --         ; --          ;                 ;
; N20      ; 57         ; 1        ; GND*                      ;        ;              ;         ; Row I/O    ; --          ;                 ;
; N21      ; 56         ; 1        ; GND*                      ;        ;              ;         ; Row I/O    ; --          ;                 ;
; N22      ;            ; 1        ; VCCIO1                    ; power  ;              ; 3.3V    ; --         ; --          ;                 ;
; P1       ;            ;          ; GND                       ; gnd    ;              ;         ; --         ; --          ;                 ;
; P2       ; 269        ; 6        ; GND*                      ;        ;              ;         ; Row I/O    ; --          ;                 ;
; P3       ; 268        ; 6        ; GND*                      ;        ;              ;         ; Row I/O    ; --          ;                 ;
; P4       ; 251        ; 6        ; GND*                      ;        ;              ;         ; Row I/O    ; --          ;                 ;
; P5       ; 267        ;          ; GND                       ; gnd    ;              ;         ; --         ; --          ;                 ;
; P6       ; 247        ; 6        ; GND*                      ;        ;              ;         ; Row I/O    ; --          ;                 ;
; P7       ; 219        ; 7        ; GND*                      ;        ;              ;         ; Column I/O ; --          ;                 ;
; P8       ; 190        ; 7        ; GND*                      ;        ;              ;         ; Column I/O ; --          ;                 ;
; P9       ; 182        ; 7        ; GND*                      ;        ;              ;         ; Column I/O ; --          ;                 ;
; P10      ; 180        ; 7        ; GND*                      ;        ;              ;         ; Column I/O ; --          ;                 ;
; P11      ; 173        ; 7        ; ^nCEO                     ;        ;              ;         ; --         ; --          ;                 ;
; P12      ; 156        ; 8        ; ^MSEL1                    ;        ;              ;         ; --         ; --          ;                 ;
; P13      ; 148        ; 8        ; GND*                      ;        ;              ;         ; Column I/O ; --          ;                 ;
; P14      ; 146        ; 8        ; GND*                      ;        ;              ;         ; Column I/O ; --          ;                 ;
; P15      ; 143        ; 8        ; GND*                      ;        ;              ;         ; Column I/O ; --          ;                 ;
; P16      ; 135        ; 8        ; GND*                      ;        ;              ;         ; Column I/O ; --          ;                 ;
; P17      ; 82         ; 1        ; GND*                      ;        ;              ;         ; Row I/O    ; --          ;                 ;
; P18      ; 62         ;          ; GND                       ; gnd    ;              ;         ; --         ; --          ;                 ;
; P19      ; 86         ; 1        ; GND*                      ;        ;              ;         ; Row I/O    ; --          ;                 ;
; P20      ; 61         ; 1        ; GND*                      ;        ;              ;         ; Row I/O    ; --          ;                 ;
; P21      ; 60         ; 1        ; GND*                      ;        ;              ;         ; Row I/O    ; --          ;                 ;
; P22      ;            ;          ; GND                       ; gnd    ;              ;         ; --         ; --          ;                 ;
; R1       ; 271        ; 6        ; GND*                      ;        ;              ;         ; Row I/O    ; --          ;                 ;
; R2       ; 270        ; 6        ; GND*                      ;        ;              ;         ; Row I/O    ; --          ;                 ;
; R3       ; 255        ; 6        ; GND*                      ;        ;              ;         ; Row I/O    ; --          ;                 ;
; R4       ; 256        ; 6        ; GND*                      ;        ;              ;         ; Row I/O    ; --          ;                 ;
; R5       ;            ;          ; NC                        ;        ;              ;         ; --         ; --          ;                 ;
; R6       ; 242        ;          ; GND                       ; gnd    ;              ;         ; --         ; --          ;                 ;
; R7       ; 217        ;          ; GND                       ; gnd    ;              ;         ; --         ; --          ;                 ;
; R8       ; 175        ; 7        ; GND*                      ;        ;              ;         ; Column I/O ; --          ;                 ;
; R9       ; 186        ;          ; GND                       ; gnd    ;              ;         ; --         ; --          ;                 ;
; R10      ; 178        ; 7        ; ^VCCSEL                   ;        ;              ;         ; --         ; --          ;                 ;
; R11      ; 172        ; 7        ; ^nCE                      ;        ;              ;         ; --         ; --          ;                 ;
; R12      ; 157        ; 8        ; ^MSEL2                    ;        ;              ;         ; --         ; --          ;                 ;
; R13      ; 154        ; 8        ; PLL_ENA                   ;        ;              ;         ; --         ; --          ;                 ;
; R14      ;            ;          ; NC                        ;        ;              ;         ; --         ; --          ;                 ;
; R15      ; 134        ; 8        ; GND*                      ;        ;              ;         ; Column I/O ; --          ;                 ;
; R16      ; 149        ;          ; GND                       ; gnd    ;              ;         ; --         ; --          ;                 ;
; R17      ; 87         ;          ; GND                       ; gnd    ;              ;         ; --         ; --          ;                 ;
; R18      ; 112        ;          ; GND                       ; gnd    ;              ;         ; --         ; --          ;                 ;
; R19      ; 74         ; 1        ; GND*                      ;        ;              ;         ; Row I/O    ; --          ;                 ;
; R20      ; 73         ; 1        ; GND*                      ;        ;              ;         ; Row I/O    ; --          ;                 ;
; R21      ; 59         ; 1        ; GND*                      ;        ;              ;         ; Row I/O    ; --          ;                 ;
; R22      ; 58         ; 1        ; GND*                      ;        ;              ;         ; Row I/O    ; --          ;                 ;
; T1       ; 266        ; 6        ; GND*                      ;        ;              ;         ; Row I/O    ; --          ;                 ;
; T2       ; 265        ; 6        ; GND*                      ;        ;              ;         ; Row I/O    ; --          ;                 ;
; T3       ; 244        ; 6        ; GND*                      ;        ;              ;         ; Row I/O    ; --          ;                 ;
; T4       ; 243        ; 6        ; GND*                      ;        ;              ;         ; Row I/O    ; --          ;                 ;
; T5       ; 234        ; 6        ; GND*                      ;        ;              ;         ; Row I/O    ; --          ;                 ;
; T6       ;            ;          ; GND                       ; gnd    ;              ;         ; --         ; --          ;                 ;
; T7       ; 229        ; 7        ; GND*                      ;        ;              ;         ; Column I/O ; --          ;                 ;
; T8       ; 197        ; 7        ; GND*                      ;        ;              ;         ; Column I/O ; --          ;                 ;
; T9       ; 184        ; 7        ; GND*                      ;        ;              ;         ; Column I/O ; --          ;                 ;
; T10      ; 181        ; 7        ; GND*                      ;        ;              ;         ; Column I/O ; --          ;                 ;
; T11      ;            ;          ; GNDG_PLL6                 ; gnd    ;              ;         ; --         ; --          ;                 ;
; T12      ;            ;          ; VCCA_PLL6                 ; power  ;              ; 1.5V    ; --         ; --          ;                 ;
; T13      ; 155        ; 8        ; ^MSEL0                    ;        ;              ;         ; --         ; --          ;                 ;
; T14      ; 147        ; 8        ; GND*                      ;        ;              ;         ; Column I/O ; --          ;                 ;
; T15      ; 136        ; 8        ; GND*                      ;        ;              ;         ; Column I/O ; --          ;                 ;
; T16      ; 119        ; 8        ; GND*                      ;        ;              ;         ; Column I/O ; --          ;                 ;
; T17      ;            ;          ; GND                       ; gnd    ;              ;         ; --         ; --          ;                 ;
; T18      ; 95         ; 1        ; GND*                      ;        ;              ;         ; Row I/O    ; --          ;                 ;
; T19      ; 78         ; 1        ; GND*                      ;        ;              ;         ; Row I/O    ; --          ;                 ;
; T20      ; 77         ; 1        ; GND*                      ;        ;              ;         ; Row I/O    ; --          ;                 ;
; T21      ; 64         ; 1        ; GND*                      ;        ;              ;         ; Row I/O    ; --          ;                 ;
; T22      ; 63         ; 1        ; GND*                      ;        ;              ;         ; Row I/O    ; --          ;                 ;
; U1       ; 261        ; 6        ; GND*                      ;        ;              ;         ; Row I/O    ; --          ;                 ;
; U2       ; 262        ; 6        ; GND*                      ;        ;              ;         ; Row I/O    ; --          ;                 ;
; U3       ;            ;          ; NC                        ;        ;              ;         ; --         ; --          ;                 ;
; U4       ;            ;          ; NC                        ;        ;              ;         ; --         ; --          ;                 ;
; U5       ; 238        ; 6        ; GND*                      ;        ;              ;         ; Row I/O    ; --          ;                 ;
; U6       ; 200        ; 7        ; GND*                      ;        ;              ;         ; Column I/O ; --          ;                 ;
; U7       ; 205        ; 7        ; GND*                      ;        ;              ;         ; Column I/O ; --          ;                 ;
; U8       ; 196        ; 7        ; GND*                      ;        ;              ;         ; Column I/O ; --          ;                 ;
; U9       ; 191        ; 7        ; GND*                      ;        ;              ;         ; Column I/O ; --          ;                 ;
; U10      ; 179        ; 7        ; ^PORSEL                   ;        ;              ;         ; --         ; --          ;                 ;
; U11      ;            ; 1        ; VCCG_PLL6                 ; power  ;              ; 1.5V    ; --         ; --          ;                 ;
; U12      ;            ;          ; GNDA_PLL6                 ; gnd    ;              ;         ; --         ; --          ;                 ;
; U13      ;            ; 11       ; VCC_PLL6_OUTA             ; power  ;              ; 3.3V    ; --         ; --          ;                 ;
; U14      ; 139        ; 8        ; GND*                      ;        ;              ;         ; Column I/O ; --          ;                 ;
; U15      ; 137        ; 8        ; GND*                      ;        ;              ;         ; Column I/O ; --          ;                 ;
; U16      ; 121        ; 8        ; GND*                      ;        ;              ;         ; Column I/O ; --          ;                 ;
; U17      ; 120        ; 8        ; GND*                      ;        ;              ;         ; Column I/O ; --          ;                 ;
; U18      ; 91         ; 1        ; GND*                      ;        ;              ;         ; Row I/O    ; --          ;                 ;
; U19      ; 99         ; 1        ; GND*                      ;        ;              ;         ; Row I/O    ; --          ;                 ;
; U20      ; 98         ; 1        ; GND*                      ;        ;              ;         ; Row I/O    ; --          ;                 ;
; U21      ; 67         ; 1        ; GND*                      ;        ;              ;         ; Row I/O    ; --          ;                 ;
; U22      ; 68         ; 1        ; GND*                      ;        ;              ;         ; Row I/O    ; --          ;                 ;
; V1       ; 250        ; 6        ; GND*                      ;        ;              ;         ; Row I/O    ; --          ;                 ;
; V2       ; 249        ; 6        ; GND*                      ;        ;              ;         ; Row I/O    ; --          ;                 ;
; V3       ; 231        ; 6        ; GND*                      ;        ;              ;         ; Row I/O    ; --          ;                 ;
; V4       ; 230        ; 6        ; GND*                      ;        ;              ;         ; Row I/O    ; --          ;                 ;
; V5       ; 208        ; 7        ; GND*                      ;        ;              ;         ; Column I/O ; --          ;                 ;
; V6       ; 202        ; 7        ; GND*                      ;        ;              ;         ; Column I/O ; --          ;                 ;
; V7       ; 207        ; 7        ; GND*                      ;        ;              ;         ; Column I/O ; --          ;                 ;
; V8       ; 195        ; 7        ; GND*                      ;        ;              ;         ; Column I/O ; --          ;                 ;
; V9       ; 192        ; 7        ; GND*                      ;        ;              ;         ; Column I/O ; --          ;                 ;
; V10      ;            ;          ; NC                        ;        ;              ;         ; --         ; --          ;                 ;
; V11      ;            ;          ; NC                        ;        ;              ;         ; --         ; --          ;                 ;
; V12      ;            ;          ; NC                        ;        ;              ;         ; --         ; --          ;                 ;
; V13      ; 151        ; 8        ; GND+                      ;        ;              ;         ; Column I/O ; --          ;                 ;
; V14      ; 142        ; 8        ; GND*                      ;        ;              ;         ; Column I/O ; --          ;                 ;
; V15      ; 133        ; 8        ; GND*                      ;        ;              ;         ; Column I/O ; --          ;                 ;
; V16      ; 123        ; 8        ; GND*                      ;        ;              ;         ; Column I/O ; --          ;                 ;
; V17      ; 122        ; 8        ; GND*                      ;        ;              ;         ; Column I/O ; --          ;                 ;
; V18      ; 114        ; 8        ; GND*                      ;        ;              ;         ; Column I/O ; --          ;                 ;
; V19      ;            ;          ; NC                        ;        ;              ;         ; --         ; --          ;                 ;
; V20      ;            ;          ; NC                        ;        ;              ;         ; --         ; --          ;                 ;
; V21      ; 76         ; 1        ; GND*                      ;        ;              ;         ; Row I/O    ; --          ;                 ;
; V22      ; 75         ; 1        ; GND*                      ;        ;              ;         ; Row I/O    ; --          ;                 ;
; W1       ; 236        ; 6        ; GND*                      ;        ;              ;         ; Row I/O    ; --          ;                 ;
; W2       ; 237        ; 6        ; GND*                      ;        ;              ;         ; Row I/O    ; --          ;                 ;
; W3       ; 226        ; 7        ; GND*                      ;        ;              ;         ; Column I/O ; --          ;                 ;
; W4       ; 227        ; 7        ; GND*                      ;        ;              ;         ; Column I/O ; --          ;                 ;
; W5       ; 214        ; 7        ; GND*                      ;        ;              ;         ; Column I/O ; --          ;                 ;
; W6       ; 211        ; 7        ; GND*                      ;        ;              ;         ; Column I/O ; --          ;                 ;
; W7       ; 199        ; 7        ; GND*                      ;        ;              ;         ; Column I/O ; --          ;                 ;
; W8       ; 193        ; 7        ; GND*                      ;        ;              ;         ; Column I/O ; --          ;                 ;
; W9       ; 194        ; 7        ; GND*                      ;        ;              ;         ; Column I/O ; --          ;                 ;
; W10      ;            ;          ; NC                        ;        ;              ;         ; --         ; --          ;                 ;
; W11      ;            ;          ; NC                        ;        ;              ;         ; --         ; --          ;                 ;
; W12      ; 163        ; 11       ; GND*                      ;        ;              ;         ; Column I/O ; --          ;                 ;
; W13      ; 150        ; 8        ; GND*                      ;        ;              ;         ; Column I/O ; --          ;                 ;
; W14      ; 141        ; 8        ; GND*                      ;        ;              ;         ; Column I/O ; --          ;                 ;
; W15      ; 138        ; 8        ; GND*                      ;        ;              ;         ; Column I/O ; --          ;                 ;
; W16      ; 127        ; 8        ; GND*                      ;        ;              ;         ; Column I/O ; --          ;                 ;
; W17      ; 116        ; 8        ; GND*                      ;        ;              ;         ; Column I/O ; --          ;                 ;
; W18      ; 107        ; 8        ; GND*                      ;        ;              ;         ; Column I/O ; --          ;                 ;
; W19      ; 101        ; 8        ; GND*                      ;        ;              ;         ; Column I/O ; --          ;                 ;
; W20      ; 100        ; 8        ; GND*                      ;        ;              ;         ; Column I/O ; --          ;                 ;
; W21      ; 92         ; 1        ; GND*                      ;        ;              ;         ; Row I/O    ; --          ;                 ;
; W22      ; 93         ; 1        ; GND*                      ;        ;              ;         ; Row I/O    ; --          ;                 ;
; Y1       ;            ; 6        ; VCCIO6                    ; power  ;              ; 3.3V    ; --         ; --          ;                 ;
; Y2       ; 222        ; 7        ; GND*                      ;        ;              ;         ; Column I/O ; --          ;                 ;
; Y3       ; 228        ; 7        ; GND*                      ;        ;              ;         ; Column I/O ; --          ;                 ;
; Y4       ; 223        ; 7        ; GND*                      ;        ;              ;         ; Column I/O ; --          ;                 ;
; Y5       ; 215        ; 7        ; GND*                      ;        ;              ;         ; Column I/O ; --          ;                 ;
; Y6       ; 206        ; 7        ; GND*                      ;        ;              ;         ; Column I/O ; --          ;                 ;
; Y7       ; 209        ; 7        ; GND*                      ;        ;              ;         ; Column I/O ; --          ;                 ;
; Y8       ; 189        ; 7        ; GND*                      ;        ;              ;         ; Column I/O ; --          ;                 ;
; Y9       ; 188        ; 7        ; GND*                      ;        ;              ;         ; Column I/O ; --          ;                 ;
; Y10      ;            ;          ; NC                        ;        ;              ;         ; --         ; --          ;                 ;
; Y11      ;            ;          ; NC                        ;        ;              ;         ; --         ; --          ;                 ;
; Y12      ; 162        ; 11       ; GND*                      ;        ;              ;         ; Column I/O ; --          ;                 ;
; Y13      ; 166        ; 11       ; outData[1]                ; output ; LVTTL        ;         ; Column I/O ; Off         ; N               ;
; Y14      ; 152        ; 8        ; GND*                      ;        ;              ;         ; Column I/O ; --          ;                 ;
; Y15      ; 130        ; 8        ; GND*                      ;        ;              ;         ; Column I/O ; --          ;                 ;
; Y16      ; 124        ; 8        ; GND*                      ;        ;              ;         ; Column I/O ; --          ;                 ;
; Y17      ; 117        ; 8        ; GND*                      ;        ;              ;         ; Column I/O ; --          ;                 ;
; Y18      ; 115        ; 8        ; GND*                      ;        ;              ;         ; Column I/O ; --          ;                 ;
; Y19      ; 106        ; 8        ; GND*                      ;        ;              ;         ; Column I/O ; --          ;                 ;
; Y20      ; 105        ; 8        ; GND*                      ;        ;              ;         ; Column I/O ; --          ;                 ;
; Y21      ; 104        ; 8        ; GND*                      ;        ;              ;         ; Column I/O ; --          ;                 ;
; Y22      ;            ; 1        ; VCCIO1                    ; power  ;              ; 3.3V    ; --         ; --          ;                 ;
+----------+------------+----------+---------------------------+--------+--------------+---------+------------+-------------+-----------------+


+-------------------------------------------------------------------------------+
; Output Pin Default Load For Reported TCO                                      ;
+----------------------------------+-------+------------------------------------+
; I/O Standard                     ; Load  ; Termination Resistance             ;
+----------------------------------+-------+------------------------------------+
; LVTTL                            ; 10 pF ; Not Available                      ;
; LVCMOS                           ; 10 pF ; Not Available                      ;
; 2.5 V                            ; 10 pF ; Not Available                      ;
; 1.8 V                            ; 10 pF ; Not Available                      ;
; 1.5 V                            ; 10 pF ; Not Available                      ;
; GTL                              ; 30 pF ; 25 Ohm (Parallel)                  ;
; GTL+                             ; 30 pF ; 25 Ohm (Parallel)                  ;
; 3.3-V PCI                        ; 10 pF ; 25 Ohm (Parallel)                  ;
; 3.3-V PCI-X                      ; 8 pF  ; 25 Ohm (Parallel)                  ;
; Compact PCI                      ; 10 pF ; 25 Ohm (Parallel)                  ;
; AGP 1X                           ; 10 pF ; Not Available                      ;
; AGP 2X                           ; 10 pF ; Not Available                      ;
; CTT                              ; 30 pF ; 50 Ohm (Parallel)                  ;
; SSTL-3 Class I                   ; 30 pF ; 50 Ohm (Parallel), 25 Ohm (Serial) ;
; SSTL-3 Class II                  ; 30 pF ; 25 Ohm (Parallel), 25 Ohm (Serial) ;
; SSTL-2 Class I                   ; 30 pF ; 50 Ohm (Parallel), 25 Ohm (Serial) ;
; SSTL-2 Class II                  ; 30 pF ; 25 Ohm (Parallel), 25 Ohm (Serial) ;
; SSTL-18 Class I                  ; 30 pF ; 50 Ohm (Parallel), 25 Ohm (Serial) ;
; SSTL-18 Class II                 ; 30 pF ; 25 Ohm (Parallel), 25 Ohm (Serial) ;
; 1.5-V HSTL Class I               ; 20 pF ; 50 Ohm (Parallel)                  ;
; 1.5-V HSTL Class II              ; 20 pF ; 25 Ohm (Parallel)                  ;
; 1.8-V HSTL Class I               ; 20 pF ; 50 Ohm (Parallel)                  ;
; 1.8-V HSTL Class II              ; 20 pF ; 25 Ohm (Parallel)                  ;
; LVDS                             ; 4 pF  ; 100 Ohm (Differential)             ;
; Differential LVPECL              ; 4 pF  ; 100 Ohm (Differential)             ;
; 3.3-V PCML                       ; 4 pF  ; 50 Ohm (Parallel)                  ;
; HyperTransport                   ; 4 pF  ; 100 Ohm (Differential)             ;
; Differential 1.5-V HSTL Class I  ; 0 pF  ; (See 1.5-V HSTL Class I)           ;
; Differential 1.5-V HSTL Class II ; 0 pF  ; (See 1.5-V HSTL Class II)          ;
; Differential 1.8-V HSTL Class I  ; 0 pF  ; (See 1.8-V HSTL Class I)           ;
; Differential 1.8-V HSTL Class II ; 0 pF  ; (See 1.8-V HSTL Class II)          ;
; Differential SSTL-2              ; 30 pF ; (See SSTL-2)                       ;
+----------------------------------+-------+------------------------------------+
Note: User assignments will override these defaults. The user specified values are listed in the Output Pins and Bidir Pins tables.


+--------------------------------------------------------------------------------------------------------------------------------------------------------------------------------------------------------------------------------------------+
; Fitter Resource Utilization by Entity                                                                                                                                                                                                      ;
+----------------------------+-------------+--------------+-------------+--------------+---------+-----------+-----------+------+--------------+--------------+-------------------+------------------+-----------------+---------------------+
; Compilation Hierarchy Node ; Logic Cells ; LC Registers ; Memory Bits ; DSP Elements ; DSP 9x9 ; DSP 18x18 ; DSP 36x36 ; Pins ; Virtual Pins ; LUT-Only LCs ; Register-Only LCs ; LUT/Register LCs ; Carry Chain LCs ; Full Hierarchy Name ;
+----------------------------+-------------+--------------+-------------+--------------+---------+-----------+-----------+------+--------------+--------------+-------------------+------------------+-----------------+---------------------+
; |insert_sort               ; 950 (950)   ; 356          ; 0           ; 0            ; 0       ; 0         ; 0         ; 68   ; 0            ; 594 (594)    ; 0 (0)             ; 356 (356)        ; 96 (96)         ; |insert_sort        ;
+----------------------------+-------------+--------------+-------------+--------------+---------+-----------+-----------+------+--------------+--------------+-------------------+------------------+-----------------+---------------------+
Note: For table entries with two numbers listed, the numbers in parentheses indicate the number of resources of the given type used by the specific entity alone. The numbers listed outside of parentheses indicate the total resources of the given type used by the specific entity and all of its sub-entities in the hierarchy.


+----------------------------------------------------------------------------------------------------------------------------------------------------------------------------------------------------------------------------------------------------------------+
; Delay Chain Summary                                                                                                                                                                                                                                            ;
+-------------+----------+---------------+---------------+-----------------------+-------------------------+----------------------------------------+---------------------------------+--------------------------------+-----+------+----------------------------+
; Name        ; Pin Type ; Pad to Core 0 ; Pad to Core 1 ; Pad to Input Register ; Core to Output Register ; Clock Enable to Output Enable Register ; Clock Enable to Output Register ; Clock Enable to Input Register ; TCO ; TCOE ; Falling Edge Output Enable ;
+-------------+----------+---------------+---------------+-----------------------+-------------------------+----------------------------------------+---------------------------------+--------------------------------+-----+------+----------------------------+
; clk         ; Input    ; OFF           ; OFF           ; --                    ; --                      ; --                                     ; --                              ; --                             ; --  ; --   ; --                         ;
; start       ; Input    ; ON            ; ON            ; --                    ; --                      ; --                                     ; --                              ; --                             ; --  ; --   ; --                         ;
; reset       ; Input    ; ON            ; ON            ; --                    ; --                      ; --                                     ; --                              ; --                             ; --  ; --   ; --                         ;
; inData[0]   ; Input    ; ON            ; ON            ; --                    ; --                      ; --                                     ; --                              ; --                             ; --  ; --   ; --                         ;
; inData[1]   ; Input    ; ON            ; ON            ; --                    ; --                      ; --                                     ; --                              ; --                             ; --  ; --   ; --                         ;
; inData[2]   ; Input    ; ON            ; ON            ; --                    ; --                      ; --                                     ; --                              ; --                             ; --  ; --   ; --                         ;
; inData[3]   ; Input    ; ON            ; ON            ; --                    ; --                      ; --                                     ; --                              ; --                             ; --  ; --   ; --                         ;
; inData[4]   ; Input    ; ON            ; ON            ; --                    ; --                      ; --                                     ; --                              ; --                             ; --  ; --   ; --                         ;
; inData[5]   ; Input    ; ON            ; ON            ; --                    ; --                      ; --                                     ; --                              ; --                             ; --  ; --   ; --                         ;
; inData[6]   ; Input    ; ON            ; ON            ; --                    ; --                      ; --                                     ; --                              ; --                             ; --  ; --   ; --                         ;
; inData[7]   ; Input    ; ON            ; ON            ; --                    ; --                      ; --                                     ; --                              ; --                             ; --  ; --   ; --                         ;
; inData[8]   ; Input    ; ON            ; ON            ; --                    ; --                      ; --                                     ; --                              ; --                             ; --  ; --   ; --                         ;
; inData[9]   ; Input    ; ON            ; ON            ; --                    ; --                      ; --                                     ; --                              ; --                             ; --  ; --   ; --                         ;
; inData[10]  ; Input    ; ON            ; ON            ; --                    ; --                      ; --                                     ; --                              ; --                             ; --  ; --   ; --                         ;
; inData[11]  ; Input    ; ON            ; ON            ; --                    ; --                      ; --                                     ; --                              ; --                             ; --  ; --   ; --                         ;
; inData[12]  ; Input    ; ON            ; ON            ; --                    ; --                      ; --                                     ; --                              ; --                             ; --  ; --   ; --                         ;
; inData[13]  ; Input    ; ON            ; ON            ; --                    ; --                      ; --                                     ; --                              ; --                             ; --  ; --   ; --                         ;
; inData[14]  ; Input    ; ON            ; ON            ; --                    ; --                      ; --                                     ; --                              ; --                             ; --  ; --   ; --                         ;
; inData[15]  ; Input    ; ON            ; ON            ; --                    ; --                      ; --                                     ; --                              ; --                             ; --  ; --   ; --                         ;
; inData[16]  ; Input    ; ON            ; ON            ; --                    ; --                      ; --                                     ; --                              ; --                             ; --  ; --   ; --                         ;
; inData[17]  ; Input    ; ON            ; ON            ; --                    ; --                      ; --                                     ; --                              ; --                             ; --  ; --   ; --                         ;
; inData[18]  ; Input    ; ON            ; ON            ; --                    ; --                      ; --                                     ; --                              ; --                             ; --  ; --   ; --                         ;
; inData[19]  ; Input    ; ON            ; ON            ; --                    ; --                      ; --                                     ; --                              ; --                             ; --  ; --   ; --                         ;
; inData[20]  ; Input    ; ON            ; ON            ; --                    ; --                      ; --                                     ; --                              ; --                             ; --  ; --   ; --                         ;
; inData[21]  ; Input    ; ON            ; ON            ; --                    ; --                      ; --                                     ; --                              ; --                             ; --  ; --   ; --                         ;
; inData[22]  ; Input    ; ON            ; ON            ; --                    ; --                      ; --                                     ; --                              ; --                             ; --  ; --   ; --                         ;
; inData[23]  ; Input    ; ON            ; ON            ; --                    ; --                      ; --                                     ; --                              ; --                             ; --  ; --   ; --                         ;
; inData[24]  ; Input    ; ON            ; ON            ; --                    ; --                      ; --                                     ; --                              ; --                             ; --  ; --   ; --                         ;
; inData[25]  ; Input    ; ON            ; ON            ; --                    ; --                      ; --                                     ; --                              ; --                             ; --  ; --   ; --                         ;
; inData[26]  ; Input    ; ON            ; ON            ; --                    ; --                      ; --                                     ; --                              ; --                             ; --  ; --   ; --                         ;
; inData[27]  ; Input    ; ON            ; ON            ; --                    ; --                      ; --                                     ; --                              ; --                             ; --  ; --   ; --                         ;
; inData[28]  ; Input    ; ON            ; ON            ; --                    ; --                      ; --                                     ; --                              ; --                             ; --  ; --   ; --                         ;
; inData[29]  ; Input    ; ON            ; ON            ; --                    ; --                      ; --                                     ; --                              ; --                             ; --  ; --   ; --                         ;
; inData[30]  ; Input    ; ON            ; ON            ; --                    ; --                      ; --                                     ; --                              ; --                             ; --  ; --   ; --                         ;
; inData[31]  ; Input    ; ON            ; ON            ; --                    ; --                      ; --                                     ; --                              ; --                             ; --  ; --   ; --                         ;
; done        ; Output   ; --            ; --            ; --                    ; --                      ; --                                     ; --                              ; --                             ; --  ; OFF  ; OFF                        ;
; outData[0]  ; Output   ; --            ; --            ; --                    ; --                      ; --                                     ; --                              ; --                             ; --  ; OFF  ; OFF                        ;
; outData[1]  ; Output   ; --            ; --            ; --                    ; --                      ; --                                     ; --                              ; --                             ; --  ; OFF  ; OFF                        ;
; outData[2]  ; Output   ; --            ; --            ; --                    ; --                      ; --                                     ; --                              ; --                             ; --  ; OFF  ; OFF                        ;
; outData[3]  ; Output   ; --            ; --            ; --                    ; --                      ; --                                     ; --                              ; --                             ; --  ; OFF  ; OFF                        ;
; outData[4]  ; Output   ; --            ; --            ; --                    ; --                      ; --                                     ; --                              ; --                             ; --  ; OFF  ; OFF                        ;
; outData[5]  ; Output   ; --            ; --            ; --                    ; --                      ; --                                     ; --                              ; --                             ; --  ; OFF  ; OFF                        ;
; outData[6]  ; Output   ; --            ; --            ; --                    ; --                      ; --                                     ; --                              ; --                             ; --  ; OFF  ; OFF                        ;
; outData[7]  ; Output   ; --            ; --            ; --                    ; --                      ; --                                     ; --                              ; --                             ; --  ; OFF  ; OFF                        ;
; outData[8]  ; Output   ; --            ; --            ; --                    ; --                      ; --                                     ; --                              ; --                             ; --  ; OFF  ; OFF                        ;
; outData[9]  ; Output   ; --            ; --            ; --                    ; --                      ; --                                     ; --                              ; --                             ; --  ; OFF  ; OFF                        ;
; outData[10] ; Output   ; --            ; --            ; --                    ; --                      ; --                                     ; --                              ; --                             ; --  ; OFF  ; OFF                        ;
; outData[11] ; Output   ; --            ; --            ; --                    ; --                      ; --                                     ; --                              ; --                             ; --  ; OFF  ; OFF                        ;
; outData[12] ; Output   ; --            ; --            ; --                    ; --                      ; --                                     ; --                              ; --                             ; --  ; OFF  ; OFF                        ;
; outData[13] ; Output   ; --            ; --            ; --                    ; --                      ; --                                     ; --                              ; --                             ; --  ; OFF  ; OFF                        ;
; outData[14] ; Output   ; --            ; --            ; --                    ; --                      ; --                                     ; --                              ; --                             ; --  ; OFF  ; OFF                        ;
; outData[15] ; Output   ; --            ; --            ; --                    ; --                      ; --                                     ; --                              ; --                             ; --  ; OFF  ; OFF                        ;
; outData[16] ; Output   ; --            ; --            ; --                    ; --                      ; --                                     ; --                              ; --                             ; --  ; OFF  ; OFF                        ;
; outData[17] ; Output   ; --            ; --            ; --                    ; --                      ; --                                     ; --                              ; --                             ; --  ; OFF  ; OFF                        ;
; outData[18] ; Output   ; --            ; --            ; --                    ; --                      ; --                                     ; --                              ; --                             ; --  ; OFF  ; OFF                        ;
; outData[19] ; Output   ; --            ; --            ; --                    ; --                      ; --                                     ; --                              ; --                             ; --  ; OFF  ; OFF                        ;
; outData[20] ; Output   ; --            ; --            ; --                    ; --                      ; --                                     ; --                              ; --                             ; --  ; OFF  ; OFF                        ;
; outData[21] ; Output   ; --            ; --            ; --                    ; --                      ; --                                     ; --                              ; --                             ; --  ; OFF  ; OFF                        ;
; outData[22] ; Output   ; --            ; --            ; --                    ; --                      ; --                                     ; --                              ; --                             ; --  ; OFF  ; OFF                        ;
; outData[23] ; Output   ; --            ; --            ; --                    ; --                      ; --                                     ; --                              ; --                             ; --  ; OFF  ; OFF                        ;
; outData[24] ; Output   ; --            ; --            ; --                    ; --                      ; --                                     ; --                              ; --                             ; --  ; OFF  ; OFF                        ;
; outData[25] ; Output   ; --            ; --            ; --                    ; --                      ; --                                     ; --                              ; --                             ; --  ; OFF  ; OFF                        ;
; outData[26] ; Output   ; --            ; --            ; --                    ; --                      ; --                                     ; --                              ; --                             ; --  ; OFF  ; OFF                        ;
; outData[27] ; Output   ; --            ; --            ; --                    ; --                      ; --                                     ; --                              ; --                             ; --  ; OFF  ; OFF                        ;
; outData[28] ; Output   ; --            ; --            ; --                    ; --                      ; --                                     ; --                              ; --                             ; --  ; OFF  ; OFF                        ;
; outData[29] ; Output   ; --            ; --            ; --                    ; --                      ; --                                     ; --                              ; --                             ; --  ; OFF  ; OFF                        ;
; outData[30] ; Output   ; --            ; --            ; --                    ; --                      ; --                                     ; --                              ; --                             ; --  ; OFF  ; OFF                        ;
; outData[31] ; Output   ; --            ; --            ; --                    ; --                      ; --                                     ; --                              ; --                             ; --  ; OFF  ; OFF                        ;
+-------------+----------+---------------+---------------+-----------------------+-------------------------+----------------------------------------+---------------------------------+--------------------------------+-----+------+----------------------------+


+-----------------------------------------------------------+
; Pad To Core Delay Chain Fanout                            ;
+-----------------------------+-------------------+---------+
; Source Pin / Fanout         ; Pad To Core Index ; Setting ;
+-----------------------------+-------------------+---------+
; clk                         ;                   ;         ;
; start                       ;                   ;         ;
;      - done~reg0            ; 1                 ; ON      ;
;      - isWorking            ; 1                 ; ON      ;
;      - inFlag               ; 1                 ; ON      ;
;      - outData[28]~2032     ; 1                 ; ON      ;
;      - outFlag              ; 1                 ; ON      ;
;      - i[8]~1318            ; 1                 ; ON      ;
;      - i[8]~1319            ; 1                 ; ON      ;
;      - i~1327               ; 1                 ; ON      ;
;      - localData[0][0]~4309 ; 1                 ; ON      ;
;      - j[16]~744            ; 1                 ; ON      ;
;      - j[31]~745            ; 1                 ; ON      ;
; reset                       ;                   ;         ;
;      - i[0]                 ; 1                 ; ON      ;
;      - done~reg0            ; 1                 ; ON      ;
;      - isWorking            ; 1                 ; ON      ;
;      - inFlag               ; 1                 ; ON      ;
;      - outData[28]~2032     ; 1                 ; ON      ;
;      - outFlag              ; 1                 ; ON      ;
;      - i[31]~1323           ; 1                 ; ON      ;
;      - localData[0][0]~4309 ; 1                 ; ON      ;
;      - j[31]~745            ; 1                 ; ON      ;
; inData[0]                   ;                   ;         ;
;      - localData[4][0]      ; 1                 ; ON      ;
;      - localData[2][0]      ; 1                 ; ON      ;
;      - localData[6][0]      ; 1                 ; ON      ;
;      - localData[1][0]      ; 1                 ; ON      ;
;      - localData[5][0]      ; 1                 ; ON      ;
;      - localData[3][0]      ; 1                 ; ON      ;
;      - localData[7][0]      ; 1                 ; ON      ;
;      - localData[0][0]      ; 1                 ; ON      ;
; inData[1]                   ;                   ;         ;
;      - localData[4][1]      ; 1                 ; ON      ;
;      - localData[2][1]      ; 1                 ; ON      ;
;      - localData[6][1]      ; 1                 ; ON      ;
;      - localData[1][1]      ; 1                 ; ON      ;
;      - localData[5][1]      ; 1                 ; ON      ;
;      - localData[3][1]      ; 1                 ; ON      ;
;      - localData[7][1]      ; 1                 ; ON      ;
;      - localData[0][1]      ; 1                 ; ON      ;
; inData[2]                   ;                   ;         ;
;      - localData[4][2]      ; 0                 ; ON      ;
;      - localData[2][2]      ; 0                 ; ON      ;
;      - localData[6][2]      ; 0                 ; ON      ;
;      - localData[1][2]      ; 0                 ; ON      ;
;      - localData[5][2]      ; 0                 ; ON      ;
;      - localData[3][2]      ; 0                 ; ON      ;
;      - localData[7][2]      ; 0                 ; ON      ;
;      - localData[0][2]      ; 0                 ; ON      ;
; inData[3]                   ;                   ;         ;
;      - localData[4][3]      ; 0                 ; ON      ;
;      - localData[2][3]      ; 0                 ; ON      ;
;      - localData[6][3]      ; 0                 ; ON      ;
;      - localData[1][3]      ; 0                 ; ON      ;
;      - localData[5][3]      ; 0                 ; ON      ;
;      - localData[3][3]      ; 0                 ; ON      ;
;      - localData[7][3]      ; 0                 ; ON      ;
;      - localData[0][3]      ; 0                 ; ON      ;
; inData[4]                   ;                   ;         ;
;      - localData[4][4]      ; 1                 ; ON      ;
;      - localData[2][4]      ; 1                 ; ON      ;
;      - localData[6][4]      ; 1                 ; ON      ;
;      - localData[1][4]      ; 1                 ; ON      ;
;      - localData[5][4]      ; 1                 ; ON      ;
;      - localData[3][4]      ; 1                 ; ON      ;
;      - localData[7][4]      ; 1                 ; ON      ;
;      - localData[0][4]      ; 1                 ; ON      ;
; inData[5]                   ;                   ;         ;
;      - localData[4][5]      ; 1                 ; ON      ;
;      - localData[2][5]      ; 1                 ; ON      ;
;      - localData[6][5]      ; 1                 ; ON      ;
;      - localData[1][5]      ; 1                 ; ON      ;
;      - localData[5][5]      ; 1                 ; ON      ;
;      - localData[3][5]      ; 1                 ; ON      ;
;      - localData[7][5]      ; 1                 ; ON      ;
;      - localData[0][5]      ; 1                 ; ON      ;
; inData[6]                   ;                   ;         ;
;      - localData[4][6]      ; 1                 ; ON      ;
;      - localData[2][6]      ; 1                 ; ON      ;
;      - localData[6][6]      ; 1                 ; ON      ;
;      - localData[1][6]      ; 1                 ; ON      ;
;      - localData[5][6]      ; 1                 ; ON      ;
;      - localData[3][6]      ; 1                 ; ON      ;
;      - localData[7][6]      ; 1                 ; ON      ;
;      - localData[0][6]      ; 1                 ; ON      ;
; inData[7]                   ;                   ;         ;
;      - localData[4][7]      ; 1                 ; ON      ;
;      - localData[2][7]      ; 1                 ; ON      ;
;      - localData[6][7]      ; 1                 ; ON      ;
;      - localData[1][7]      ; 1                 ; ON      ;
;      - localData[5][7]      ; 1                 ; ON      ;
;      - localData[3][7]      ; 1                 ; ON      ;
;      - localData[7][7]      ; 1                 ; ON      ;
;      - localData[0][7]      ; 1                 ; ON      ;
; inData[8]                   ;                   ;         ;
;      - localData[4][8]      ; 1                 ; ON      ;
;      - localData[2][8]      ; 1                 ; ON      ;
;      - localData[6][8]      ; 1                 ; ON      ;
;      - localData[1][8]      ; 1                 ; ON      ;
;      - localData[5][8]      ; 1                 ; ON      ;
;      - localData[3][8]      ; 1                 ; ON      ;
;      - localData[7][8]      ; 1                 ; ON      ;
;      - localData[0][8]      ; 1                 ; ON      ;
; inData[9]                   ;                   ;         ;
;      - localData[4][9]      ; 1                 ; ON      ;
;      - localData[2][9]      ; 1                 ; ON      ;
;      - localData[6][9]      ; 1                 ; ON      ;
;      - localData[1][9]      ; 1                 ; ON      ;
;      - localData[5][9]      ; 1                 ; ON      ;
;      - localData[3][9]      ; 1                 ; ON      ;
;      - localData[7][9]      ; 1                 ; ON      ;
;      - localData[0][9]      ; 1                 ; ON      ;
; inData[10]                  ;                   ;         ;
;      - localData[4][10]     ; 1                 ; ON      ;
;      - localData[2][10]     ; 1                 ; ON      ;
;      - localData[6][10]     ; 1                 ; ON      ;
;      - localData[1][10]     ; 1                 ; ON      ;
;      - localData[5][10]     ; 1                 ; ON      ;
;      - localData[3][10]     ; 1                 ; ON      ;
;      - localData[7][10]     ; 1                 ; ON      ;
;      - localData[0][10]     ; 1                 ; ON      ;
; inData[11]                  ;                   ;         ;
;      - localData[4][11]     ; 1                 ; ON      ;
;      - localData[2][11]     ; 1                 ; ON      ;
;      - localData[6][11]     ; 1                 ; ON      ;
;      - localData[1][11]     ; 1                 ; ON      ;
;      - localData[5][11]     ; 1                 ; ON      ;
;      - localData[3][11]     ; 1                 ; ON      ;
;      - localData[7][11]     ; 1                 ; ON      ;
;      - localData[0][11]     ; 1                 ; ON      ;
; inData[12]                  ;                   ;         ;
;      - localData[4][12]     ; 0                 ; ON      ;
;      - localData[2][12]     ; 0                 ; ON      ;
;      - localData[6][12]     ; 0                 ; ON      ;
;      - localData[1][12]     ; 0                 ; ON      ;
;      - localData[5][12]     ; 0                 ; ON      ;
;      - localData[3][12]     ; 0                 ; ON      ;
;      - localData[7][12]     ; 0                 ; ON      ;
;      - localData[0][12]     ; 0                 ; ON      ;
; inData[13]                  ;                   ;         ;
;      - localData[4][13]     ; 0                 ; ON      ;
;      - localData[2][13]     ; 0                 ; ON      ;
;      - localData[6][13]     ; 0                 ; ON      ;
;      - localData[1][13]     ; 0                 ; ON      ;
;      - localData[5][13]     ; 0                 ; ON      ;
;      - localData[3][13]     ; 0                 ; ON      ;
;      - localData[7][13]     ; 0                 ; ON      ;
;      - localData[0][13]     ; 0                 ; ON      ;
; inData[14]                  ;                   ;         ;
;      - localData[4][14]     ; 0                 ; ON      ;
;      - localData[2][14]     ; 0                 ; ON      ;
;      - localData[6][14]     ; 0                 ; ON      ;
;      - localData[1][14]     ; 0                 ; ON      ;
;      - localData[5][14]     ; 0                 ; ON      ;
;      - localData[3][14]     ; 0                 ; ON      ;
;      - localData[7][14]     ; 0                 ; ON      ;
;      - localData[0][14]     ; 0                 ; ON      ;
; inData[15]                  ;                   ;         ;
;      - localData[4][15]     ; 0                 ; ON      ;
;      - localData[2][15]     ; 0                 ; ON      ;
;      - localData[6][15]     ; 0                 ; ON      ;
;      - localData[1][15]     ; 0                 ; ON      ;
;      - localData[5][15]     ; 0                 ; ON      ;
;      - localData[3][15]     ; 0                 ; ON      ;
;      - localData[7][15]     ; 0                 ; ON      ;
;      - localData[0][15]     ; 0                 ; ON      ;
; inData[16]                  ;                   ;         ;
;      - localData[4][16]     ; 0                 ; ON      ;
;      - localData[2][16]     ; 0                 ; ON      ;
;      - localData[6][16]     ; 0                 ; ON      ;
;      - localData[1][16]     ; 0                 ; ON      ;
;      - localData[5][16]     ; 0                 ; ON      ;
;      - localData[3][16]     ; 0                 ; ON      ;
;      - localData[7][16]     ; 0                 ; ON      ;
;      - localData[0][16]     ; 0                 ; ON      ;
; inData[17]                  ;                   ;         ;
;      - localData[4][17]     ; 0                 ; ON      ;
;      - localData[2][17]     ; 0                 ; ON      ;
;      - localData[6][17]     ; 0                 ; ON      ;
;      - localData[1][17]     ; 0                 ; ON      ;
;      - localData[5][17]     ; 0                 ; ON      ;
;      - localData[3][17]     ; 0                 ; ON      ;
;      - localData[7][17]     ; 0                 ; ON      ;
;      - localData[0][17]     ; 0                 ; ON      ;
; inData[18]                  ;                   ;         ;
;      - localData[4][18]     ; 1                 ; ON      ;
;      - localData[2][18]     ; 1                 ; ON      ;
;      - localData[6][18]     ; 1                 ; ON      ;
;      - localData[1][18]     ; 1                 ; ON      ;
;      - localData[5][18]     ; 1                 ; ON      ;
;      - localData[3][18]     ; 1                 ; ON      ;
;      - localData[7][18]     ; 1                 ; ON      ;
;      - localData[0][18]     ; 1                 ; ON      ;
; inData[19]                  ;                   ;         ;
;      - localData[4][19]     ; 1                 ; ON      ;
;      - localData[2][19]     ; 0                 ; ON      ;
;      - localData[6][19]     ; 0                 ; ON      ;
;      - localData[1][19]     ; 0                 ; ON      ;
;      - localData[5][19]     ; 0                 ; ON      ;
;      - localData[3][19]     ; 0                 ; ON      ;
;      - localData[7][19]     ; 0                 ; ON      ;
;      - localData[0][19]     ; 1                 ; ON      ;
; inData[20]                  ;                   ;         ;
;      - localData[4][20]     ; 1                 ; ON      ;
;      - localData[2][20]     ; 1                 ; ON      ;
;      - localData[6][20]     ; 0                 ; ON      ;
;      - localData[1][20]     ; 0                 ; ON      ;
;      - localData[5][20]     ; 0                 ; ON      ;
;      - localData[3][20]     ; 1                 ; ON      ;
;      - localData[7][20]     ; 1                 ; ON      ;
;      - localData[0][20]     ; 1                 ; ON      ;
; inData[21]                  ;                   ;         ;
;      - localData[4][21]     ; 0                 ; ON      ;
;      - localData[2][21]     ; 0                 ; ON      ;
;      - localData[6][21]     ; 0                 ; ON      ;
;      - localData[1][21]     ; 0                 ; ON      ;
;      - localData[5][21]     ; 0                 ; ON      ;
;      - localData[3][21]     ; 0                 ; ON      ;
;      - localData[7][21]     ; 0                 ; ON      ;
;      - localData[0][21]     ; 0                 ; ON      ;
; inData[22]                  ;                   ;         ;
;      - localData[4][22]     ; 0                 ; ON      ;
;      - localData[2][22]     ; 0                 ; ON      ;
;      - localData[6][22]     ; 0                 ; ON      ;
;      - localData[1][22]     ; 0                 ; ON      ;
;      - localData[5][22]     ; 0                 ; ON      ;
;      - localData[3][22]     ; 0                 ; ON      ;
;      - localData[7][22]     ; 0                 ; ON      ;
;      - localData[0][22]     ; 0                 ; ON      ;
; inData[23]                  ;                   ;         ;
;      - localData[4][23]     ; 1                 ; ON      ;
;      - localData[2][23]     ; 1                 ; ON      ;
;      - localData[6][23]     ; 1                 ; ON      ;
;      - localData[1][23]     ; 1                 ; ON      ;
;      - localData[5][23]     ; 1                 ; ON      ;
;      - localData[3][23]     ; 1                 ; ON      ;
;      - localData[7][23]     ; 1                 ; ON      ;
;      - localData[0][23]     ; 1                 ; ON      ;
; inData[24]                  ;                   ;         ;
;      - localData[4][24]     ; 1                 ; ON      ;
;      - localData[2][24]     ; 1                 ; ON      ;
;      - localData[6][24]     ; 1                 ; ON      ;
;      - localData[1][24]     ; 1                 ; ON      ;
;      - localData[5][24]     ; 1                 ; ON      ;
;      - localData[3][24]     ; 1                 ; ON      ;
;      - localData[7][24]     ; 1                 ; ON      ;
;      - localData[0][24]     ; 1                 ; ON      ;
; inData[25]                  ;                   ;         ;
;      - localData[4][25]     ; 0                 ; ON      ;
;      - localData[2][25]     ; 0                 ; ON      ;
;      - localData[6][25]     ; 0                 ; ON      ;
;      - localData[1][25]     ; 0                 ; ON      ;
;      - localData[5][25]     ; 0                 ; ON      ;
;      - localData[3][25]     ; 0                 ; ON      ;
;      - localData[7][25]     ; 0                 ; ON      ;
;      - localData[0][25]     ; 0                 ; ON      ;
; inData[26]                  ;                   ;         ;
;      - localData[4][26]     ; 1                 ; ON      ;
;      - localData[2][26]     ; 1                 ; ON      ;
;      - localData[6][26]     ; 1                 ; ON      ;
;      - localData[1][26]     ; 1                 ; ON      ;
;      - localData[5][26]     ; 1                 ; ON      ;
;      - localData[3][26]     ; 1                 ; ON      ;
;      - localData[7][26]     ; 1                 ; ON      ;
;      - localData[0][26]     ; 1                 ; ON      ;
; inData[27]                  ;                   ;         ;
;      - localData[4][27]     ; 0                 ; ON      ;
;      - localData[2][27]     ; 0                 ; ON      ;
;      - localData[6][27]     ; 0                 ; ON      ;
;      - localData[1][27]     ; 0                 ; ON      ;
;      - localData[5][27]     ; 0                 ; ON      ;
;      - localData[3][27]     ; 0                 ; ON      ;
;      - localData[7][27]     ; 0                 ; ON      ;
;      - localData[0][27]     ; 0                 ; ON      ;
; inData[28]                  ;                   ;         ;
;      - localData[4][28]     ; 0                 ; ON      ;
;      - localData[2][28]     ; 0                 ; ON      ;
;      - localData[6][28]     ; 0                 ; ON      ;
;      - localData[1][28]     ; 0                 ; ON      ;
;      - localData[5][28]     ; 0                 ; ON      ;
;      - localData[3][28]     ; 0                 ; ON      ;
;      - localData[7][28]     ; 0                 ; ON      ;
;      - localData[0][28]     ; 0                 ; ON      ;
; inData[29]                  ;                   ;         ;
;      - localData[4][29]     ; 1                 ; ON      ;
;      - localData[2][29]     ; 1                 ; ON      ;
;      - localData[6][29]     ; 1                 ; ON      ;
;      - localData[1][29]     ; 1                 ; ON      ;
;      - localData[5][29]     ; 1                 ; ON      ;
;      - localData[3][29]     ; 1                 ; ON      ;
;      - localData[7][29]     ; 1                 ; ON      ;
;      - localData[0][29]     ; 1                 ; ON      ;
; inData[30]                  ;                   ;         ;
;      - localData[4][30]     ; 1                 ; ON      ;
;      - localData[2][30]     ; 1                 ; ON      ;
;      - localData[6][30]     ; 1                 ; ON      ;
;      - localData[1][30]     ; 1                 ; ON      ;
;      - localData[5][30]     ; 1                 ; ON      ;
;      - localData[3][30]     ; 1                 ; ON      ;
;      - localData[7][30]     ; 1                 ; ON      ;
;      - localData[0][30]     ; 1                 ; ON      ;
; inData[31]                  ;                   ;         ;
;      - localData[4][31]     ; 0                 ; ON      ;
;      - localData[2][31]     ; 0                 ; ON      ;
;      - localData[6][31]     ; 0                 ; ON      ;
;      - localData[1][31]     ; 0                 ; ON      ;
;      - localData[5][31]     ; 0                 ; ON      ;
;      - localData[3][31]     ; 0                 ; ON      ;
;      - localData[7][31]     ; 0                 ; ON      ;
;      - localData[0][31]     ; 0                 ; ON      ;
+-----------------------------+-------------------+---------+


+-------------------------------------------------------------------------------------------------------------------------------+
; Control Signals                                                                                                               ;
+----------------------+---------------+---------+---------------------------+--------+----------------------+------------------+
; Name                 ; Location      ; Fan-Out ; Usage                     ; Global ; Global Resource Used ; Global Line Name ;
+----------------------+---------------+---------+---------------------------+--------+----------------------+------------------+
; always0~256          ; LC_X28_Y23_N2 ; 33      ; Sync. load                ; no     ; --                   ; --               ;
; clk                  ; PIN_L2        ; 356     ; Clock                     ; yes    ; Global clock         ; GCLK11           ;
; i[31]~1323           ; LC_X22_Y24_N7 ; 31      ; Clock enable              ; no     ; --                   ; --               ;
; i[8]~1318            ; LC_X24_Y24_N8 ; 35      ; Sync. load                ; no     ; --                   ; --               ;
; inFlag               ; LC_X29_Y22_N7 ; 250     ; Sync. load                ; no     ; --                   ; --               ;
; j[16]~744            ; LC_X29_Y22_N2 ; 32      ; Sync. clear               ; no     ; --                   ; --               ;
; j[31]~745            ; LC_X28_Y22_N7 ; 32      ; Clock enable              ; no     ; --                   ; --               ;
; localData[0][0]~4310 ; LC_X22_Y24_N6 ; 32      ; Clock enable              ; no     ; --                   ; --               ;
; localData[1][0]~4302 ; LC_X23_Y24_N8 ; 32      ; Clock enable              ; no     ; --                   ; --               ;
; localData[2][0]~4306 ; LC_X23_Y24_N2 ; 32      ; Clock enable              ; no     ; --                   ; --               ;
; localData[3][0]~4300 ; LC_X23_Y23_N0 ; 32      ; Clock enable              ; no     ; --                   ; --               ;
; localData[4][0]~4308 ; LC_X22_Y23_N8 ; 32      ; Clock enable              ; no     ; --                   ; --               ;
; localData[5][0]~4298 ; LC_X23_Y23_N2 ; 32      ; Clock enable              ; no     ; --                   ; --               ;
; localData[6][0]~4312 ; LC_X24_Y24_N6 ; 32      ; Clock enable              ; no     ; --                   ; --               ;
; localData[7][0]~4304 ; LC_X22_Y23_N4 ; 32      ; Clock enable              ; no     ; --                   ; --               ;
; outData[28]~2034     ; LC_X28_Y22_N6 ; 32      ; Clock enable              ; no     ; --                   ; --               ;
; reset                ; PIN_K8        ; 9       ; Clock enable, Sync. clear ; no     ; --                   ; --               ;
+----------------------+---------------+---------+---------------------------+--------+----------------------+------------------+


+---------------------------------------------------------------------+
; Global & Other Fast Signals                                         ;
+------+----------+---------+----------------------+------------------+
; Name ; Location ; Fan-Out ; Global Resource Used ; Global Line Name ;
+------+----------+---------+----------------------+------------------+
; clk  ; PIN_L2   ; 356     ; Global clock         ; GCLK11           ;
+------+----------+---------+----------------------+------------------+


+---------------------------------+
; Non-Global High Fan-Out Signals ;
+----------------------+----------+
; Name                 ; Fan-Out  ;
+----------------------+----------+
; inFlag               ; 250      ;
; j[1]                 ; 115      ;
; j[2]                 ; 114      ;
; i[1]                 ; 106      ;
; i[2]                 ; 106      ;
; add~2332             ; 96       ;
; add~2331             ; 96       ;
; j[0]                 ; 83       ;
; i[0]                 ; 44       ;
; outData[28]~2032     ; 40       ;
; i[8]~1318            ; 35       ;
; Decoder~543          ; 33       ;
; Decoder~538          ; 33       ;
; Decoder~535          ; 33       ;
; Decoder~532          ; 33       ;
; Decoder~529          ; 33       ;
; Decoder~526          ; 33       ;
; Decoder~523          ; 33       ;
; always0~256          ; 33       ;
; j[31]~745            ; 32       ;
; j[16]~744            ; 32       ;
; localData[6][0]~4312 ; 32       ;
; localData[0][0]~4310 ; 32       ;
; Decoder~541          ; 32       ;
; localData[4][0]~4308 ; 32       ;
; localData[2][0]~4306 ; 32       ;
; localData[7][0]~4304 ; 32       ;
; localData[1][0]~4302 ; 32       ;
; localData[3][0]~4300 ; 32       ;
; localData[5][0]~4298 ; 32       ;
; outData[28]~2034     ; 32       ;
; i[31]~1323           ; 31       ;
; i[8]~1320            ; 31       ;
; j[3]                 ; 17       ;
; start                ; 11       ;
; isWorking            ; 11       ;
; i[3]                 ; 10       ;
; reset                ; 9        ;
; Mux~2959             ; 9        ;
; Mux~2954             ; 9        ;
; Mux~2949             ; 9        ;
; Mux~2944             ; 9        ;
; Mux~2939             ; 9        ;
; Mux~2934             ; 9        ;
; Mux~2929             ; 9        ;
; Mux~2924             ; 9        ;
; Mux~2919             ; 9        ;
; Mux~2914             ; 9        ;
; Mux~2909             ; 9        ;
; Mux~2904             ; 9        ;
+----------------------+----------+


+------------------------------------------------------+
; Interconnect Usage Summary                           ;
+-----------------------------+------------------------+
; Interconnect Resource Type  ; Usage                  ;
+-----------------------------+------------------------+
; C16 interconnects           ; 38 / 2,286 ( 1 % )     ;
; C4 interconnects            ; 763 / 31,320 ( 2 % )   ;
; C8 interconnects            ; 257 / 7,272 ( 3 % )    ;
; DIFFIOCLKs                  ; 0 / 16 ( 0 % )         ;
; DQS bus muxes               ; 0 / 56 ( 0 % )         ;
; DQS-32 I/O buses            ; 0 / 4 ( 0 % )          ;
; DQS-8 I/O buses             ; 0 / 16 ( 0 % )         ;
; Direct links                ; 152 / 44,740 ( < 1 % ) ;
; Fast regional clocks        ; 0 / 8 ( 0 % )          ;
; Global clocks               ; 1 / 16 ( 6 % )         ;
; I/O buses                   ; 5 / 208 ( 2 % )        ;
; LUT chains                  ; 58 / 9,513 ( < 1 % )   ;
; Local routing interconnects ; 420 / 10,570 ( 3 % )   ;
; R24 interconnects           ; 12 / 2,280 ( < 1 % )   ;
; R4 interconnects            ; 913 / 62,520 ( 1 % )   ;
; R8 interconnects            ; 245 / 10,410 ( 2 % )   ;
; Regional clocks             ; 0 / 16 ( 0 % )         ;
+-----------------------------+------------------------+


+----------------------------------------------------------------------------+
; LAB Logic Elements                                                         ;
+--------------------------------------------+-------------------------------+
; Number of Logic Elements  (Average = 8.64) ; Number of LABs  (Total = 110) ;
+--------------------------------------------+-------------------------------+
; 1                                          ; 2                             ;
; 2                                          ; 1                             ;
; 3                                          ; 1                             ;
; 4                                          ; 1                             ;
; 5                                          ; 0                             ;
; 6                                          ; 6                             ;
; 7                                          ; 7                             ;
; 8                                          ; 21                            ;
; 9                                          ; 24                            ;
; 10                                         ; 47                            ;
+--------------------------------------------+-------------------------------+


+--------------------------------------------------------------------+
; LAB-wide Signals                                                   ;
+------------------------------------+-------------------------------+
; LAB-wide Signals  (Average = 2.61) ; Number of LABs  (Total = 110) ;
+------------------------------------+-------------------------------+
; 1 Clock                            ; 101                           ;
; 1 Clock enable                     ; 95                            ;
; 1 Sync. clear                      ; 5                             ;
; 1 Sync. load                       ; 86                            ;
+------------------------------------+-------------------------------+


+-----------------------------------------------------------------------------+
; LAB Signals Sourced                                                         ;
+---------------------------------------------+-------------------------------+
; Number of Signals Sourced  (Average = 8.35) ; Number of LABs  (Total = 110) ;
+---------------------------------------------+-------------------------------+
; 0                                           ; 2                             ;
; 1                                           ; 2                             ;
; 2                                           ; 1                             ;
; 3                                           ; 1                             ;
; 4                                           ; 2                             ;
; 5                                           ; 1                             ;
; 6                                           ; 6                             ;
; 7                                           ; 7                             ;
; 8                                           ; 21                            ;
; 9                                           ; 24                            ;
; 10                                          ; 43                            ;
+---------------------------------------------+-------------------------------+


+---------------------------------------------------------------------------------+
; LAB Signals Sourced Out                                                         ;
+-------------------------------------------------+-------------------------------+
; Number of Signals Sourced Out  (Average = 5.65) ; Number of LABs  (Total = 110) ;
+-------------------------------------------------+-------------------------------+
; 0                                               ; 4                             ;
; 1                                               ; 3                             ;
; 2                                               ; 2                             ;
; 3                                               ; 5                             ;
; 4                                               ; 6                             ;
; 5                                               ; 24                            ;
; 6                                               ; 35                            ;
; 7                                               ; 15                            ;
; 8                                               ; 8                             ;
; 9                                               ; 3                             ;
; 10                                              ; 5                             ;
+-------------------------------------------------+-------------------------------+


+------------------------------------------------------------------------------+
; LAB Distinct Inputs                                                          ;
+----------------------------------------------+-------------------------------+
; Number of Distinct Inputs  (Average = 20.45) ; Number of LABs  (Total = 110) ;
+----------------------------------------------+-------------------------------+
; 0                                            ; 0                             ;
; 1                                            ; 0                             ;
; 2                                            ; 0                             ;
; 3                                            ; 0                             ;
; 4                                            ; 1                             ;
; 5                                            ; 0                             ;
; 6                                            ; 0                             ;
; 7                                            ; 1                             ;
; 8                                            ; 2                             ;
; 9                                            ; 3                             ;
; 10                                           ; 0                             ;
; 11                                           ; 5                             ;
; 12                                           ; 0                             ;
; 13                                           ; 1                             ;
; 14                                           ; 1                             ;
; 15                                           ; 2                             ;
; 16                                           ; 0                             ;
; 17                                           ; 1                             ;
; 18                                           ; 6                             ;
; 19                                           ; 2                             ;
; 20                                           ; 2                             ;
; 21                                           ; 7                             ;
; 22                                           ; 16                            ;
; 23                                           ; 59                            ;
; 24                                           ; 1                             ;
+----------------------------------------------+-------------------------------+


+-----------------+
; Fitter Messages ;
+-----------------+
Info: *******************************************************************
Info: Running Quartus II Fitter
    Info: Version 5.0 Build 148 04/26/2005 SJ Full Version
    Info: Processing started: Sun Mar 27 09:55:01 2022
Info: Command: quartus_fit --read_settings_files=off --write_settings_files=off insert_sort -c insert_sort
Info: Auto device selection -- successful I/O standard check for EP1S10F484C5
Info: Auto device selection -- successful PCI I/O clamp diode check for EP1S10F484C5
Info: Automatically selected device EP1S10F484C5 for design insert_sort
Info: Fitter is performing an Auto Fit compilation, which may decrease Fitter effort to reduce compilation time
Info: Device migration not selected. If you intend to use device migration later, you may need to change the pin assignments as they may be incompatible with other devices. 
    Info: Device EP1S20F484C5 is compatible
Info: No exact pin location assignment(s) for 68 pins of 68 total pins
    Info: Pin done not assigned to an exact location on the device
    Info: Pin outData[0] not assigned to an exact location on the device
    Info: Pin outData[1] not assigned to an exact location on the device
    Info: Pin outData[2] not assigned to an exact location on the device
    Info: Pin outData[3] not assigned to an exact location on the device
    Info: Pin outData[4] not assigned to an exact location on the device
    Info: Pin outData[5] not assigned to an exact location on the device
    Info: Pin outData[6] not assigned to an exact location on the device
    Info: Pin outData[7] not assigned to an exact location on the device
    Info: Pin outData[8] not assigned to an exact location on the device
    Info: Pin outData[9] not assigned to an exact location on the device
    Info: Pin outData[10] not assigned to an exact location on the device
    Info: Pin outData[11] not assigned to an exact location on the device
    Info: Pin outData[12] not assigned to an exact location on the device
    Info: Pin outData[13] not assigned to an exact location on the device
    Info: Pin outData[14] not assigned to an exact location on the device
    Info: Pin outData[15] not assigned to an exact location on the device
    Info: Pin outData[16] not assigned to an exact location on the device
    Info: Pin outData[17] not assigned to an exact location on the device
    Info: Pin outData[18] not assigned to an exact location on the device
    Info: Pin outData[19] not assigned to an exact location on the device
    Info: Pin outData[20] not assigned to an exact location on the device
    Info: Pin outData[21] not assigned to an exact location on the device
    Info: Pin outData[22] not assigned to an exact location on the device
    Info: Pin outData[23] not assigned to an exact location on the device
    Info: Pin outData[24] not assigned to an exact location on the device
    Info: Pin outData[25] not assigned to an exact location on the device
    Info: Pin outData[26] not assigned to an exact location on the device
    Info: Pin outData[27] not assigned to an exact location on the device
    Info: Pin outData[28] not assigned to an exact location on the device
    Info: Pin outData[29] not assigned to an exact location on the device
    Info: Pin outData[30] not assigned to an exact location on the device
    Info: Pin outData[31] not assigned to an exact location on the device
    Info: Pin clk not assigned to an exact location on the device
    Info: Pin start not assigned to an exact location on the device
    Info: Pin reset not assigned to an exact location on the device
    Info: Pin inData[0] not assigned to an exact location on the device
    Info: Pin inData[1] not assigned to an exact location on the device
    Info: Pin inData[2] not assigned to an exact location on the device
    Info: Pin inData[3] not assigned to an exact location on the device
    Info: Pin inData[4] not assigned to an exact location on the device
    Info: Pin inData[5] not assigned to an exact location on the device
    Info: Pin inData[6] not assigned to an exact location on the device
    Info: Pin inData[7] not assigned to an exact location on the device
    Info: Pin inData[8] not assigned to an exact location on the device
    Info: Pin inData[9] not assigned to an exact location on the device
    Info: Pin inData[10] not assigned to an exact location on the device
    Info: Pin inData[11] not assigned to an exact location on the device
    Info: Pin inData[12] not assigned to an exact location on the device
    Info: Pin inData[13] not assigned to an exact location on the device
    Info: Pin inData[14] not assigned to an exact location on the device
    Info: Pin inData[15] not assigned to an exact location on the device
    Info: Pin inData[16] not assigned to an exact location on the device
    Info: Pin inData[17] not assigned to an exact location on the device
    Info: Pin inData[18] not assigned to an exact location on the device
    Info: Pin inData[19] not assigned to an exact location on the device
    Info: Pin inData[20] not assigned to an exact location on the device
    Info: Pin inData[21] not assigned to an exact location on the device
    Info: Pin inData[22] not assigned to an exact location on the device
    Info: Pin inData[23] not assigned to an exact location on the device
    Info: Pin inData[24] not assigned to an exact location on the device
    Info: Pin inData[25] not assigned to an exact location on the device
    Info: Pin inData[26] not assigned to an exact location on the device
    Info: Pin inData[27] not assigned to an exact location on the device
    Info: Pin inData[28] not assigned to an exact location on the device
    Info: Pin inData[29] not assigned to an exact location on the device
    Info: Pin inData[30] not assigned to an exact location on the device
    Info: Pin inData[31] not assigned to an exact location on the device
Info: Timing requirements not specified -- optimizing circuit to achieve the following default global requirements
    Info: Assuming a global fmax requirement of 1 MHz
    Info: Not setting a global tsu requirement
    Info: Not setting a global tco requirement
    Info: Not setting a global tpd requirement
Info: Performing register packing on registers with non-logic cell location assignments
Info: Completed register packing on registers with non-logic cell location assignments
Info: Completed User Assigned Global Signals Promotion Operation
Info: Automatically promoted signal "clk" to use Global clock in PIN L2
Info: Completed Auto Global Promotion Operation
Info: Starting register packing
Info: Started Fast Input/Output/OE register processing
Info: Finished Fast Input/Output/OE register processing
Info: Start inferring scan chains for DSP blocks
Info: Inferring scan chains for DSP blocks is complete
Info: Fitter is using Normal packing mode for logic elements with Auto setting for Auto Packed Registers logic option
Info: Moving registers into I/O cells, LUTs, RAM blocks, and DSP blocks to improve timing and density
Info: Finished moving registers into LUTs, I/O cells, DSP blocks, and RAM blocks
Info: Finished register packing
Info: Statistics of I/O pins that need to be placed that use the same VCCIO and VREF, before I/O pin placement
    Info: Number of I/O pins in group: 67 (unused VREF, 3.30 VCCIO, 34 input, 33 output, 0 bidirectional)
        Info: I/O standards used: LVTTL.
Info: I/O bank details before I/O pin placement
    Info: Statistics of I/O banks
        Info: I/O bank number 1 does not use VREF pins and has unused VCCIO pins. 0 total pin(s) used --  29 pins available
        Info: I/O bank number 2 does not use VREF pins and has unused VCCIO pins. 0 total pin(s) used --  30 pins available
        Info: I/O bank number 3 does not use VREF pins and has unused VCCIO pins. 0 total pin(s) used --  51 pins available
        Info: I/O bank number 4 does not use VREF pins and has unused VCCIO pins. 1 total pin(s) used --  51 pins available
        Info: I/O bank number 5 does not use VREF pins and has unused VCCIO pins. 1 total pin(s) used --  28 pins available
        Info: I/O bank number 6 does not use VREF pins and has unused VCCIO pins. 0 total pin(s) used --  29 pins available
        Info: I/O bank number 7 does not use VREF pins and has unused VCCIO pins. 0 total pin(s) used --  52 pins available
        Info: I/O bank number 8 does not use VREF pins and has unused VCCIO pins. 0 total pin(s) used --  51 pins available
        Info: I/O bank number 9 does not use VREF pins and has unused VCCIO pins. 0 total pin(s) used --  6 pins available
        Info: I/O bank number 10 does not use VREF pins and has unused VCCIO pins. 0 total pin(s) used --  0 pins available
        Info: I/O bank number 11 does not use VREF pins and has unused VCCIO pins. 0 total pin(s) used --  6 pins available
        Info: I/O bank number 12 does not use VREF pins and has unused VCCIO pins. 0 total pin(s) used --  0 pins available
Info: Fitter placement preparation operations beginning
Info: Fitter placement preparation operations ending: elapsed time is 00:00:00
Info: Fitter placement operations beginning
Info: Fitter placement was successful
Info: Estimated most critical path is register to register delay of 10.817 ns
    Info: 1: + IC(0.000 ns) + CELL(0.000 ns) = 0.000 ns; Loc. = LAB_X29_Y26; Fanout = 116; REG Node = 'j[2]'
    Info: 2: + IC(0.738 ns) + CELL(0.280 ns) = 1.018 ns; Loc. = LAB_X24_Y26; Fanout = 96; COMB Node = 'add~2331'
    Info: 3: + IC(0.752 ns) + CELL(0.366 ns) = 2.136 ns; Loc. = LAB_X25_Y23; Fanout = 1; COMB Node = 'Mux~2670'
    Info: 4: + IC(0.927 ns) + CELL(0.183 ns) = 3.246 ns; Loc. = LAB_X24_Y21; Fanout = 1; COMB Node = 'Mux~2671'
    Info: 5: + IC(0.727 ns) + CELL(0.366 ns) = 4.339 ns; Loc. = LAB_X24_Y22; Fanout = 10; COMB Node = 'Mux~2674'
    Info: 6: + IC(1.244 ns) + CELL(0.443 ns) = 6.026 ns; Loc. = LAB_X22_Y27; Fanout = 1; COMB Node = 'LessThan~1236'
    Info: 7: + IC(0.000 ns) + CELL(0.058 ns) = 6.084 ns; Loc. = LAB_X22_Y27; Fanout = 1; COMB Node = 'LessThan~1231'
    Info: 8: + IC(0.000 ns) + CELL(0.214 ns) = 6.298 ns; Loc. = LAB_X22_Y27; Fanout = 1; COMB Node = 'LessThan~1226'
    Info: 9: + IC(0.000 ns) + CELL(0.098 ns) = 6.396 ns; Loc. = LAB_X22_Y26; Fanout = 1; COMB Node = 'LessThan~1201'
    Info: 10: + IC(0.000 ns) + CELL(0.098 ns) = 6.494 ns; Loc. = LAB_X22_Y26; Fanout = 1; COMB Node = 'LessThan~1176'
    Info: 11: + IC(0.000 ns) + CELL(0.098 ns) = 6.592 ns; Loc. = LAB_X22_Y25; Fanout = 1; COMB Node = 'LessThan~1151'
    Info: 12: + IC(0.000 ns) + CELL(0.098 ns) = 6.690 ns; Loc. = LAB_X22_Y25; Fanout = 1; COMB Node = 'LessThan~1126'
    Info: 13: + IC(0.000 ns) + CELL(0.098 ns) = 6.788 ns; Loc. = LAB_X22_Y24; Fanout = 1; COMB Node = 'LessThan~1101'
    Info: 14: + IC(0.000 ns) + CELL(0.469 ns) = 7.257 ns; Loc. = LAB_X22_Y24; Fanout = 2; COMB Node = 'LessThan~1094'
    Info: 15: + IC(0.188 ns) + CELL(0.280 ns) = 7.725 ns; Loc. = LAB_X22_Y24; Fanout = 9; COMB Node = 'localData[0][20]~4296'
    Info: 16: + IC(1.018 ns) + CELL(0.075 ns) = 8.818 ns; Loc. = LAB_X23_Y23; Fanout = 32; COMB Node = 'localData[5][0]~4298'
    Info: 17: + IC(1.294 ns) + CELL(0.705 ns) = 10.817 ns; Loc. = LAB_X17_Y29; Fanout = 3; REG Node = 'localData[5][18]'
    Info: Total cell delay = 3.929 ns ( 36.32 % )
    Info: Total interconnect delay = 6.888 ns ( 63.68 % )
Info: Fitter placement operations ending: elapsed time is 00:00:01
Info: Fitter routing operations beginning
Info: Average interconnect usage is 1% of the available device resources. Peak interconnect usage is 14%.
Info: Fitter routing operations ending: elapsed time is 00:00:00
Info: Fitter performed an Auto Fit compilation. Optimizations were skipped to reduce compilation time.
Info: Completed Fixed Delay Chain Operation
Info: Started post-fitting delay annotation
Info: Delay annotation completed successfully
Info: Completed Auto Delay Chain Operation
Info: Quartus II Fitter was successful. 0 errors, 0 warnings
    Info: Processing ended: Sun Mar 27 09:55:09 2022
    Info: Elapsed time: 00:00:08


