Timing Analyzer report for insert_sort
Sun Mar 27 09:55:15 2022
Version 5.0 Build 148 04/26/2005 SJ Full Version


---------------------
; Table of Contents ;
---------------------
  1. Legal Notice
  2. Timing Analyzer Summary
  3. Timing Analyzer Settings
  4. Clock Settings Summary
  5. Clock Setup: 'clk'
  6. tsu
  7. tco
  8. th
  9. Timing Analyzer Messages



----------------
; Legal Notice ;
----------------
Copyright (C) 1991-2005 Altera Corporation
Your use of Altera Corporation's design tools, logic functions 
and other software and tools, and its AMPP partner logic       
functions, and any output files any of the foregoing           
(including device programming or simulation files), and any    
associated documentation or information are expressly subject  
to the terms and conditions of the Altera Program License      
Subscription Agreement, Altera MegaCore Function License       
Agreement, or other applicable license agreement, including,   
without limitation, that your use is for the sole purpose of   
programming logic devices manufactured by Altera and sold by   
Altera or its authorized distributors.  Please refer to the    
applicable agreement for further details.



+---------------------------------------------------------------------------------------------------------------------------------------------------------------------+
; Timing Analyzer Summary                                                                                                                                             ;
+------------------------------+-------+---------------+----------------------------------+-----------------+------------------+------------+----------+--------------+
; Type                         ; Slack ; Required Time ; Actual Time                      ; From            ; To               ; From Clock ; To Clock ; Failed Paths ;
+------------------------------+-------+---------------+----------------------------------+-----------------+------------------+------------+----------+--------------+
; Worst-case tsu               ; N/A   ; None          ; 7.750 ns                         ; start           ; localData[2][29] ;            ; clk      ; 0            ;
; Worst-case tco               ; N/A   ; None          ; 8.201 ns                         ; outData[3]~reg0 ; outData[3]       ; clk        ;          ; 0            ;
; Worst-case th                ; N/A   ; None          ; -1.952 ns                        ; inData[15]      ; localData[6][15] ;            ; clk      ; 0            ;
; Clock Setup: 'clk'           ; N/A   ; None          ; 60.84 MHz ( period = 16.437 ns ) ; j[0]            ; localData[2][26] ; clk        ; clk      ; 0            ;
; Total number of failed paths ;       ;               ;                                  ;                 ;                  ;            ;          ; 0            ;
+------------------------------+-------+---------------+----------------------------------+-----------------+------------------+------------+----------+--------------+


+------------------------------------------------------------------------------------------------------+
; Timing Analyzer Settings                                                                             ;
+-------------------------------------------------------+--------------------+------+----+-------------+
; Option                                                ; Setting            ; From ; To ; Entity Name ;
+-------------------------------------------------------+--------------------+------+----+-------------+
; Device Name                                           ; EP1S10F484C5       ;      ;    ;             ;
; Timing Models                                         ; Final              ;      ;    ;             ;
; Number of source nodes to report per destination node ; 10                 ;      ;    ;             ;
; Number of destination nodes to report                 ; 10                 ;      ;    ;             ;
; Number of paths to report                             ; 200                ;      ;    ;             ;
; Report Minimum Timing Checks                          ; Off                ;      ;    ;             ;
; Use Fast Timing Models                                ; Off                ;      ;    ;             ;
; Report IO Paths Separately                            ; Off                ;      ;    ;             ;
; Default hold multicycle                               ; Same as Multicycle ;      ;    ;             ;
; Cut paths between unrelated clock domains             ; On                 ;      ;    ;             ;
; Cut off read during write signal paths                ; On                 ;      ;    ;             ;
; Cut off feedback from I/O pins                        ; On                 ;      ;    ;             ;
; Report Combined Fast/Slow Timing                      ; Off                ;      ;    ;             ;
; Ignore Clock Settings                                 ; Off                ;      ;    ;             ;
; Analyze latches as synchronous elements               ; Off                ;      ;    ;             ;
; Enable Recovery/Removal analysis                      ; Off                ;      ;    ;             ;
; Enable Clock Latency                                  ; Off                ;      ;    ;             ;
+-------------------------------------------------------+--------------------+------+----+-------------+


+------------------------------------------------------------------------------------------------------------------------------------------------------------------------------------+
; Clock Settings Summary                                                                                                                                                             ;
+-----------------+--------------------+----------+------------------+---------------+--------------+----------+-----------------------+---------------------+--------+--------------+
; Clock Node Name ; Clock Setting Name ; Type     ; Fmax Requirement ; Early Latency ; Late Latency ; Based on ; Multiply Base Fmax by ; Divide Base Fmax by ; Offset ; Phase offset ;
+-----------------+--------------------+----------+------------------+---------------+--------------+----------+-----------------------+---------------------+--------+--------------+
; clk             ;                    ; User Pin ; NONE             ; 0.000 ns      ; 0.000 ns     ; NONE     ; N/A                   ; N/A                 ; N/A    ;              ;
+-----------------+--------------------+----------+------------------+---------------+--------------+----------+-----------------------+---------------------+--------+--------------+


+-------------------------------------------------------------------------------------------------------------------------------------------------------------------------------------------------------------------------------------+
; Clock Setup: 'clk'                                                                                                                                                                                                                  ;
+-----------------------------------------+-----------------------------------------------------+------+------------------+------------+----------+-----------------------------+---------------------------+-------------------------+
; Slack                                   ; Actual fmax (period)                                ; From ; To               ; From Clock ; To Clock ; Required Setup Relationship ; Required Longest P2P Time ; Actual Longest P2P Time ;
+-----------------------------------------+-----------------------------------------------------+------+------------------+------------+----------+-----------------------------+---------------------------+-------------------------+
; N/A                                     ; 60.84 MHz ( period = 16.437 ns )                    ; j[0] ; localData[2][29] ; clk        ; clk      ; None                        ; None                      ; 16.298 ns               ;
; N/A                                     ; 60.84 MHz ( period = 16.437 ns )                    ; j[0] ; localData[2][28] ; clk        ; clk      ; None                        ; None                      ; 16.298 ns               ;
; N/A                                     ; 60.84 MHz ( period = 16.437 ns )                    ; j[0] ; localData[2][27] ; clk        ; clk      ; None                        ; None                      ; 16.298 ns               ;
; N/A                                     ; 60.84 MHz ( period = 16.437 ns )                    ; j[0] ; localData[2][26] ; clk        ; clk      ; None                        ; None                      ; 16.298 ns               ;
; N/A                                     ; 61.15 MHz ( period = 16.353 ns )                    ; j[2] ; localData[2][29] ; clk        ; clk      ; None                        ; None                      ; 16.214 ns               ;
; N/A                                     ; 61.15 MHz ( period = 16.353 ns )                    ; j[2] ; localData[2][28] ; clk        ; clk      ; None                        ; None                      ; 16.214 ns               ;
; N/A                                     ; 61.15 MHz ( period = 16.353 ns )                    ; j[2] ; localData[2][27] ; clk        ; clk      ; None                        ; None                      ; 16.214 ns               ;
; N/A                                     ; 61.15 MHz ( period = 16.353 ns )                    ; j[2] ; localData[2][26] ; clk        ; clk      ; None                        ; None                      ; 16.214 ns               ;
; N/A                                     ; 63.19 MHz ( period = 15.825 ns )                    ; j[0] ; localData[3][31] ; clk        ; clk      ; None                        ; None                      ; 15.643 ns               ;
; N/A                                     ; 63.28 MHz ( period = 15.804 ns )                    ; j[0] ; localData[6][20] ; clk        ; clk      ; None                        ; None                      ; 15.675 ns               ;
; N/A                                     ; 63.28 MHz ( period = 15.804 ns )                    ; j[0] ; localData[6][19] ; clk        ; clk      ; None                        ; None                      ; 15.675 ns               ;
; N/A                                     ; 63.28 MHz ( period = 15.804 ns )                    ; j[0] ; localData[6][18] ; clk        ; clk      ; None                        ; None                      ; 15.675 ns               ;
; N/A                                     ; 63.28 MHz ( period = 15.804 ns )                    ; j[0] ; localData[6][17] ; clk        ; clk      ; None                        ; None                      ; 15.675 ns               ;
; N/A                                     ; 63.45 MHz ( period = 15.761 ns )                    ; j[0] ; localData[5][20] ; clk        ; clk      ; None                        ; None                      ; 15.637 ns               ;
; N/A                                     ; 63.45 MHz ( period = 15.761 ns )                    ; j[0] ; localData[5][19] ; clk        ; clk      ; None                        ; None                      ; 15.637 ns               ;
; N/A                                     ; 63.45 MHz ( period = 15.761 ns )                    ; j[0] ; localData[5][18] ; clk        ; clk      ; None                        ; None                      ; 15.637 ns               ;
; N/A                                     ; 63.53 MHz ( period = 15.741 ns )                    ; j[2] ; localData[3][31] ; clk        ; clk      ; None                        ; None                      ; 15.559 ns               ;
; N/A                                     ; 63.61 MHz ( period = 15.720 ns )                    ; j[2] ; localData[6][20] ; clk        ; clk      ; None                        ; None                      ; 15.591 ns               ;
; N/A                                     ; 63.61 MHz ( period = 15.720 ns )                    ; j[2] ; localData[6][19] ; clk        ; clk      ; None                        ; None                      ; 15.591 ns               ;
; N/A                                     ; 63.61 MHz ( period = 15.720 ns )                    ; j[2] ; localData[6][18] ; clk        ; clk      ; None                        ; None                      ; 15.591 ns               ;
; N/A                                     ; 63.61 MHz ( period = 15.720 ns )                    ; j[2] ; localData[6][17] ; clk        ; clk      ; None                        ; None                      ; 15.591 ns               ;
; N/A                                     ; 63.79 MHz ( period = 15.677 ns )                    ; j[2] ; localData[5][20] ; clk        ; clk      ; None                        ; None                      ; 15.553 ns               ;
; N/A                                     ; 63.79 MHz ( period = 15.677 ns )                    ; j[2] ; localData[5][19] ; clk        ; clk      ; None                        ; None                      ; 15.553 ns               ;
; N/A                                     ; 63.79 MHz ( period = 15.677 ns )                    ; j[2] ; localData[5][18] ; clk        ; clk      ; None                        ; None                      ; 15.553 ns               ;
; N/A                                     ; 63.81 MHz ( period = 15.672 ns )                    ; j[0] ; localData[3][18] ; clk        ; clk      ; None                        ; None                      ; 15.548 ns               ;
; N/A                                     ; 63.81 MHz ( period = 15.672 ns )                    ; j[0] ; localData[3][17] ; clk        ; clk      ; None                        ; None                      ; 15.548 ns               ;
; N/A                                     ; 63.82 MHz ( period = 15.669 ns )                    ; j[0] ; localData[4][19] ; clk        ; clk      ; None                        ; None                      ; 15.545 ns               ;
; N/A                                     ; 63.82 MHz ( period = 15.669 ns )                    ; j[0] ; localData[4][18] ; clk        ; clk      ; None                        ; None                      ; 15.545 ns               ;
; N/A                                     ; 63.82 MHz ( period = 15.669 ns )                    ; j[0] ; localData[4][17] ; clk        ; clk      ; None                        ; None                      ; 15.545 ns               ;
; N/A                                     ; 64.03 MHz ( period = 15.618 ns )                    ; j[1] ; localData[2][29] ; clk        ; clk      ; None                        ; None                      ; 15.479 ns               ;
; N/A                                     ; 64.03 MHz ( period = 15.618 ns )                    ; j[1] ; localData[2][28] ; clk        ; clk      ; None                        ; None                      ; 15.479 ns               ;
; N/A                                     ; 64.03 MHz ( period = 15.618 ns )                    ; j[1] ; localData[2][27] ; clk        ; clk      ; None                        ; None                      ; 15.479 ns               ;
; N/A                                     ; 64.03 MHz ( period = 15.618 ns )                    ; j[1] ; localData[2][26] ; clk        ; clk      ; None                        ; None                      ; 15.479 ns               ;
; N/A                                     ; 64.07 MHz ( period = 15.609 ns )                    ; j[0] ; localData[5][22] ; clk        ; clk      ; None                        ; None                      ; 15.471 ns               ;
; N/A                                     ; 64.07 MHz ( period = 15.609 ns )                    ; j[0] ; localData[5][21] ; clk        ; clk      ; None                        ; None                      ; 15.471 ns               ;
; N/A                                     ; 64.09 MHz ( period = 15.603 ns )                    ; j[0] ; localData[6][16] ; clk        ; clk      ; None                        ; None                      ; 15.479 ns               ;
; N/A                                     ; 64.09 MHz ( period = 15.603 ns )                    ; j[0] ; localData[6][15] ; clk        ; clk      ; None                        ; None                      ; 15.479 ns               ;
; N/A                                     ; 64.09 MHz ( period = 15.603 ns )                    ; j[0] ; localData[6][10] ; clk        ; clk      ; None                        ; None                      ; 15.479 ns               ;
; N/A                                     ; 64.09 MHz ( period = 15.603 ns )                    ; j[0] ; localData[6][9]  ; clk        ; clk      ; None                        ; None                      ; 15.479 ns               ;
; N/A                                     ; 64.12 MHz ( period = 15.595 ns )                    ; j[0] ; localData[0][14] ; clk        ; clk      ; None                        ; None                      ; 15.433 ns               ;
; N/A                                     ; 64.12 MHz ( period = 15.595 ns )                    ; j[0] ; localData[0][8]  ; clk        ; clk      ; None                        ; None                      ; 15.433 ns               ;
; N/A                                     ; 64.12 MHz ( period = 15.595 ns )                    ; j[0] ; localData[0][7]  ; clk        ; clk      ; None                        ; None                      ; 15.433 ns               ;
; N/A                                     ; 64.12 MHz ( period = 15.595 ns )                    ; j[0] ; localData[0][6]  ; clk        ; clk      ; None                        ; None                      ; 15.433 ns               ;
; N/A                                     ; 64.12 MHz ( period = 15.595 ns )                    ; j[0] ; localData[0][5]  ; clk        ; clk      ; None                        ; None                      ; 15.433 ns               ;
; N/A                                     ; 64.12 MHz ( period = 15.595 ns )                    ; j[0] ; localData[0][4]  ; clk        ; clk      ; None                        ; None                      ; 15.433 ns               ;
; N/A                                     ; 64.15 MHz ( period = 15.588 ns )                    ; j[2] ; localData[3][18] ; clk        ; clk      ; None                        ; None                      ; 15.464 ns               ;
; N/A                                     ; 64.15 MHz ( period = 15.588 ns )                    ; j[2] ; localData[3][17] ; clk        ; clk      ; None                        ; None                      ; 15.464 ns               ;
; N/A                                     ; 64.16 MHz ( period = 15.585 ns )                    ; j[2] ; localData[4][19] ; clk        ; clk      ; None                        ; None                      ; 15.461 ns               ;
; N/A                                     ; 64.16 MHz ( period = 15.585 ns )                    ; j[2] ; localData[4][18] ; clk        ; clk      ; None                        ; None                      ; 15.461 ns               ;
; N/A                                     ; 64.16 MHz ( period = 15.585 ns )                    ; j[2] ; localData[4][17] ; clk        ; clk      ; None                        ; None                      ; 15.461 ns               ;
; N/A                                     ; 64.27 MHz ( period = 15.559 ns )                    ; j[0] ; localData[2][16] ; clk        ; clk      ; None                        ; None                      ; 15.435 ns               ;
; N/A                                     ; 64.27 MHz ( period = 15.559 ns )                    ; j[0] ; localData[2][15] ; clk        ; clk      ; None                        ; None                      ; 15.435 ns               ;
; N/A                                     ; 64.27 MHz ( period = 15.559 ns )                    ; j[0] ; localData[2][10] ; clk        ; clk      ; None                        ; None                      ; 15.435 ns               ;
; N/A                                     ; 64.27 MHz ( period = 15.559 ns )                    ; j[0] ; localData[2][9]  ; clk        ; clk      ; None                        ; None                      ; 15.435 ns               ;
; N/A                                     ; 64.28 MHz ( period = 15.556 ns )                    ; j[0] ; localData[7][12] ; clk        ; clk      ; None                        ; None                      ; 15.407 ns               ;
; N/A                                     ; 64.28 MHz ( period = 15.556 ns )                    ; j[0] ; localData[7][3]  ; clk        ; clk      ; None                        ; None                      ; 15.407 ns               ;
; N/A                                     ; 64.28 MHz ( period = 15.556 ns )                    ; j[0] ; localData[7][2]  ; clk        ; clk      ; None                        ; None                      ; 15.407 ns               ;
; N/A                                     ; 64.28 MHz ( period = 15.556 ns )                    ; j[0] ; localData[7][1]  ; clk        ; clk      ; None                        ; None                      ; 15.407 ns               ;
; N/A                                     ; 64.28 MHz ( period = 15.556 ns )                    ; j[0] ; localData[7][0]  ; clk        ; clk      ; None                        ; None                      ; 15.407 ns               ;
; N/A                                     ; 64.37 MHz ( period = 15.534 ns )                    ; j[0] ; localData[3][21] ; clk        ; clk      ; None                        ; None                      ; 15.401 ns               ;
; N/A                                     ; 64.37 MHz ( period = 15.534 ns )                    ; j[0] ; localData[3][20] ; clk        ; clk      ; None                        ; None                      ; 15.401 ns               ;
; N/A                                     ; 64.37 MHz ( period = 15.534 ns )                    ; j[0] ; localData[3][19] ; clk        ; clk      ; None                        ; None                      ; 15.401 ns               ;
; N/A                                     ; 64.41 MHz ( period = 15.525 ns )                    ; j[2] ; localData[5][22] ; clk        ; clk      ; None                        ; None                      ; 15.387 ns               ;
; N/A                                     ; 64.41 MHz ( period = 15.525 ns )                    ; j[2] ; localData[5][21] ; clk        ; clk      ; None                        ; None                      ; 15.387 ns               ;
; N/A                                     ; 64.42 MHz ( period = 15.524 ns )                    ; j[0] ; localData[4][22] ; clk        ; clk      ; None                        ; None                      ; 15.395 ns               ;
; N/A                                     ; 64.42 MHz ( period = 15.524 ns )                    ; j[0] ; localData[4][21] ; clk        ; clk      ; None                        ; None                      ; 15.395 ns               ;
; N/A                                     ; 64.42 MHz ( period = 15.524 ns )                    ; j[0] ; localData[4][20] ; clk        ; clk      ; None                        ; None                      ; 15.395 ns               ;
; N/A                                     ; 64.44 MHz ( period = 15.519 ns )                    ; j[2] ; localData[6][16] ; clk        ; clk      ; None                        ; None                      ; 15.395 ns               ;
; N/A                                     ; 64.44 MHz ( period = 15.519 ns )                    ; j[2] ; localData[6][15] ; clk        ; clk      ; None                        ; None                      ; 15.395 ns               ;
; N/A                                     ; 64.44 MHz ( period = 15.519 ns )                    ; j[2] ; localData[6][10] ; clk        ; clk      ; None                        ; None                      ; 15.395 ns               ;
; N/A                                     ; 64.44 MHz ( period = 15.519 ns )                    ; j[2] ; localData[6][9]  ; clk        ; clk      ; None                        ; None                      ; 15.395 ns               ;
; N/A                                     ; 64.47 MHz ( period = 15.511 ns )                    ; j[2] ; localData[0][14] ; clk        ; clk      ; None                        ; None                      ; 15.349 ns               ;
; N/A                                     ; 64.47 MHz ( period = 15.511 ns )                    ; j[2] ; localData[0][8]  ; clk        ; clk      ; None                        ; None                      ; 15.349 ns               ;
; N/A                                     ; 64.47 MHz ( period = 15.511 ns )                    ; j[2] ; localData[0][7]  ; clk        ; clk      ; None                        ; None                      ; 15.349 ns               ;
; N/A                                     ; 64.47 MHz ( period = 15.511 ns )                    ; j[2] ; localData[0][6]  ; clk        ; clk      ; None                        ; None                      ; 15.349 ns               ;
; N/A                                     ; 64.47 MHz ( period = 15.511 ns )                    ; j[2] ; localData[0][5]  ; clk        ; clk      ; None                        ; None                      ; 15.349 ns               ;
; N/A                                     ; 64.47 MHz ( period = 15.511 ns )                    ; j[2] ; localData[0][4]  ; clk        ; clk      ; None                        ; None                      ; 15.349 ns               ;
; N/A                                     ; 64.55 MHz ( period = 15.491 ns )                    ; j[0] ; i[4]             ; clk        ; clk      ; None                        ; None                      ; 15.325 ns               ;
; N/A                                     ; 64.55 MHz ( period = 15.491 ns )                    ; j[0] ; i[5]             ; clk        ; clk      ; None                        ; None                      ; 15.325 ns               ;
; N/A                                     ; 64.55 MHz ( period = 15.491 ns )                    ; j[0] ; i[7]             ; clk        ; clk      ; None                        ; None                      ; 15.325 ns               ;
; N/A                                     ; 64.55 MHz ( period = 15.491 ns )                    ; j[0] ; i[9]             ; clk        ; clk      ; None                        ; None                      ; 15.325 ns               ;
; N/A                                     ; 64.55 MHz ( period = 15.491 ns )                    ; j[0] ; i[14]            ; clk        ; clk      ; None                        ; None                      ; 15.325 ns               ;
; N/A                                     ; 64.55 MHz ( period = 15.491 ns )                    ; j[0] ; i[15]            ; clk        ; clk      ; None                        ; None                      ; 15.325 ns               ;
; N/A                                     ; 64.62 MHz ( period = 15.475 ns )                    ; j[2] ; localData[2][16] ; clk        ; clk      ; None                        ; None                      ; 15.351 ns               ;
; N/A                                     ; 64.62 MHz ( period = 15.475 ns )                    ; j[2] ; localData[2][15] ; clk        ; clk      ; None                        ; None                      ; 15.351 ns               ;
; N/A                                     ; 64.62 MHz ( period = 15.475 ns )                    ; j[2] ; localData[2][10] ; clk        ; clk      ; None                        ; None                      ; 15.351 ns               ;
; N/A                                     ; 64.62 MHz ( period = 15.475 ns )                    ; j[2] ; localData[2][9]  ; clk        ; clk      ; None                        ; None                      ; 15.351 ns               ;
; N/A                                     ; 64.63 MHz ( period = 15.472 ns )                    ; j[2] ; localData[7][12] ; clk        ; clk      ; None                        ; None                      ; 15.323 ns               ;
; N/A                                     ; 64.63 MHz ( period = 15.472 ns )                    ; j[2] ; localData[7][3]  ; clk        ; clk      ; None                        ; None                      ; 15.323 ns               ;
; N/A                                     ; 64.63 MHz ( period = 15.472 ns )                    ; j[2] ; localData[7][2]  ; clk        ; clk      ; None                        ; None                      ; 15.323 ns               ;
; N/A                                     ; 64.63 MHz ( period = 15.472 ns )                    ; j[2] ; localData[7][1]  ; clk        ; clk      ; None                        ; None                      ; 15.323 ns               ;
; N/A                                     ; 64.63 MHz ( period = 15.472 ns )                    ; j[2] ; localData[7][0]  ; clk        ; clk      ; None                        ; None                      ; 15.323 ns               ;
; N/A                                     ; 64.65 MHz ( period = 15.468 ns )                    ; j[0] ; localData[6][14] ; clk        ; clk      ; None                        ; None                      ; 15.309 ns               ;
; N/A                                     ; 64.65 MHz ( period = 15.468 ns )                    ; j[0] ; localData[6][8]  ; clk        ; clk      ; None                        ; None                      ; 15.309 ns               ;
; N/A                                     ; 64.65 MHz ( period = 15.468 ns )                    ; j[0] ; localData[6][7]  ; clk        ; clk      ; None                        ; None                      ; 15.309 ns               ;
; N/A                                     ; 64.68 MHz ( period = 15.461 ns )                    ; j[0] ; i[26]            ; clk        ; clk      ; None                        ; None                      ; 15.273 ns               ;
; N/A                                     ; 64.68 MHz ( period = 15.461 ns )                    ; j[0] ; i[29]            ; clk        ; clk      ; None                        ; None                      ; 15.273 ns               ;
; N/A                                     ; 64.69 MHz ( period = 15.459 ns )                    ; j[0] ; localData[6][27] ; clk        ; clk      ; None                        ; None                      ; 15.310 ns               ;
; N/A                                     ; 64.69 MHz ( period = 15.459 ns )                    ; j[0] ; localData[6][26] ; clk        ; clk      ; None                        ; None                      ; 15.310 ns               ;
; N/A                                     ; 64.69 MHz ( period = 15.459 ns )                    ; j[0] ; localData[6][25] ; clk        ; clk      ; None                        ; None                      ; 15.310 ns               ;
; N/A                                     ; 64.72 MHz ( period = 15.450 ns )                    ; j[2] ; localData[3][21] ; clk        ; clk      ; None                        ; None                      ; 15.317 ns               ;
; N/A                                     ; 64.72 MHz ( period = 15.450 ns )                    ; j[2] ; localData[3][20] ; clk        ; clk      ; None                        ; None                      ; 15.317 ns               ;
; N/A                                     ; 64.72 MHz ( period = 15.450 ns )                    ; j[2] ; localData[3][19] ; clk        ; clk      ; None                        ; None                      ; 15.317 ns               ;
; N/A                                     ; 64.77 MHz ( period = 15.440 ns )                    ; j[2] ; localData[4][22] ; clk        ; clk      ; None                        ; None                      ; 15.311 ns               ;
; N/A                                     ; 64.77 MHz ( period = 15.440 ns )                    ; j[2] ; localData[4][21] ; clk        ; clk      ; None                        ; None                      ; 15.311 ns               ;
; N/A                                     ; 64.77 MHz ( period = 15.440 ns )                    ; j[2] ; localData[4][20] ; clk        ; clk      ; None                        ; None                      ; 15.311 ns               ;
; N/A                                     ; 64.82 MHz ( period = 15.427 ns )                    ; j[0] ; localData[1][29] ; clk        ; clk      ; None                        ; None                      ; 15.278 ns               ;
; N/A                                     ; 64.82 MHz ( period = 15.427 ns )                    ; j[0] ; localData[1][28] ; clk        ; clk      ; None                        ; None                      ; 15.278 ns               ;
; N/A                                     ; 64.82 MHz ( period = 15.427 ns )                    ; j[0] ; localData[1][27] ; clk        ; clk      ; None                        ; None                      ; 15.278 ns               ;
; N/A                                     ; 64.91 MHz ( period = 15.407 ns )                    ; j[2] ; i[4]             ; clk        ; clk      ; None                        ; None                      ; 15.241 ns               ;
; N/A                                     ; 64.91 MHz ( period = 15.407 ns )                    ; j[2] ; i[5]             ; clk        ; clk      ; None                        ; None                      ; 15.241 ns               ;
; N/A                                     ; 64.91 MHz ( period = 15.407 ns )                    ; j[2] ; i[7]             ; clk        ; clk      ; None                        ; None                      ; 15.241 ns               ;
; N/A                                     ; 64.91 MHz ( period = 15.407 ns )                    ; j[2] ; i[9]             ; clk        ; clk      ; None                        ; None                      ; 15.241 ns               ;
; N/A                                     ; 64.91 MHz ( period = 15.407 ns )                    ; j[2] ; i[14]            ; clk        ; clk      ; None                        ; None                      ; 15.241 ns               ;
; N/A                                     ; 64.91 MHz ( period = 15.407 ns )                    ; j[2] ; i[15]            ; clk        ; clk      ; None                        ; None                      ; 15.241 ns               ;
; N/A                                     ; 65.00 MHz ( period = 15.384 ns )                    ; j[2] ; localData[6][14] ; clk        ; clk      ; None                        ; None                      ; 15.225 ns               ;
; N/A                                     ; 65.00 MHz ( period = 15.384 ns )                    ; j[2] ; localData[6][8]  ; clk        ; clk      ; None                        ; None                      ; 15.225 ns               ;
; N/A                                     ; 65.00 MHz ( period = 15.384 ns )                    ; j[2] ; localData[6][7]  ; clk        ; clk      ; None                        ; None                      ; 15.225 ns               ;
; N/A                                     ; 65.03 MHz ( period = 15.377 ns )                    ; j[2] ; i[26]            ; clk        ; clk      ; None                        ; None                      ; 15.189 ns               ;
; N/A                                     ; 65.03 MHz ( period = 15.377 ns )                    ; j[2] ; i[29]            ; clk        ; clk      ; None                        ; None                      ; 15.189 ns               ;
; N/A                                     ; 65.04 MHz ( period = 15.375 ns )                    ; j[2] ; localData[6][27] ; clk        ; clk      ; None                        ; None                      ; 15.226 ns               ;
; N/A                                     ; 65.04 MHz ( period = 15.375 ns )                    ; j[2] ; localData[6][26] ; clk        ; clk      ; None                        ; None                      ; 15.226 ns               ;
; N/A                                     ; 65.04 MHz ( period = 15.375 ns )                    ; j[2] ; localData[6][25] ; clk        ; clk      ; None                        ; None                      ; 15.226 ns               ;
; N/A                                     ; 65.11 MHz ( period = 15.359 ns )                    ; j[0] ; localData[2][14] ; clk        ; clk      ; None                        ; None                      ; 15.201 ns               ;
; N/A                                     ; 65.11 MHz ( period = 15.359 ns )                    ; j[0] ; localData[2][8]  ; clk        ; clk      ; None                        ; None                      ; 15.201 ns               ;
; N/A                                     ; 65.11 MHz ( period = 15.359 ns )                    ; j[0] ; localData[2][7]  ; clk        ; clk      ; None                        ; None                      ; 15.201 ns               ;
; N/A                                     ; 65.17 MHz ( period = 15.345 ns )                    ; j[0] ; localData[7][21] ; clk        ; clk      ; None                        ; None                      ; 15.216 ns               ;
; N/A                                     ; 65.17 MHz ( period = 15.345 ns )                    ; j[0] ; localData[7][20] ; clk        ; clk      ; None                        ; None                      ; 15.216 ns               ;
; N/A                                     ; 65.17 MHz ( period = 15.345 ns )                    ; j[0] ; localData[7][19] ; clk        ; clk      ; None                        ; None                      ; 15.216 ns               ;
; N/A                                     ; 65.17 MHz ( period = 15.345 ns )                    ; j[0] ; localData[7][18] ; clk        ; clk      ; None                        ; None                      ; 15.216 ns               ;
; N/A                                     ; 65.18 MHz ( period = 15.343 ns )                    ; j[2] ; localData[1][29] ; clk        ; clk      ; None                        ; None                      ; 15.194 ns               ;
; N/A                                     ; 65.18 MHz ( period = 15.343 ns )                    ; j[2] ; localData[1][28] ; clk        ; clk      ; None                        ; None                      ; 15.194 ns               ;
; N/A                                     ; 65.18 MHz ( period = 15.343 ns )                    ; j[2] ; localData[1][27] ; clk        ; clk      ; None                        ; None                      ; 15.194 ns               ;
; N/A                                     ; 65.28 MHz ( period = 15.318 ns )                    ; j[0] ; i[16]            ; clk        ; clk      ; None                        ; None                      ; 15.139 ns               ;
; N/A                                     ; 65.28 MHz ( period = 15.318 ns )                    ; j[0] ; i[17]            ; clk        ; clk      ; None                        ; None                      ; 15.139 ns               ;
; N/A                                     ; 65.28 MHz ( period = 15.318 ns )                    ; j[0] ; i[18]            ; clk        ; clk      ; None                        ; None                      ; 15.139 ns               ;
; N/A                                     ; 65.28 MHz ( period = 15.318 ns )                    ; j[0] ; i[19]            ; clk        ; clk      ; None                        ; None                      ; 15.139 ns               ;
; N/A                                     ; 65.28 MHz ( period = 15.318 ns )                    ; j[0] ; i[20]            ; clk        ; clk      ; None                        ; None                      ; 15.139 ns               ;
; N/A                                     ; 65.28 MHz ( period = 15.318 ns )                    ; j[0] ; i[21]            ; clk        ; clk      ; None                        ; None                      ; 15.139 ns               ;
; N/A                                     ; 65.29 MHz ( period = 15.316 ns )                    ; j[0] ; localData[4][30] ; clk        ; clk      ; None                        ; None                      ; 15.177 ns               ;
; N/A                                     ; 65.29 MHz ( period = 15.316 ns )                    ; j[0] ; localData[4][29] ; clk        ; clk      ; None                        ; None                      ; 15.177 ns               ;
; N/A                                     ; 65.29 MHz ( period = 15.316 ns )                    ; j[0] ; localData[4][28] ; clk        ; clk      ; None                        ; None                      ; 15.177 ns               ;
; N/A                                     ; 65.29 MHz ( period = 15.316 ns )                    ; j[0] ; localData[4][27] ; clk        ; clk      ; None                        ; None                      ; 15.177 ns               ;
; N/A                                     ; 65.30 MHz ( period = 15.315 ns )                    ; j[0] ; localData[7][29] ; clk        ; clk      ; None                        ; None                      ; 15.173 ns               ;
; N/A                                     ; 65.30 MHz ( period = 15.315 ns )                    ; j[0] ; localData[7][28] ; clk        ; clk      ; None                        ; None                      ; 15.173 ns               ;
; N/A                                     ; 65.30 MHz ( period = 15.315 ns )                    ; j[0] ; localData[7][27] ; clk        ; clk      ; None                        ; None                      ; 15.173 ns               ;
; N/A                                     ; 65.30 MHz ( period = 15.315 ns )                    ; j[0] ; localData[7][26] ; clk        ; clk      ; None                        ; None                      ; 15.173 ns               ;
; N/A                                     ; 65.30 MHz ( period = 15.313 ns )                    ; j[0] ; i[22]            ; clk        ; clk      ; None                        ; None                      ; 15.125 ns               ;
; N/A                                     ; 65.30 MHz ( period = 15.313 ns )                    ; j[0] ; i[23]            ; clk        ; clk      ; None                        ; None                      ; 15.125 ns               ;
; N/A                                     ; 65.30 MHz ( period = 15.313 ns )                    ; j[0] ; i[24]            ; clk        ; clk      ; None                        ; None                      ; 15.125 ns               ;
; N/A                                     ; 65.30 MHz ( period = 15.313 ns )                    ; j[0] ; i[25]            ; clk        ; clk      ; None                        ; None                      ; 15.125 ns               ;
; N/A                                     ; 65.30 MHz ( period = 15.313 ns )                    ; j[0] ; i[27]            ; clk        ; clk      ; None                        ; None                      ; 15.125 ns               ;
; N/A                                     ; 65.30 MHz ( period = 15.313 ns )                    ; j[0] ; i[28]            ; clk        ; clk      ; None                        ; None                      ; 15.125 ns               ;
; N/A                                     ; 65.32 MHz ( period = 15.310 ns )                    ; j[0] ; localData[7][14] ; clk        ; clk      ; None                        ; None                      ; 15.151 ns               ;
; N/A                                     ; 65.32 MHz ( period = 15.310 ns )                    ; j[0] ; localData[2][12] ; clk        ; clk      ; None                        ; None                      ; 15.128 ns               ;
; N/A                                     ; 65.32 MHz ( period = 15.310 ns )                    ; j[0] ; localData[7][8]  ; clk        ; clk      ; None                        ; None                      ; 15.151 ns               ;
; N/A                                     ; 65.32 MHz ( period = 15.310 ns )                    ; j[0] ; localData[7][7]  ; clk        ; clk      ; None                        ; None                      ; 15.151 ns               ;
; N/A                                     ; 65.32 MHz ( period = 15.310 ns )                    ; j[0] ; localData[2][4]  ; clk        ; clk      ; None                        ; None                      ; 15.128 ns               ;
; N/A                                     ; 65.35 MHz ( period = 15.303 ns )                    ; j[0] ; localData[3][30] ; clk        ; clk      ; None                        ; None                      ; 15.161 ns               ;
; N/A                                     ; 65.35 MHz ( period = 15.303 ns )                    ; j[0] ; localData[3][29] ; clk        ; clk      ; None                        ; None                      ; 15.161 ns               ;
; N/A                                     ; 65.35 MHz ( period = 15.303 ns )                    ; j[0] ; localData[3][28] ; clk        ; clk      ; None                        ; None                      ; 15.161 ns               ;
; N/A                                     ; 65.38 MHz ( period = 15.296 ns )                    ; j[0] ; i[10]            ; clk        ; clk      ; None                        ; None                      ; 15.125 ns               ;
; N/A                                     ; 65.38 MHz ( period = 15.296 ns )                    ; j[0] ; i[11]            ; clk        ; clk      ; None                        ; None                      ; 15.125 ns               ;
; N/A                                     ; 65.38 MHz ( period = 15.296 ns )                    ; j[0] ; i[12]            ; clk        ; clk      ; None                        ; None                      ; 15.125 ns               ;
; N/A                                     ; 65.38 MHz ( period = 15.296 ns )                    ; j[0] ; i[13]            ; clk        ; clk      ; None                        ; None                      ; 15.125 ns               ;
; N/A                                     ; 65.39 MHz ( period = 15.293 ns )                    ; j[0] ; localData[4][14] ; clk        ; clk      ; None                        ; None                      ; 15.135 ns               ;
; N/A                                     ; 65.39 MHz ( period = 15.293 ns )                    ; j[0] ; localData[4][8]  ; clk        ; clk      ; None                        ; None                      ; 15.135 ns               ;
; N/A                                     ; 65.39 MHz ( period = 15.293 ns )                    ; j[0] ; localData[4][7]  ; clk        ; clk      ; None                        ; None                      ; 15.135 ns               ;
; N/A                                     ; 65.40 MHz ( period = 15.290 ns )                    ; j[0] ; localData[2][22] ; clk        ; clk      ; None                        ; None                      ; 15.157 ns               ;
; N/A                                     ; 65.40 MHz ( period = 15.290 ns )                    ; j[0] ; localData[2][21] ; clk        ; clk      ; None                        ; None                      ; 15.157 ns               ;
; N/A                                     ; 65.40 MHz ( period = 15.290 ns )                    ; j[0] ; localData[2][20] ; clk        ; clk      ; None                        ; None                      ; 15.157 ns               ;
; N/A                                     ; 65.40 MHz ( period = 15.290 ns )                    ; j[0] ; i[3]             ; clk        ; clk      ; None                        ; None                      ; 15.124 ns               ;
; N/A                                     ; 65.40 MHz ( period = 15.290 ns )                    ; j[0] ; i[1]             ; clk        ; clk      ; None                        ; None                      ; 15.124 ns               ;
; N/A                                     ; 65.40 MHz ( period = 15.290 ns )                    ; j[0] ; i[2]             ; clk        ; clk      ; None                        ; None                      ; 15.124 ns               ;
; N/A                                     ; 65.44 MHz ( period = 15.281 ns )                    ; j[0] ; localData[7][25] ; clk        ; clk      ; None                        ; None                      ; 15.135 ns               ;
; N/A                                     ; 65.44 MHz ( period = 15.281 ns )                    ; j[0] ; localData[7][24] ; clk        ; clk      ; None                        ; None                      ; 15.135 ns               ;
; N/A                                     ; 65.44 MHz ( period = 15.281 ns )                    ; j[0] ; localData[7][23] ; clk        ; clk      ; None                        ; None                      ; 15.135 ns               ;
; N/A                                     ; 65.44 MHz ( period = 15.281 ns )                    ; j[0] ; localData[7][22] ; clk        ; clk      ; None                        ; None                      ; 15.135 ns               ;
; N/A                                     ; 65.47 MHz ( period = 15.275 ns )                    ; j[2] ; localData[2][14] ; clk        ; clk      ; None                        ; None                      ; 15.117 ns               ;
; N/A                                     ; 65.47 MHz ( period = 15.275 ns )                    ; j[2] ; localData[2][8]  ; clk        ; clk      ; None                        ; None                      ; 15.117 ns               ;
; N/A                                     ; 65.47 MHz ( period = 15.275 ns )                    ; j[2] ; localData[2][7]  ; clk        ; clk      ; None                        ; None                      ; 15.117 ns               ;
; N/A                                     ; 65.48 MHz ( period = 15.271 ns )                    ; j[0] ; localData[2][19] ; clk        ; clk      ; None                        ; None                      ; 15.145 ns               ;
; N/A                                     ; 65.48 MHz ( period = 15.271 ns )                    ; j[0] ; localData[2][18] ; clk        ; clk      ; None                        ; None                      ; 15.145 ns               ;
; N/A                                     ; 65.48 MHz ( period = 15.271 ns )                    ; j[0] ; localData[2][17] ; clk        ; clk      ; None                        ; None                      ; 15.145 ns               ;
; N/A                                     ; 65.49 MHz ( period = 15.269 ns )                    ; j[0] ; localData[2][25] ; clk        ; clk      ; None                        ; None                      ; 15.115 ns               ;
; N/A                                     ; 65.49 MHz ( period = 15.269 ns )                    ; j[0] ; localData[2][24] ; clk        ; clk      ; None                        ; None                      ; 15.115 ns               ;
; N/A                                     ; 65.49 MHz ( period = 15.269 ns )                    ; j[0] ; localData[2][23] ; clk        ; clk      ; None                        ; None                      ; 15.115 ns               ;
; N/A                                     ; 65.51 MHz ( period = 15.265 ns )                    ; j[0] ; localData[2][13] ; clk        ; clk      ; None                        ; None                      ; 15.094 ns               ;
; N/A                                     ; 65.51 MHz ( period = 15.265 ns )                    ; j[0] ; localData[2][6]  ; clk        ; clk      ; None                        ; None                      ; 15.094 ns               ;
; N/A                                     ; 65.51 MHz ( period = 15.265 ns )                    ; j[0] ; localData[2][5]  ; clk        ; clk      ; None                        ; None                      ; 15.094 ns               ;
; N/A                                     ; 65.53 MHz ( period = 15.261 ns )                    ; j[2] ; localData[7][21] ; clk        ; clk      ; None                        ; None                      ; 15.132 ns               ;
; N/A                                     ; 65.53 MHz ( period = 15.261 ns )                    ; j[2] ; localData[7][20] ; clk        ; clk      ; None                        ; None                      ; 15.132 ns               ;
; N/A                                     ; 65.53 MHz ( period = 15.261 ns )                    ; j[2] ; localData[7][19] ; clk        ; clk      ; None                        ; None                      ; 15.132 ns               ;
; N/A                                     ; 65.53 MHz ( period = 15.261 ns )                    ; j[2] ; localData[7][18] ; clk        ; clk      ; None                        ; None                      ; 15.132 ns               ;
; N/A                                     ; 65.54 MHz ( period = 15.257 ns )                    ; j[0] ; localData[3][14] ; clk        ; clk      ; None                        ; None                      ; 15.091 ns               ;
; N/A                                     ; 65.54 MHz ( period = 15.257 ns )                    ; j[0] ; localData[3][7]  ; clk        ; clk      ; None                        ; None                      ; 15.091 ns               ;
; N/A                                     ; 65.54 MHz ( period = 15.257 ns )                    ; j[0] ; localData[3][6]  ; clk        ; clk      ; None                        ; None                      ; 15.091 ns               ;
; N/A                                     ; 65.54 MHz ( period = 15.257 ns )                    ; j[0] ; localData[3][5]  ; clk        ; clk      ; None                        ; None                      ; 15.091 ns               ;
; N/A                                     ; 65.54 MHz ( period = 15.257 ns )                    ; j[0] ; localData[3][4]  ; clk        ; clk      ; None                        ; None                      ; 15.091 ns               ;
; N/A                                     ; 65.56 MHz ( period = 15.253 ns )                    ; j[0] ; localData[7][5]  ; clk        ; clk      ; None                        ; None                      ; 15.074 ns               ;
; Timing analysis restricted to 200 rows. ; To change the limit use Settings (Assignments menu) ;      ;                  ;            ;          ;                             ;                           ;                         ;
+-----------------------------------------+-----------------------------------------------------+------+------------------+------------+----------+-----------------------------+---------------------------+-------------------------+


+--------------------------------------------------------------------------------------------------------------------------------------------------+
; tsu                                                                                                                                              ;
+-----------------------------------------+-----------------------------------------------------+------------+-------+------------------+----------+
; Slack                                   ; Required tsu                                        ; Actual tsu ; From  ; To               ; To Clock ;
+-----------------------------------------+-----------------------------------------------------+------------+-------+------------------+----------+
; N/A                                     ; None                                                ; 7.750 ns   ; start ; localData[2][26] ; clk      ;
; N/A                                     ; None                                                ; 7.750 ns   ; start ; localData[2][27] ; clk      ;
; N/A                                     ; None                                                ; 7.750 ns   ; start ; localData[2][28] ; clk      ;
; N/A                                     ; None                                                ; 7.750 ns   ; start ; localData[2][29] ; clk      ;
; N/A                                     ; None                                                ; 7.567 ns   ; start ; localData[0][4]  ; clk      ;
; N/A                                     ; None                                                ; 7.567 ns   ; start ; localData[0][5]  ; clk      ;
; N/A                                     ; None                                                ; 7.567 ns   ; start ; localData[0][6]  ; clk      ;
; N/A                                     ; None                                                ; 7.567 ns   ; start ; localData[0][7]  ; clk      ;
; N/A                                     ; None                                                ; 7.567 ns   ; start ; localData[0][8]  ; clk      ;
; N/A                                     ; None                                                ; 7.567 ns   ; start ; localData[0][14] ; clk      ;
; N/A                                     ; None                                                ; 7.530 ns   ; reset ; localData[2][26] ; clk      ;
; N/A                                     ; None                                                ; 7.530 ns   ; reset ; localData[2][27] ; clk      ;
; N/A                                     ; None                                                ; 7.530 ns   ; reset ; localData[2][28] ; clk      ;
; N/A                                     ; None                                                ; 7.530 ns   ; reset ; localData[2][29] ; clk      ;
; N/A                                     ; None                                                ; 7.523 ns   ; start ; localData[3][31] ; clk      ;
; N/A                                     ; None                                                ; 7.464 ns   ; start ; i[15]            ; clk      ;
; N/A                                     ; None                                                ; 7.464 ns   ; start ; i[14]            ; clk      ;
; N/A                                     ; None                                                ; 7.464 ns   ; start ; i[9]             ; clk      ;
; N/A                                     ; None                                                ; 7.464 ns   ; start ; i[7]             ; clk      ;
; N/A                                     ; None                                                ; 7.464 ns   ; start ; i[5]             ; clk      ;
; N/A                                     ; None                                                ; 7.464 ns   ; start ; i[4]             ; clk      ;
; N/A                                     ; None                                                ; 7.463 ns   ; start ; localData[5][18] ; clk      ;
; N/A                                     ; None                                                ; 7.463 ns   ; start ; localData[5][19] ; clk      ;
; N/A                                     ; None                                                ; 7.463 ns   ; start ; localData[5][20] ; clk      ;
; N/A                                     ; None                                                ; 7.434 ns   ; start ; i[29]            ; clk      ;
; N/A                                     ; None                                                ; 7.434 ns   ; start ; i[26]            ; clk      ;
; N/A                                     ; None                                                ; 7.376 ns   ; start ; outData[19]~reg0 ; clk      ;
; N/A                                     ; None                                                ; 7.376 ns   ; start ; outData[20]~reg0 ; clk      ;
; N/A                                     ; None                                                ; 7.376 ns   ; start ; outData[21]~reg0 ; clk      ;
; N/A                                     ; None                                                ; 7.376 ns   ; start ; outData[22]~reg0 ; clk      ;
; N/A                                     ; None                                                ; 7.376 ns   ; start ; outData[23]~reg0 ; clk      ;
; N/A                                     ; None                                                ; 7.376 ns   ; start ; outData[24]~reg0 ; clk      ;
; N/A                                     ; None                                                ; 7.376 ns   ; start ; outData[26]~reg0 ; clk      ;
; N/A                                     ; None                                                ; 7.376 ns   ; start ; outData[28]~reg0 ; clk      ;
; N/A                                     ; None                                                ; 7.376 ns   ; start ; outData[29]~reg0 ; clk      ;
; N/A                                     ; None                                                ; 7.370 ns   ; start ; localData[3][17] ; clk      ;
; N/A                                     ; None                                                ; 7.370 ns   ; start ; localData[3][18] ; clk      ;
; N/A                                     ; None                                                ; 7.311 ns   ; start ; localData[5][21] ; clk      ;
; N/A                                     ; None                                                ; 7.311 ns   ; start ; localData[5][22] ; clk      ;
; N/A                                     ; None                                                ; 7.303 ns   ; reset ; localData[3][31] ; clk      ;
; N/A                                     ; None                                                ; 7.291 ns   ; start ; i[21]            ; clk      ;
; N/A                                     ; None                                                ; 7.291 ns   ; start ; i[20]            ; clk      ;
; N/A                                     ; None                                                ; 7.291 ns   ; start ; i[19]            ; clk      ;
; N/A                                     ; None                                                ; 7.291 ns   ; start ; i[18]            ; clk      ;
; N/A                                     ; None                                                ; 7.291 ns   ; start ; i[17]            ; clk      ;
; N/A                                     ; None                                                ; 7.291 ns   ; start ; i[16]            ; clk      ;
; N/A                                     ; None                                                ; 7.286 ns   ; start ; i[28]            ; clk      ;
; N/A                                     ; None                                                ; 7.286 ns   ; start ; i[27]            ; clk      ;
; N/A                                     ; None                                                ; 7.286 ns   ; start ; i[25]            ; clk      ;
; N/A                                     ; None                                                ; 7.286 ns   ; start ; i[24]            ; clk      ;
; N/A                                     ; None                                                ; 7.286 ns   ; start ; i[23]            ; clk      ;
; N/A                                     ; None                                                ; 7.286 ns   ; start ; i[22]            ; clk      ;
; N/A                                     ; None                                                ; 7.269 ns   ; start ; i[13]            ; clk      ;
; N/A                                     ; None                                                ; 7.269 ns   ; start ; i[12]            ; clk      ;
; N/A                                     ; None                                                ; 7.269 ns   ; start ; i[11]            ; clk      ;
; N/A                                     ; None                                                ; 7.269 ns   ; start ; i[10]            ; clk      ;
; N/A                                     ; None                                                ; 7.263 ns   ; start ; i[2]             ; clk      ;
; N/A                                     ; None                                                ; 7.263 ns   ; start ; i[1]             ; clk      ;
; N/A                                     ; None                                                ; 7.263 ns   ; start ; i[3]             ; clk      ;
; N/A                                     ; None                                                ; 7.255 ns   ; start ; localData[4][17] ; clk      ;
; N/A                                     ; None                                                ; 7.255 ns   ; start ; localData[4][18] ; clk      ;
; N/A                                     ; None                                                ; 7.255 ns   ; start ; localData[4][19] ; clk      ;
; N/A                                     ; None                                                ; 7.243 ns   ; reset ; localData[5][18] ; clk      ;
; N/A                                     ; None                                                ; 7.243 ns   ; reset ; localData[5][19] ; clk      ;
; N/A                                     ; None                                                ; 7.243 ns   ; reset ; localData[5][20] ; clk      ;
; N/A                                     ; None                                                ; 7.232 ns   ; start ; localData[3][19] ; clk      ;
; N/A                                     ; None                                                ; 7.232 ns   ; start ; localData[3][20] ; clk      ;
; N/A                                     ; None                                                ; 7.232 ns   ; start ; localData[3][21] ; clk      ;
; N/A                                     ; None                                                ; 7.200 ns   ; start ; outData[30]~reg0 ; clk      ;
; N/A                                     ; None                                                ; 7.200 ns   ; start ; outData[31]~reg0 ; clk      ;
; N/A                                     ; None                                                ; 7.156 ns   ; reset ; outData[19]~reg0 ; clk      ;
; N/A                                     ; None                                                ; 7.156 ns   ; reset ; outData[20]~reg0 ; clk      ;
; N/A                                     ; None                                                ; 7.156 ns   ; reset ; outData[21]~reg0 ; clk      ;
; N/A                                     ; None                                                ; 7.156 ns   ; reset ; outData[22]~reg0 ; clk      ;
; N/A                                     ; None                                                ; 7.156 ns   ; reset ; outData[23]~reg0 ; clk      ;
; N/A                                     ; None                                                ; 7.156 ns   ; reset ; outData[24]~reg0 ; clk      ;
; N/A                                     ; None                                                ; 7.156 ns   ; reset ; outData[26]~reg0 ; clk      ;
; N/A                                     ; None                                                ; 7.156 ns   ; reset ; outData[28]~reg0 ; clk      ;
; N/A                                     ; None                                                ; 7.156 ns   ; reset ; outData[29]~reg0 ; clk      ;
; N/A                                     ; None                                                ; 7.150 ns   ; reset ; localData[3][17] ; clk      ;
; N/A                                     ; None                                                ; 7.150 ns   ; reset ; localData[3][18] ; clk      ;
; N/A                                     ; None                                                ; 7.138 ns   ; start ; localData[7][0]  ; clk      ;
; N/A                                     ; None                                                ; 7.138 ns   ; start ; localData[7][1]  ; clk      ;
; N/A                                     ; None                                                ; 7.138 ns   ; start ; localData[7][2]  ; clk      ;
; N/A                                     ; None                                                ; 7.138 ns   ; start ; localData[7][3]  ; clk      ;
; N/A                                     ; None                                                ; 7.138 ns   ; start ; localData[7][12] ; clk      ;
; N/A                                     ; None                                                ; 7.110 ns   ; start ; localData[4][20] ; clk      ;
; N/A                                     ; None                                                ; 7.110 ns   ; start ; localData[4][21] ; clk      ;
; N/A                                     ; None                                                ; 7.110 ns   ; start ; localData[4][22] ; clk      ;
; N/A                                     ; None                                                ; 7.091 ns   ; reset ; localData[5][21] ; clk      ;
; N/A                                     ; None                                                ; 7.091 ns   ; reset ; localData[5][22] ; clk      ;
; N/A                                     ; None                                                ; 7.082 ns   ; reset ; localData[0][4]  ; clk      ;
; N/A                                     ; None                                                ; 7.082 ns   ; reset ; localData[0][5]  ; clk      ;
; N/A                                     ; None                                                ; 7.082 ns   ; reset ; localData[0][6]  ; clk      ;
; N/A                                     ; None                                                ; 7.082 ns   ; reset ; localData[0][7]  ; clk      ;
; N/A                                     ; None                                                ; 7.082 ns   ; reset ; localData[0][8]  ; clk      ;
; N/A                                     ; None                                                ; 7.082 ns   ; reset ; localData[0][14] ; clk      ;
; N/A                                     ; None                                                ; 7.069 ns   ; start ; outData[11]~reg0 ; clk      ;
; N/A                                     ; None                                                ; 7.069 ns   ; start ; outData[12]~reg0 ; clk      ;
; N/A                                     ; None                                                ; 7.069 ns   ; start ; outData[13]~reg0 ; clk      ;
; N/A                                     ; None                                                ; 7.069 ns   ; start ; outData[14]~reg0 ; clk      ;
; N/A                                     ; None                                                ; 7.069 ns   ; start ; outData[15]~reg0 ; clk      ;
; N/A                                     ; None                                                ; 7.069 ns   ; start ; outData[16]~reg0 ; clk      ;
; N/A                                     ; None                                                ; 7.069 ns   ; start ; outData[17]~reg0 ; clk      ;
; N/A                                     ; None                                                ; 7.069 ns   ; start ; outData[18]~reg0 ; clk      ;
; N/A                                     ; None                                                ; 7.069 ns   ; start ; outData[27]~reg0 ; clk      ;
; N/A                                     ; None                                                ; 7.035 ns   ; reset ; localData[4][17] ; clk      ;
; N/A                                     ; None                                                ; 7.035 ns   ; reset ; localData[4][18] ; clk      ;
; N/A                                     ; None                                                ; 7.035 ns   ; reset ; localData[4][19] ; clk      ;
; N/A                                     ; None                                                ; 7.034 ns   ; start ; i[31]            ; clk      ;
; N/A                                     ; None                                                ; 7.012 ns   ; reset ; localData[3][19] ; clk      ;
; N/A                                     ; None                                                ; 7.012 ns   ; reset ; localData[3][20] ; clk      ;
; N/A                                     ; None                                                ; 7.012 ns   ; reset ; localData[3][21] ; clk      ;
; N/A                                     ; None                                                ; 7.001 ns   ; start ; localData[3][28] ; clk      ;
; N/A                                     ; None                                                ; 7.001 ns   ; start ; localData[3][29] ; clk      ;
; N/A                                     ; None                                                ; 7.001 ns   ; start ; localData[3][30] ; clk      ;
; N/A                                     ; None                                                ; 6.980 ns   ; reset ; outData[30]~reg0 ; clk      ;
; N/A                                     ; None                                                ; 6.980 ns   ; reset ; outData[31]~reg0 ; clk      ;
; N/A                                     ; None                                                ; 6.963 ns   ; start ; outData[0]~reg0  ; clk      ;
; N/A                                     ; None                                                ; 6.963 ns   ; start ; outData[1]~reg0  ; clk      ;
; N/A                                     ; None                                                ; 6.963 ns   ; start ; outData[3]~reg0  ; clk      ;
; N/A                                     ; None                                                ; 6.955 ns   ; start ; localData[3][4]  ; clk      ;
; N/A                                     ; None                                                ; 6.955 ns   ; start ; localData[3][5]  ; clk      ;
; N/A                                     ; None                                                ; 6.955 ns   ; start ; localData[3][6]  ; clk      ;
; N/A                                     ; None                                                ; 6.955 ns   ; start ; localData[3][7]  ; clk      ;
; N/A                                     ; None                                                ; 6.955 ns   ; start ; localData[3][14] ; clk      ;
; N/A                                     ; None                                                ; 6.927 ns   ; start ; localData[7][18] ; clk      ;
; N/A                                     ; None                                                ; 6.927 ns   ; start ; localData[7][19] ; clk      ;
; N/A                                     ; None                                                ; 6.927 ns   ; start ; localData[7][20] ; clk      ;
; N/A                                     ; None                                                ; 6.927 ns   ; start ; localData[7][21] ; clk      ;
; N/A                                     ; None                                                ; 6.918 ns   ; reset ; localData[7][0]  ; clk      ;
; N/A                                     ; None                                                ; 6.918 ns   ; reset ; localData[7][1]  ; clk      ;
; N/A                                     ; None                                                ; 6.918 ns   ; reset ; localData[7][2]  ; clk      ;
; N/A                                     ; None                                                ; 6.918 ns   ; reset ; localData[7][3]  ; clk      ;
; N/A                                     ; None                                                ; 6.918 ns   ; reset ; localData[7][12] ; clk      ;
; N/A                                     ; None                                                ; 6.902 ns   ; start ; localData[4][27] ; clk      ;
; N/A                                     ; None                                                ; 6.902 ns   ; start ; localData[4][28] ; clk      ;
; N/A                                     ; None                                                ; 6.902 ns   ; start ; localData[4][29] ; clk      ;
; N/A                                     ; None                                                ; 6.902 ns   ; start ; localData[4][30] ; clk      ;
; N/A                                     ; None                                                ; 6.897 ns   ; start ; localData[7][26] ; clk      ;
; N/A                                     ; None                                                ; 6.897 ns   ; start ; localData[7][27] ; clk      ;
; N/A                                     ; None                                                ; 6.897 ns   ; start ; localData[7][28] ; clk      ;
; N/A                                     ; None                                                ; 6.897 ns   ; start ; localData[7][29] ; clk      ;
; N/A                                     ; None                                                ; 6.894 ns   ; start ; localData[3][1]  ; clk      ;
; N/A                                     ; None                                                ; 6.892 ns   ; start ; localData[7][7]  ; clk      ;
; N/A                                     ; None                                                ; 6.892 ns   ; start ; localData[7][8]  ; clk      ;
; N/A                                     ; None                                                ; 6.892 ns   ; start ; localData[7][14] ; clk      ;
; N/A                                     ; None                                                ; 6.890 ns   ; reset ; localData[4][20] ; clk      ;
; N/A                                     ; None                                                ; 6.890 ns   ; reset ; localData[4][21] ; clk      ;
; N/A                                     ; None                                                ; 6.890 ns   ; reset ; localData[4][22] ; clk      ;
; N/A                                     ; None                                                ; 6.882 ns   ; start ; localData[3][22] ; clk      ;
; N/A                                     ; None                                                ; 6.882 ns   ; start ; localData[3][23] ; clk      ;
; N/A                                     ; None                                                ; 6.882 ns   ; start ; localData[3][24] ; clk      ;
; N/A                                     ; None                                                ; 6.879 ns   ; start ; localData[4][7]  ; clk      ;
; N/A                                     ; None                                                ; 6.879 ns   ; start ; localData[4][8]  ; clk      ;
; N/A                                     ; None                                                ; 6.879 ns   ; start ; localData[4][14] ; clk      ;
; N/A                                     ; None                                                ; 6.873 ns   ; start ; localData[0][17] ; clk      ;
; N/A                                     ; None                                                ; 6.873 ns   ; start ; localData[0][18] ; clk      ;
; N/A                                     ; None                                                ; 6.873 ns   ; start ; localData[0][19] ; clk      ;
; N/A                                     ; None                                                ; 6.873 ns   ; start ; localData[0][20] ; clk      ;
; N/A                                     ; None                                                ; 6.872 ns   ; start ; localData[2][9]  ; clk      ;
; N/A                                     ; None                                                ; 6.872 ns   ; start ; localData[2][10] ; clk      ;
; N/A                                     ; None                                                ; 6.872 ns   ; start ; localData[2][15] ; clk      ;
; N/A                                     ; None                                                ; 6.872 ns   ; start ; localData[2][16] ; clk      ;
; N/A                                     ; None                                                ; 6.863 ns   ; start ; localData[7][22] ; clk      ;
; N/A                                     ; None                                                ; 6.863 ns   ; start ; localData[7][23] ; clk      ;
; N/A                                     ; None                                                ; 6.863 ns   ; start ; localData[7][24] ; clk      ;
; N/A                                     ; None                                                ; 6.863 ns   ; start ; localData[7][25] ; clk      ;
; N/A                                     ; None                                                ; 6.849 ns   ; reset ; outData[11]~reg0 ; clk      ;
; N/A                                     ; None                                                ; 6.849 ns   ; reset ; outData[12]~reg0 ; clk      ;
; N/A                                     ; None                                                ; 6.849 ns   ; reset ; outData[13]~reg0 ; clk      ;
; N/A                                     ; None                                                ; 6.849 ns   ; reset ; outData[14]~reg0 ; clk      ;
; N/A                                     ; None                                                ; 6.849 ns   ; reset ; outData[15]~reg0 ; clk      ;
; N/A                                     ; None                                                ; 6.849 ns   ; reset ; outData[16]~reg0 ; clk      ;
; N/A                                     ; None                                                ; 6.849 ns   ; reset ; outData[17]~reg0 ; clk      ;
; N/A                                     ; None                                                ; 6.849 ns   ; reset ; outData[18]~reg0 ; clk      ;
; N/A                                     ; None                                                ; 6.849 ns   ; reset ; outData[27]~reg0 ; clk      ;
; N/A                                     ; None                                                ; 6.841 ns   ; start ; localData[5][26] ; clk      ;
; N/A                                     ; None                                                ; 6.841 ns   ; start ; localData[5][27] ; clk      ;
; N/A                                     ; None                                                ; 6.841 ns   ; start ; localData[5][28] ; clk      ;
; N/A                                     ; None                                                ; 6.835 ns   ; start ; localData[7][4]  ; clk      ;
; N/A                                     ; None                                                ; 6.835 ns   ; start ; localData[7][5]  ; clk      ;
; N/A                                     ; None                                                ; 6.835 ns   ; start ; localData[7][6]  ; clk      ;
; N/A                                     ; None                                                ; 6.835 ns   ; start ; localData[7][13] ; clk      ;
; N/A                                     ; None                                                ; 6.827 ns   ; start ; localData[0][21] ; clk      ;
; N/A                                     ; None                                                ; 6.827 ns   ; start ; localData[0][22] ; clk      ;
; N/A                                     ; None                                                ; 6.827 ns   ; start ; localData[0][23] ; clk      ;
; N/A                                     ; None                                                ; 6.827 ns   ; start ; localData[0][24] ; clk      ;
; N/A                                     ; None                                                ; 6.822 ns   ; start ; localData[5][14] ; clk      ;
; N/A                                     ; None                                                ; 6.820 ns   ; start ; localData[4][6]  ; clk      ;
; N/A                                     ; None                                                ; 6.820 ns   ; start ; localData[4][13] ; clk      ;
; N/A                                     ; None                                                ; 6.814 ns   ; start ; localData[5][15] ; clk      ;
; N/A                                     ; None                                                ; 6.813 ns   ; start ; localData[0][9]  ; clk      ;
; N/A                                     ; None                                                ; 6.813 ns   ; start ; localData[0][10] ; clk      ;
; N/A                                     ; None                                                ; 6.813 ns   ; start ; localData[0][15] ; clk      ;
; N/A                                     ; None                                                ; 6.813 ns   ; start ; localData[0][16] ; clk      ;
; N/A                                     ; None                                                ; 6.805 ns   ; start ; localData[5][12] ; clk      ;
; N/A                                     ; None                                                ; 6.795 ns   ; start ; i[30]            ; clk      ;
; N/A                                     ; None                                                ; 6.795 ns   ; start ; i[8]             ; clk      ;
; N/A                                     ; None                                                ; 6.795 ns   ; start ; i[6]             ; clk      ;
; Timing analysis restricted to 200 rows. ; To change the limit use Settings (Assignments menu) ;            ;       ;                  ;          ;
+-----------------------------------------+-----------------------------------------------------+------------+-------+------------------+----------+


+---------------------------------------------------------------------------------+
; tco                                                                             ;
+-------+--------------+------------+------------------+-------------+------------+
; Slack ; Required tco ; Actual tco ; From             ; To          ; From Clock ;
+-------+--------------+------------+------------------+-------------+------------+
; N/A   ; None         ; 8.201 ns   ; outData[3]~reg0  ; outData[3]  ; clk        ;
; N/A   ; None         ; 8.135 ns   ; outData[31]~reg0 ; outData[31] ; clk        ;
; N/A   ; None         ; 7.665 ns   ; done~reg0        ; done        ; clk        ;
; N/A   ; None         ; 7.593 ns   ; outData[5]~reg0  ; outData[5]  ; clk        ;
; N/A   ; None         ; 7.482 ns   ; outData[18]~reg0 ; outData[18] ; clk        ;
; N/A   ; None         ; 7.476 ns   ; outData[1]~reg0  ; outData[1]  ; clk        ;
; N/A   ; None         ; 7.460 ns   ; outData[0]~reg0  ; outData[0]  ; clk        ;
; N/A   ; None         ; 7.336 ns   ; outData[20]~reg0 ; outData[20] ; clk        ;
; N/A   ; None         ; 7.307 ns   ; outData[11]~reg0 ; outData[11] ; clk        ;
; N/A   ; None         ; 7.213 ns   ; outData[7]~reg0  ; outData[7]  ; clk        ;
; N/A   ; None         ; 7.206 ns   ; outData[8]~reg0  ; outData[8]  ; clk        ;
; N/A   ; None         ; 7.145 ns   ; outData[12]~reg0 ; outData[12] ; clk        ;
; N/A   ; None         ; 7.138 ns   ; outData[13]~reg0 ; outData[13] ; clk        ;
; N/A   ; None         ; 7.137 ns   ; outData[27]~reg0 ; outData[27] ; clk        ;
; N/A   ; None         ; 7.136 ns   ; outData[23]~reg0 ; outData[23] ; clk        ;
; N/A   ; None         ; 7.135 ns   ; outData[9]~reg0  ; outData[9]  ; clk        ;
; N/A   ; None         ; 7.134 ns   ; outData[15]~reg0 ; outData[15] ; clk        ;
; N/A   ; None         ; 7.133 ns   ; outData[25]~reg0 ; outData[25] ; clk        ;
; N/A   ; None         ; 7.133 ns   ; outData[2]~reg0  ; outData[2]  ; clk        ;
; N/A   ; None         ; 7.106 ns   ; outData[17]~reg0 ; outData[17] ; clk        ;
; N/A   ; None         ; 7.104 ns   ; outData[16]~reg0 ; outData[16] ; clk        ;
; N/A   ; None         ; 7.095 ns   ; outData[14]~reg0 ; outData[14] ; clk        ;
; N/A   ; None         ; 7.090 ns   ; outData[21]~reg0 ; outData[21] ; clk        ;
; N/A   ; None         ; 7.083 ns   ; outData[24]~reg0 ; outData[24] ; clk        ;
; N/A   ; None         ; 7.069 ns   ; outData[19]~reg0 ; outData[19] ; clk        ;
; N/A   ; None         ; 7.067 ns   ; outData[26]~reg0 ; outData[26] ; clk        ;
; N/A   ; None         ; 6.852 ns   ; outData[10]~reg0 ; outData[10] ; clk        ;
; N/A   ; None         ; 6.841 ns   ; outData[29]~reg0 ; outData[29] ; clk        ;
; N/A   ; None         ; 6.841 ns   ; outData[28]~reg0 ; outData[28] ; clk        ;
; N/A   ; None         ; 6.824 ns   ; outData[22]~reg0 ; outData[22] ; clk        ;
; N/A   ; None         ; 6.821 ns   ; outData[4]~reg0  ; outData[4]  ; clk        ;
; N/A   ; None         ; 6.814 ns   ; outData[6]~reg0  ; outData[6]  ; clk        ;
; N/A   ; None         ; 6.798 ns   ; outData[30]~reg0 ; outData[30] ; clk        ;
+-------+--------------+------------+------------------+-------------+------------+


+------------------------------------------------------------------------------------------------------------------------------------------------------+
; th                                                                                                                                                   ;
+-----------------------------------------+-----------------------------------------------------+-----------+------------+------------------+----------+
; Minimum Slack                           ; Required th                                         ; Actual th ; From       ; To               ; To Clock ;
+-----------------------------------------+-----------------------------------------------------+-----------+------------+------------------+----------+
; N/A                                     ; None                                                ; -1.952 ns ; inData[15] ; localData[6][15] ; clk      ;
; N/A                                     ; None                                                ; -1.960 ns ; inData[11] ; localData[7][11] ; clk      ;
; N/A                                     ; None                                                ; -1.964 ns ; inData[7]  ; localData[0][7]  ; clk      ;
; N/A                                     ; None                                                ; -1.974 ns ; inData[19] ; localData[4][19] ; clk      ;
; N/A                                     ; None                                                ; -1.979 ns ; inData[19] ; localData[0][19] ; clk      ;
; N/A                                     ; None                                                ; -1.980 ns ; inData[11] ; localData[1][11] ; clk      ;
; N/A                                     ; None                                                ; -1.980 ns ; inData[7]  ; localData[6][7]  ; clk      ;
; N/A                                     ; None                                                ; -1.987 ns ; inData[15] ; localData[0][15] ; clk      ;
; N/A                                     ; None                                                ; -1.988 ns ; inData[15] ; localData[4][15] ; clk      ;
; N/A                                     ; None                                                ; -2.006 ns ; inData[20] ; localData[5][20] ; clk      ;
; N/A                                     ; None                                                ; -2.026 ns ; inData[20] ; localData[1][20] ; clk      ;
; N/A                                     ; None                                                ; -2.026 ns ; inData[18] ; localData[4][18] ; clk      ;
; N/A                                     ; None                                                ; -2.033 ns ; inData[18] ; localData[5][18] ; clk      ;
; N/A                                     ; None                                                ; -2.052 ns ; inData[18] ; localData[1][18] ; clk      ;
; N/A                                     ; None                                                ; -2.053 ns ; inData[15] ; localData[3][15] ; clk      ;
; N/A                                     ; None                                                ; -2.060 ns ; inData[18] ; localData[7][18] ; clk      ;
; N/A                                     ; None                                                ; -2.077 ns ; inData[17] ; localData[4][17] ; clk      ;
; N/A                                     ; None                                                ; -2.088 ns ; inData[22] ; localData[4][22] ; clk      ;
; N/A                                     ; None                                                ; -2.088 ns ; inData[11] ; localData[3][11] ; clk      ;
; N/A                                     ; None                                                ; -2.092 ns ; inData[17] ; localData[0][17] ; clk      ;
; N/A                                     ; None                                                ; -2.094 ns ; inData[20] ; localData[0][20] ; clk      ;
; N/A                                     ; None                                                ; -2.101 ns ; inData[19] ; localData[1][19] ; clk      ;
; N/A                                     ; None                                                ; -2.105 ns ; inData[16] ; localData[6][16] ; clk      ;
; N/A                                     ; None                                                ; -2.109 ns ; inData[10] ; localData[2][10] ; clk      ;
; N/A                                     ; None                                                ; -2.110 ns ; inData[16] ; localData[4][16] ; clk      ;
; N/A                                     ; None                                                ; -2.111 ns ; inData[10] ; localData[4][10] ; clk      ;
; N/A                                     ; None                                                ; -2.111 ns ; inData[10] ; localData[6][10] ; clk      ;
; N/A                                     ; None                                                ; -2.116 ns ; inData[14] ; localData[5][14] ; clk      ;
; N/A                                     ; None                                                ; -2.117 ns ; inData[16] ; localData[2][16] ; clk      ;
; N/A                                     ; None                                                ; -2.118 ns ; inData[10] ; localData[1][10] ; clk      ;
; N/A                                     ; None                                                ; -2.120 ns ; inData[19] ; localData[3][19] ; clk      ;
; N/A                                     ; None                                                ; -2.126 ns ; inData[20] ; localData[2][20] ; clk      ;
; N/A                                     ; None                                                ; -2.127 ns ; inData[20] ; localData[4][20] ; clk      ;
; N/A                                     ; None                                                ; -2.128 ns ; inData[20] ; localData[7][20] ; clk      ;
; N/A                                     ; None                                                ; -2.132 ns ; inData[10] ; localData[0][10] ; clk      ;
; N/A                                     ; None                                                ; -2.138 ns ; inData[16] ; localData[1][16] ; clk      ;
; N/A                                     ; None                                                ; -2.144 ns ; inData[17] ; localData[2][17] ; clk      ;
; N/A                                     ; None                                                ; -2.147 ns ; inData[17] ; localData[3][17] ; clk      ;
; N/A                                     ; None                                                ; -2.151 ns ; inData[6]  ; localData[4][6]  ; clk      ;
; N/A                                     ; None                                                ; -2.161 ns ; inData[14] ; localData[2][14] ; clk      ;
; N/A                                     ; None                                                ; -2.175 ns ; inData[14] ; localData[1][14] ; clk      ;
; N/A                                     ; None                                                ; -2.175 ns ; inData[11] ; localData[0][11] ; clk      ;
; N/A                                     ; None                                                ; -2.176 ns ; inData[19] ; localData[5][19] ; clk      ;
; N/A                                     ; None                                                ; -2.177 ns ; inData[2]  ; localData[1][2]  ; clk      ;
; N/A                                     ; None                                                ; -2.178 ns ; inData[15] ; localData[7][15] ; clk      ;
; N/A                                     ; None                                                ; -2.180 ns ; inData[19] ; localData[7][19] ; clk      ;
; N/A                                     ; None                                                ; -2.184 ns ; inData[22] ; localData[5][22] ; clk      ;
; N/A                                     ; None                                                ; -2.184 ns ; inData[15] ; localData[2][15] ; clk      ;
; N/A                                     ; None                                                ; -2.190 ns ; inData[17] ; localData[6][17] ; clk      ;
; N/A                                     ; None                                                ; -2.198 ns ; inData[19] ; localData[6][19] ; clk      ;
; N/A                                     ; None                                                ; -2.199 ns ; inData[7]  ; localData[7][7]  ; clk      ;
; N/A                                     ; None                                                ; -2.202 ns ; inData[15] ; localData[5][15] ; clk      ;
; N/A                                     ; None                                                ; -2.208 ns ; inData[28] ; localData[5][28] ; clk      ;
; N/A                                     ; None                                                ; -2.208 ns ; inData[28] ; localData[3][28] ; clk      ;
; N/A                                     ; None                                                ; -2.208 ns ; inData[25] ; localData[2][25] ; clk      ;
; N/A                                     ; None                                                ; -2.211 ns ; inData[4]  ; localData[3][4]  ; clk      ;
; N/A                                     ; None                                                ; -2.212 ns ; inData[6]  ; localData[6][6]  ; clk      ;
; N/A                                     ; None                                                ; -2.213 ns ; inData[7]  ; localData[2][7]  ; clk      ;
; N/A                                     ; None                                                ; -2.223 ns ; inData[6]  ; localData[2][6]  ; clk      ;
; N/A                                     ; None                                                ; -2.224 ns ; inData[15] ; localData[1][15] ; clk      ;
; N/A                                     ; None                                                ; -2.225 ns ; inData[7]  ; localData[5][7]  ; clk      ;
; N/A                                     ; None                                                ; -2.233 ns ; inData[2]  ; localData[6][2]  ; clk      ;
; N/A                                     ; None                                                ; -2.234 ns ; inData[31] ; localData[5][31] ; clk      ;
; N/A                                     ; None                                                ; -2.239 ns ; inData[5]  ; localData[4][5]  ; clk      ;
; N/A                                     ; None                                                ; -2.240 ns ; inData[7]  ; localData[4][7]  ; clk      ;
; N/A                                     ; None                                                ; -2.245 ns ; inData[12] ; localData[7][12] ; clk      ;
; N/A                                     ; None                                                ; -2.249 ns ; inData[30] ; localData[3][30] ; clk      ;
; N/A                                     ; None                                                ; -2.249 ns ; inData[2]  ; localData[3][2]  ; clk      ;
; N/A                                     ; None                                                ; -2.250 ns ; inData[20] ; localData[6][20] ; clk      ;
; N/A                                     ; None                                                ; -2.250 ns ; inData[12] ; localData[0][12] ; clk      ;
; N/A                                     ; None                                                ; -2.251 ns ; inData[28] ; localData[1][28] ; clk      ;
; N/A                                     ; None                                                ; -2.256 ns ; inData[17] ; localData[7][17] ; clk      ;
; N/A                                     ; None                                                ; -2.257 ns ; inData[30] ; localData[5][30] ; clk      ;
; N/A                                     ; None                                                ; -2.259 ns ; inData[30] ; localData[0][30] ; clk      ;
; N/A                                     ; None                                                ; -2.265 ns ; inData[2]  ; localData[0][2]  ; clk      ;
; N/A                                     ; None                                                ; -2.266 ns ; inData[18] ; localData[3][18] ; clk      ;
; N/A                                     ; None                                                ; -2.272 ns ; inData[2]  ; localData[5][2]  ; clk      ;
; N/A                                     ; None                                                ; -2.281 ns ; inData[18] ; localData[0][18] ; clk      ;
; N/A                                     ; None                                                ; -2.286 ns ; inData[0]  ; localData[1][0]  ; clk      ;
; N/A                                     ; None                                                ; -2.287 ns ; inData[16] ; localData[0][16] ; clk      ;
; N/A                                     ; None                                                ; -2.296 ns ; inData[18] ; localData[6][18] ; clk      ;
; N/A                                     ; None                                                ; -2.298 ns ; inData[18] ; localData[2][18] ; clk      ;
; N/A                                     ; None                                                ; -2.298 ns ; inData[8]  ; localData[2][8]  ; clk      ;
; N/A                                     ; None                                                ; -2.299 ns ; inData[12] ; localData[6][12] ; clk      ;
; N/A                                     ; None                                                ; -2.310 ns ; inData[12] ; localData[2][12] ; clk      ;
; N/A                                     ; None                                                ; -2.316 ns ; inData[22] ; localData[6][22] ; clk      ;
; N/A                                     ; None                                                ; -2.316 ns ; inData[1]  ; localData[3][1]  ; clk      ;
; N/A                                     ; None                                                ; -2.322 ns ; inData[9]  ; localData[6][9]  ; clk      ;
; N/A                                     ; None                                                ; -2.324 ns ; inData[8]  ; localData[0][8]  ; clk      ;
; N/A                                     ; None                                                ; -2.328 ns ; inData[8]  ; localData[4][8]  ; clk      ;
; N/A                                     ; None                                                ; -2.329 ns ; inData[11] ; localData[4][11] ; clk      ;
; N/A                                     ; None                                                ; -2.333 ns ; inData[10] ; localData[7][10] ; clk      ;
; N/A                                     ; None                                                ; -2.337 ns ; inData[29] ; localData[1][29] ; clk      ;
; N/A                                     ; None                                                ; -2.344 ns ; inData[8]  ; localData[5][8]  ; clk      ;
; N/A                                     ; None                                                ; -2.349 ns ; inData[9]  ; localData[4][9]  ; clk      ;
; N/A                                     ; None                                                ; -2.350 ns ; inData[8]  ; localData[7][8]  ; clk      ;
; N/A                                     ; None                                                ; -2.351 ns ; inData[25] ; localData[1][25] ; clk      ;
; N/A                                     ; None                                                ; -2.353 ns ; inData[16] ; localData[3][16] ; clk      ;
; N/A                                     ; None                                                ; -2.356 ns ; inData[10] ; localData[5][10] ; clk      ;
; N/A                                     ; None                                                ; -2.357 ns ; inData[20] ; localData[3][20] ; clk      ;
; N/A                                     ; None                                                ; -2.365 ns ; inData[6]  ; localData[0][6]  ; clk      ;
; N/A                                     ; None                                                ; -2.366 ns ; inData[6]  ; localData[1][6]  ; clk      ;
; N/A                                     ; None                                                ; -2.373 ns ; inData[9]  ; localData[7][9]  ; clk      ;
; N/A                                     ; None                                                ; -2.376 ns ; inData[25] ; localData[7][25] ; clk      ;
; N/A                                     ; None                                                ; -2.377 ns ; inData[9]  ; localData[5][9]  ; clk      ;
; N/A                                     ; None                                                ; -2.383 ns ; inData[21] ; localData[3][21] ; clk      ;
; N/A                                     ; None                                                ; -2.383 ns ; inData[9]  ; localData[3][9]  ; clk      ;
; N/A                                     ; None                                                ; -2.385 ns ; inData[9]  ; localData[0][9]  ; clk      ;
; N/A                                     ; None                                                ; -2.388 ns ; inData[21] ; localData[4][21] ; clk      ;
; N/A                                     ; None                                                ; -2.389 ns ; inData[5]  ; localData[1][5]  ; clk      ;
; N/A                                     ; None                                                ; -2.390 ns ; inData[19] ; localData[2][19] ; clk      ;
; N/A                                     ; None                                                ; -2.391 ns ; inData[14] ; localData[4][14] ; clk      ;
; N/A                                     ; None                                                ; -2.392 ns ; inData[21] ; localData[7][21] ; clk      ;
; N/A                                     ; None                                                ; -2.392 ns ; inData[4]  ; localData[6][4]  ; clk      ;
; N/A                                     ; None                                                ; -2.392 ns ; inData[3]  ; localData[6][3]  ; clk      ;
; N/A                                     ; None                                                ; -2.393 ns ; inData[14] ; localData[0][14] ; clk      ;
; N/A                                     ; None                                                ; -2.394 ns ; inData[3]  ; localData[3][3]  ; clk      ;
; N/A                                     ; None                                                ; -2.397 ns ; inData[17] ; localData[5][17] ; clk      ;
; N/A                                     ; None                                                ; -2.398 ns ; inData[14] ; localData[7][14] ; clk      ;
; N/A                                     ; None                                                ; -2.401 ns ; inData[14] ; localData[6][14] ; clk      ;
; N/A                                     ; None                                                ; -2.402 ns ; inData[22] ; localData[2][22] ; clk      ;
; N/A                                     ; None                                                ; -2.403 ns ; inData[5]  ; localData[0][5]  ; clk      ;
; N/A                                     ; None                                                ; -2.409 ns ; inData[27] ; localData[7][27] ; clk      ;
; N/A                                     ; None                                                ; -2.413 ns ; inData[5]  ; localData[3][5]  ; clk      ;
; N/A                                     ; None                                                ; -2.415 ns ; inData[13] ; localData[2][13] ; clk      ;
; N/A                                     ; None                                                ; -2.417 ns ; inData[21] ; localData[2][21] ; clk      ;
; N/A                                     ; None                                                ; -2.419 ns ; inData[13] ; localData[6][13] ; clk      ;
; N/A                                     ; None                                                ; -2.425 ns ; inData[27] ; localData[5][27] ; clk      ;
; N/A                                     ; None                                                ; -2.425 ns ; inData[22] ; localData[0][22] ; clk      ;
; N/A                                     ; None                                                ; -2.425 ns ; inData[13] ; localData[4][13] ; clk      ;
; N/A                                     ; None                                                ; -2.430 ns ; inData[28] ; localData[0][28] ; clk      ;
; N/A                                     ; None                                                ; -2.436 ns ; inData[31] ; localData[7][31] ; clk      ;
; N/A                                     ; None                                                ; -2.437 ns ; inData[5]  ; localData[2][5]  ; clk      ;
; N/A                                     ; None                                                ; -2.447 ns ; inData[5]  ; localData[7][5]  ; clk      ;
; N/A                                     ; None                                                ; -2.448 ns ; inData[13] ; localData[5][13] ; clk      ;
; N/A                                     ; None                                                ; -2.453 ns ; inData[21] ; localData[5][21] ; clk      ;
; N/A                                     ; None                                                ; -2.459 ns ; inData[28] ; localData[7][28] ; clk      ;
; N/A                                     ; None                                                ; -2.464 ns ; inData[5]  ; localData[6][5]  ; clk      ;
; N/A                                     ; None                                                ; -2.468 ns ; inData[23] ; localData[6][23] ; clk      ;
; N/A                                     ; None                                                ; -2.470 ns ; inData[31] ; localData[1][31] ; clk      ;
; N/A                                     ; None                                                ; -2.483 ns ; inData[22] ; localData[7][22] ; clk      ;
; N/A                                     ; None                                                ; -2.489 ns ; inData[12] ; localData[5][12] ; clk      ;
; N/A                                     ; None                                                ; -2.492 ns ; inData[23] ; localData[0][23] ; clk      ;
; N/A                                     ; None                                                ; -2.494 ns ; inData[0]  ; localData[7][0]  ; clk      ;
; N/A                                     ; None                                                ; -2.501 ns ; inData[28] ; localData[2][28] ; clk      ;
; N/A                                     ; None                                                ; -2.505 ns ; inData[16] ; localData[7][16] ; clk      ;
; N/A                                     ; None                                                ; -2.514 ns ; inData[31] ; localData[0][31] ; clk      ;
; N/A                                     ; None                                                ; -2.517 ns ; inData[2]  ; localData[2][2]  ; clk      ;
; N/A                                     ; None                                                ; -2.526 ns ; inData[3]  ; localData[0][3]  ; clk      ;
; N/A                                     ; None                                                ; -2.528 ns ; inData[23] ; localData[5][23] ; clk      ;
; N/A                                     ; None                                                ; -2.529 ns ; inData[31] ; localData[4][31] ; clk      ;
; N/A                                     ; None                                                ; -2.533 ns ; inData[3]  ; localData[1][3]  ; clk      ;
; N/A                                     ; None                                                ; -2.534 ns ; inData[23] ; localData[7][23] ; clk      ;
; N/A                                     ; None                                                ; -2.546 ns ; inData[11] ; localData[6][11] ; clk      ;
; N/A                                     ; None                                                ; -2.549 ns ; inData[2]  ; localData[4][2]  ; clk      ;
; N/A                                     ; None                                                ; -2.556 ns ; inData[5]  ; localData[5][5]  ; clk      ;
; N/A                                     ; None                                                ; -2.559 ns ; inData[12] ; localData[1][12] ; clk      ;
; N/A                                     ; None                                                ; -2.559 ns ; inData[8]  ; localData[3][8]  ; clk      ;
; N/A                                     ; None                                                ; -2.579 ns ; inData[9]  ; localData[1][9]  ; clk      ;
; N/A                                     ; None                                                ; -2.584 ns ; inData[11] ; localData[2][11] ; clk      ;
; N/A                                     ; None                                                ; -2.587 ns ; inData[29] ; localData[3][29] ; clk      ;
; N/A                                     ; None                                                ; -2.591 ns ; inData[29] ; localData[7][29] ; clk      ;
; N/A                                     ; None                                                ; -2.591 ns ; inData[3]  ; localData[2][3]  ; clk      ;
; N/A                                     ; None                                                ; -2.602 ns ; inData[6]  ; localData[7][6]  ; clk      ;
; N/A                                     ; None                                                ; -2.612 ns ; inData[25] ; localData[3][25] ; clk      ;
; N/A                                     ; None                                                ; -2.615 ns ; inData[4]  ; localData[0][4]  ; clk      ;
; N/A                                     ; None                                                ; -2.618 ns ; inData[25] ; localData[5][25] ; clk      ;
; N/A                                     ; None                                                ; -2.623 ns ; inData[25] ; localData[4][25] ; clk      ;
; N/A                                     ; None                                                ; -2.624 ns ; inData[13] ; localData[0][13] ; clk      ;
; N/A                                     ; None                                                ; -2.631 ns ; inData[3]  ; localData[5][3]  ; clk      ;
; N/A                                     ; None                                                ; -2.635 ns ; inData[25] ; localData[6][25] ; clk      ;
; N/A                                     ; None                                                ; -2.640 ns ; inData[30] ; localData[1][30] ; clk      ;
; N/A                                     ; None                                                ; -2.641 ns ; inData[30] ; localData[4][30] ; clk      ;
; N/A                                     ; None                                                ; -2.646 ns ; inData[25] ; localData[0][25] ; clk      ;
; N/A                                     ; None                                                ; -2.646 ns ; inData[3]  ; localData[4][3]  ; clk      ;
; N/A                                     ; None                                                ; -2.661 ns ; inData[7]  ; localData[1][7]  ; clk      ;
; N/A                                     ; None                                                ; -2.662 ns ; inData[30] ; localData[6][30] ; clk      ;
; N/A                                     ; None                                                ; -2.665 ns ; inData[22] ; localData[1][22] ; clk      ;
; N/A                                     ; None                                                ; -2.667 ns ; inData[4]  ; localData[1][4]  ; clk      ;
; N/A                                     ; None                                                ; -2.668 ns ; inData[30] ; localData[7][30] ; clk      ;
; N/A                                     ; None                                                ; -2.670 ns ; inData[30] ; localData[2][30] ; clk      ;
; N/A                                     ; None                                                ; -2.674 ns ; inData[21] ; localData[0][21] ; clk      ;
; N/A                                     ; None                                                ; -2.677 ns ; inData[7]  ; localData[3][7]  ; clk      ;
; N/A                                     ; None                                                ; -2.686 ns ; inData[21] ; localData[6][21] ; clk      ;
; N/A                                     ; None                                                ; -2.691 ns ; inData[12] ; localData[4][12] ; clk      ;
; N/A                                     ; None                                                ; -2.693 ns ; inData[31] ; localData[6][31] ; clk      ;
; N/A                                     ; None                                                ; -2.699 ns ; inData[23] ; localData[4][23] ; clk      ;
; N/A                                     ; None                                                ; -2.700 ns ; inData[4]  ; localData[7][4]  ; clk      ;
; N/A                                     ; None                                                ; -2.702 ns ; inData[9]  ; localData[2][9]  ; clk      ;
; N/A                                     ; None                                                ; -2.702 ns ; inData[8]  ; localData[6][8]  ; clk      ;
; N/A                                     ; None                                                ; -2.702 ns ; inData[4]  ; localData[2][4]  ; clk      ;
; N/A                                     ; None                                                ; -2.703 ns ; inData[31] ; localData[2][31] ; clk      ;
; N/A                                     ; None                                                ; -2.703 ns ; inData[22] ; localData[3][22] ; clk      ;
; N/A                                     ; None                                                ; -2.703 ns ; inData[21] ; localData[1][21] ; clk      ;
; N/A                                     ; None                                                ; -2.712 ns ; inData[12] ; localData[3][12] ; clk      ;
; N/A                                     ; None                                                ; -2.715 ns ; inData[23] ; localData[1][23] ; clk      ;
; N/A                                     ; None                                                ; -2.717 ns ; inData[4]  ; localData[4][4]  ; clk      ;
; N/A                                     ; None                                                ; -2.721 ns ; inData[16] ; localData[5][16] ; clk      ;
; N/A                                     ; None                                                ; -2.728 ns ; inData[28] ; localData[6][28] ; clk      ;
; N/A                                     ; None                                                ; -2.738 ns ; inData[10] ; localData[3][10] ; clk      ;
; Timing analysis restricted to 200 rows. ; To change the limit use Settings (Assignments menu) ;           ;            ;                  ;          ;
+-----------------------------------------+-----------------------------------------------------+-----------+------------+------------------+----------+


+--------------------------+
; Timing Analyzer Messages ;
+--------------------------+
Info: *******************************************************************
Info: Running Quartus II Timing Analyzer
    Info: Version 5.0 Build 148 04/26/2005 SJ Full Version
    Info: Processing started: Sun Mar 27 09:55:13 2022
Info: Command: quartus_tan --read_settings_files=off --write_settings_files=off insert_sort -c insert_sort --timing_analysis_only
Warning: Found pins functioning as undefined clocks and/or memory enables
    Info: Assuming node "clk" is an undefined clock
Info: Clock "clk" has Internal fmax of 60.84 MHz between source register "j[0]" and destination register "localData[2][29]" (period= 16.437 ns)
    Info: + Longest register to register delay is 16.298 ns
        Info: 1: + IC(0.000 ns) + CELL(0.000 ns) = 0.000 ns; Loc. = LC_X29_Y26_N4; Fanout = 84; REG Node = 'j[0]'
        Info: 2: + IC(2.127 ns) + CELL(0.183 ns) = 2.310 ns; Loc. = LC_X24_Y26_N1; Fanout = 96; COMB Node = 'add~2331'
        Info: 3: + IC(4.119 ns) + CELL(0.183 ns) = 6.612 ns; Loc. = LC_X17_Y21_N9; Fanout = 1; COMB Node = 'Mux~2920'
        Info: 4: + IC(0.307 ns) + CELL(0.280 ns) = 7.199 ns; Loc. = LC_X17_Y21_N4; Fanout = 1; COMB Node = 'Mux~2921'
        Info: 5: + IC(0.332 ns) + CELL(0.366 ns) = 7.897 ns; Loc. = LC_X17_Y21_N7; Fanout = 10; COMB Node = 'Mux~2924'
        Info: 6: + IC(2.280 ns) + CELL(0.443 ns) = 10.620 ns; Loc. = LC_X22_Y24_N2; Fanout = 1; COMB Node = 'LessThan~1111'
        Info: 7: + IC(0.000 ns) + CELL(0.058 ns) = 10.678 ns; Loc. = LC_X22_Y24_N3; Fanout = 1; COMB Node = 'LessThan~1106'
        Info: 8: + IC(0.000 ns) + CELL(0.130 ns) = 10.808 ns; Loc. = LC_X22_Y24_N4; Fanout = 1; COMB Node = 'LessThan~1101'
        Info: 9: + IC(0.000 ns) + CELL(0.449 ns) = 11.257 ns; Loc. = LC_X22_Y24_N5; Fanout = 2; COMB Node = 'LessThan~1094'
        Info: 10: + IC(0.521 ns) + CELL(0.075 ns) = 11.853 ns; Loc. = LC_X22_Y24_N9; Fanout = 9; COMB Node = 'localData[0][20]~4296'
        Info: 11: + IC(0.871 ns) + CELL(0.280 ns) = 13.004 ns; Loc. = LC_X23_Y24_N2; Fanout = 32; COMB Node = 'localData[2][0]~4306'
        Info: 12: + IC(2.589 ns) + CELL(0.705 ns) = 16.298 ns; Loc. = LC_X18_Y20_N4; Fanout = 3; REG Node = 'localData[2][29]'
        Info: Total cell delay = 3.152 ns ( 19.34 % )
        Info: Total interconnect delay = 13.146 ns ( 80.66 % )
    Info: - Smallest clock skew is 0.027 ns
        Info: + Shortest clock path from clock "clk" to destination register is 2.826 ns
            Info: 1: + IC(0.000 ns) + CELL(0.725 ns) = 0.725 ns; Loc. = PIN_L2; Fanout = 356; CLK Node = 'clk'
            Info: 2: + IC(1.559 ns) + CELL(0.542 ns) = 2.826 ns; Loc. = LC_X18_Y20_N4; Fanout = 3; REG Node = 'localData[2][29]'
            Info: Total cell delay = 1.267 ns ( 44.83 % )
            Info: Total interconnect delay = 1.559 ns ( 55.17 % )
        Info: - Longest clock path from clock "clk" to source register is 2.799 ns
            Info: 1: + IC(0.000 ns) + CELL(0.725 ns) = 0.725 ns; Loc. = PIN_L2; Fanout = 356; CLK Node = 'clk'
            Info: 2: + IC(1.532 ns) + CELL(0.542 ns) = 2.799 ns; Loc. = LC_X29_Y26_N4; Fanout = 84; REG Node = 'j[0]'
            Info: Total cell delay = 1.267 ns ( 45.27 % )
            Info: Total interconnect delay = 1.532 ns ( 54.73 % )
    Info: + Micro clock to output delay of source is 0.156 ns
    Info: + Micro setup delay of destination is 0.010 ns
Info: tsu for register "localData[2][26]" (data pin = "start", clock pin = "clk") is 7.750 ns
    Info: + Longest pin to register delay is 10.566 ns
        Info: 1: + IC(0.000 ns) + CELL(1.087 ns) = 1.087 ns; Loc. = PIN_J9; Fanout = 11; PIN Node = 'start'
        Info: 2: + IC(4.799 ns) + CELL(0.183 ns) = 6.069 ns; Loc. = LC_X24_Y24_N4; Fanout = 40; COMB Node = 'outData[28]~2032'
        Info: 3: + IC(0.837 ns) + CELL(0.366 ns) = 7.272 ns; Loc. = LC_X23_Y24_N2; Fanout = 32; COMB Node = 'localData[2][0]~4306'
        Info: 4: + IC(2.589 ns) + CELL(0.705 ns) = 10.566 ns; Loc. = LC_X18_Y20_N8; Fanout = 3; REG Node = 'localData[2][26]'
        Info: Total cell delay = 2.341 ns ( 22.16 % )
        Info: Total interconnect delay = 8.225 ns ( 77.84 % )
    Info: + Micro setup delay of destination is 0.010 ns
    Info: - Shortest clock path from clock "clk" to destination register is 2.826 ns
        Info: 1: + IC(0.000 ns) + CELL(0.725 ns) = 0.725 ns; Loc. = PIN_L2; Fanout = 356; CLK Node = 'clk'
        Info: 2: + IC(1.559 ns) + CELL(0.542 ns) = 2.826 ns; Loc. = LC_X18_Y20_N8; Fanout = 3; REG Node = 'localData[2][26]'
        Info: Total cell delay = 1.267 ns ( 44.83 % )
        Info: Total interconnect delay = 1.559 ns ( 55.17 % )
Info: tco from clock "clk" to destination pin "outData[3]" through register "outData[3]~reg0" is 8.201 ns
    Info: + Longest clock path from clock "clk" to source register is 2.823 ns
        Info: 1: + IC(0.000 ns) + CELL(0.725 ns) = 0.725 ns; Loc. = PIN_L2; Fanout = 356; CLK Node = 'clk'
        Info: 2: + IC(1.556 ns) + CELL(0.542 ns) = 2.823 ns; Loc. = LC_X24_Y21_N4; Fanout = 1; REG Node = 'outData[3]~reg0'
        Info: Total cell delay = 1.267 ns ( 44.88 % )
        Info: Total interconnect delay = 1.556 ns ( 55.12 % )
    Info: + Micro clock to output delay of source is 0.156 ns
    Info: + Longest register to pin delay is 5.222 ns
        Info: 1: + IC(0.000 ns) + CELL(0.000 ns) = 0.000 ns; Loc. = LC_X24_Y21_N4; Fanout = 1; REG Node = 'outData[3]~reg0'
        Info: 2: + IC(2.535 ns) + CELL(2.687 ns) = 5.222 ns; Loc. = PIN_AB12; Fanout = 0; PIN Node = 'outData[3]'
        Info: Total cell delay = 2.687 ns ( 51.46 % )
        Info: Total interconnect delay = 2.535 ns ( 48.54 % )
Info: th for register "localData[6][15]" (data pin = "inData[15]", clock pin = "clk") is -1.952 ns
    Info: + Longest clock path from clock "clk" to destination register is 2.841 ns
        Info: 1: + IC(0.000 ns) + CELL(0.725 ns) = 0.725 ns; Loc. = PIN_L2; Fanout = 356; CLK Node = 'clk'
        Info: 2: + IC(1.574 ns) + CELL(0.542 ns) = 2.841 ns; Loc. = LC_X21_Y29_N9; Fanout = 3; REG Node = 'localData[6][15]'
        Info: Total cell delay = 1.267 ns ( 44.60 % )
        Info: Total interconnect delay = 1.574 ns ( 55.40 % )
    Info: + Micro hold delay of destination is 0.100 ns
    Info: - Shortest pin to register delay is 4.893 ns
        Info: 1: + IC(0.000 ns) + CELL(0.972 ns) = 0.972 ns; Loc. = PIN_B14; Fanout = 8; PIN Node = 'inData[15]'
        Info: 2: + IC(3.836 ns) + CELL(0.085 ns) = 4.893 ns; Loc. = LC_X21_Y29_N9; Fanout = 3; REG Node = 'localData[6][15]'
        Info: Total cell delay = 1.057 ns ( 21.60 % )
        Info: Total interconnect delay = 3.836 ns ( 78.40 % )
Info: Quartus II Timing Analyzer was successful. 0 errors, 1 warning
    Info: Processing ended: Sun Mar 27 09:55:15 2022
    Info: Elapsed time: 00:00:02


